9923775736
8007005398
7250491235
8108480108
7524908098
9819622496
9664514313
8898944243
7666265754
9326682907
8850273724
9221023352
9769648796
8452020745
9224614754
9594268362
9076723695
8369963881
7021143654
8369462518
9967787006
9867409948
6290184930
8291352636
8108881050
9555479971
9930507914
9323459631
8356841160
8809833372
9546494431
8052264177
9892086129
7715946262
9833731924
8554826824
9702288672
7715925252
7715899929
8976569668
6386684112
7039903897
7255998211
7666488850
9022110333
8291372762
9833876781
9319138223
8828475581
9129707574
8433741757
9351249139
8451876786
7738306733
7021692435
9819977690
9920038552
9987058715
9819171398
9137822038
9324686787
9930664947
9820508546
7905365347
8779392783
9619246560
9870242065
8104316752
9867892135
9892402739
8898226528
8691968164
7039707230
9325281649
9004110645
8898492694
8652093758
9820931585
8767990523
9819584682
8062689310
7021559154
8291070650
9821136186
8071681822
9996601918
8591438338
8999498507
9920192599
8286808080
8071683220
9969680264
8047946992
8976440375
8425050484
9920577591
7738670114
7506018650
9821871708
8779861094
7304070684
7400268536
8149535411
9004245340
9324699679
7738664877
9167111650
9867385676
8452875306
9167111659
7702608040
9130046531
9920215403
9930013879
8291380720
9619110789
2227550809
9819122200
7506607835
8657230075
8655919685
8591565118
8948749329
9565883206
8657352601
9920888787
9721975756
7499137700
7045671515
7668663590
7208993333
9082669986
7238847398
7668083237
7668578409
7668574878
9323666536
6391469466
7668049685
6390692105
7668443411
8169287230
9029661150
9892249914
8055551465
7709131132
8793337584
9975782060
7249891229
9860309242
7083253334
8788180067
9960355014
9922358370
7971390243
9136991706
9501660166
9881240422
9763578912
7020777429
9922511766
9112057067
8308502812
9595983088
8291525697
9764402125
8806644335
7057601732
9321387583
9619924979
8779694303
9987081123
9930110823
9833226424
9619998080
8369453438
6307332407
8850454252
8980638093
9819119692
7021678354
9930252222
9323859703
9702019799
8108168080
8591197513
9594131391
9022415247
9833257766
7304411744
8080757579
7800231306
9022441666
8779600523
8488827722
9699913386
9819150491
8080382838
7715880114
9990969598
9821414718
9819995533
7275464556
9172881111
8080214747
9324683484
9769730083
9881381010
8422912211
8928459616
9004563596
9930943035
8779897496
7021628270
7021454721
9867468795
9594818838
8356003983
7039496705
9324718712
8268586861
9323298541
8591584960
9702241234
9833194193
9222222588
8850370280
7021931630
9892193506
7084835724
8928799599
9820708545
8850384499
8080605001
9649120516
9320425313
8112640615
9082309024
7977922696
8898756388
9594520113
2250500555
9930524153
9769536571
2249716595
9584856455
8108124507
7021543632
8080702284
7021919265
9004919828
9870386582
9820282980
9769511309
9702099968
9372892311
7666691115
7303333728
7710035644
9221259339
9224516897
9768077849
7021407598
9029395683
9167865022
9167757771
9222601092
9702823269
7738430902
9004110915
9820721788
9326646527
7021194069
9819665138
7777885564
9833451790
8291722722
8424045389
9967953295
8308931289
8104044647
8879083708
9653209622
9137575896
8451977984
9082171577
7710062515
8291957991
8355964032
9920154004
9920520062
8655093530
9699934252
9137287367
9152071521
9082955618
9326101718
7039072202
9137821467
9992757771
9892925154
9324140953
8824864055
9769484342
9982916378
2227721717
9930700906
2269604445
9076116296
8591742820
9996161202
8282827326
8828658976
9137606351
8268004704
9930717173
9616180475
9892103183
9987410847
9821613127
6375284274
9594889437
9967922477
8108680918
7021495344
9922643691
8668728788
9820257947
7039390701
9699999590
9555087196
9323420569
7808015529
8791194998
9324333337
8767325500
9082576658
9137150140
7021937117
7977091220
8108065703
7506134995
7666653344
9167426774
9004001385
7718801040
9323567537
8419941177
9702242603
8433646482
7021328686
9326560391
8169767651
7304239045
8655557070
9322991234
7039343817
8369155791
7506152666
8655870555
7045445495
8446022272
8828110490
9326262910
7506849295
9137573481
7738566036
8655504111
8369212122
9324010112
9372708977
9920541416
9518557643
9082795563
8691818481
9892710054
8369251112
8779404220
9920894990
9270049549
2146135758
8369645169
9967033195
9820196654
8080099200
8454860180
7045224232
9819825363
8108266957
8779816244
9819220025
8355943817
8976171333
9833266178
9619849012
7738415492
8929996900
8080607170
9372215668
8885553085
9324499613
8929816080
9967285374
9372548045
9004480375
8591412814
2261560304
9137421926
8888054482
9373316969
8282825584
9022321112
9152755529
7039079951
9082366465
8692842333
7045050900
8097241216
8779911627
9152191510
9833697550
9619677020
7400743535
9702239858
8898018668
8169947399
9969664354
7666681422
9920206602
8655510444
8698733671
9699983984
9892346012
7039812604
8104567660
9090434376
7400341574
9664321648
8451928772
9022834900
7039178033
8130462224
8779686553
9820024594
8108107646
7400226221
8097475829
9869310007
9820472221
8691869180
9324719992
9892159902
8291164194
8108962903
8169040864
9820809898
7977797287
8446006506
8698748699
9930117788
7738180372
9920232025
9987927068
7738819711
7666451880
8898394089
9833449696
8850114636
9326200738
9821144621
8369224622
9967040186
2227780272
9029559550
9833074070
9773353825
9867520007
9833555522
8854958858
2227780040
9819277492
8879889809
8779561859
7977404723
9099039845
8652362400
7208567804
9290334441
9987805688
9137460561
9892748971
7987497838
8879552070
9579862371
8928627104
9082272678
9029085815
9137164494
9699925003
7208165260
8080850860
9324849493
9870792964
2241222251
8686203032
9152870941
2235115358
9768621812
2245251000
8854994695
2227810808
8691025921
9082572832
2267687872
9763804442
2262596124
7400064692
8424034844
8082100008
2269111800
7400332999
7837833590
8425846202
7678000695
7838539559
8104983882
2245039158
8108103515
7028370006
2227655577
8655015955
8591939767
9930046664
9324402299
9820133303
8591291054
2246040765
7905809105
8080106666
2249744436
2227781895
2227562898
9987868568
9967871021
8976600674
8104086709
8104211934
9833908079
9702704692
9867757403
2241270170
8286032233
2227742003
2227782895
9029929988
7021649439
8369928803
2249692309
9136643664
9167934967
9769098183
7304217749
2241842000
9833046475
2227831000
9892148789
8879000768
7506907113
8655553838
8655557730
8070090222
8976886881
2261122400
8433561656
2241279471
2230001700
9773075597
8433994409
9004956593
7706440686
9930259767
9167215693
8652658555
2241518700
2235000715
2242150224
2227781456
2250400300
2241277333
9820025830
8108069393
7738889788
2261656363
8075449520
9653223105
8355889961
7978416108
8169754483
8097780966
7208062302
7045097450
9820435736
2240127817
8369426565
9607584765
9820285263
7506722025
8369123572
9513262822
9167263576
9321253357
8655849611
9082807126
2249646060
2227783300
8879038139
8169080735
9971731257
9987451093
9321883486
9930083683
9920161601
9769436996
9322910555
8369491623
9324154970
8035260741
9021779995
2227898551
2227840525
2241561111
9555599299
9892049315
2227898372
9892210804
8108307777
8879504611
8452043789
2267687800
9833967010
9022030872
9137726591
8299131292
9403891211
8655576888
8008897896
8104803724
9619692916
9867447323
7390917055
8355901979
9702038330
7738688718
9920039128
8369459586
9082295067
9764669003
8450920435
2246187682
9987182792
9594293466
9082458900
9136422571
8879025425
9920991500
7738776787
9503295927
9819988640
9769740453
8928896428
9833701407
8149779758
9004445508
8454952416
8104962904
8452839799
8976406245
8898222716
8828083953
7977108551
9152083341
8976391307
9082403356
9136214146
8879230751
2267912555
8169832480
9136095035
9653149289
9930939553
9022929200
9769748281
8425814017
8561908561
9892225374
8369569419
9619487093
8652658381
8097142828
2246035845
9223331772
4158401221
4042030700
7028855888
7767088055
9769672212
4422540777
9082900300
9619341713
2240139380
7718015489
9136108462
9004823333
8282829795
8976904301
8035928961
8962626276
9028760987
9820400339
2268358900
8369797669
2267852300
2266739952
7666737000
9819564588
9029533342
9769928342
9594050525
8355952059
9137394778
9004517158
2267226200
2227782822
9029066929
7738449264
8099777755
9324259477
9022137010
8976859825
9372435654
8097625602
8591457610
8369922604
2245133202
9137844672
9920116645
9833238882
2227782401
9324227646
8779554737
2227841010
8898260255
9892835206
2269199999
2227814721
8850613214
9820520177
2262863333
9819982099
9819690649
9769061702
9867191922
9594160160
8369761080
2226263251
9819983130
8828065635
8033203333
8871830420
8591934281
2249743650
2249603355
2227771000
9866679090
7087738773
8452095582
2227787777
9920599105
2261148181
2246034520
7304442377
9987110593
8830165521
8828224247
7021479126
9920970303
9820150527
8108640506
8779236682
7045518424
8425016980
2235112892
2227782383
9167393911
8454065058
8655098447
7028026600
9324522206
8010805667
9892622696
9652706882
7738277389
9619000123
8003234424
8898449104
9920418158
9167227634
8291975333
8828264417
2249245301
8779930875
8432003083
9167017675
2267912954
2233655151
2249720348
7777075396
9702453548
8655026094
8693009902
8927002700
8879423112
8828310311
2267734100
9004779475
8454844724
9004607067
8097073003
2512444800
9619025861
9167634280
9833195812
2227820641
2241298839
9699789777
8655606190
9867967353
1123711643
9892763507
9560011782
8097555522
2269075151
9870245818
9372582407
2249147800
2227630003
9987012568
9594808451
2261050100
9029010203
8108170812
8097208077
8080126356
8104929270
8956259019
9821037663
9137336125
7506311466
9768828078
9819498500
2026053003
9967705706
2267380901
8037628324
9833224747
8452806621
9867114383
9820828362
8080906088
7756925492
7777016824
9819327311
9090509190
9594147146
2268511222
2249751110
2227703913
2227576677
9987035915
2267606760
2249701393
2261340340
9920996021
2269591713
2241288200
8108421781
2240413131
8291631145
2240508200
8879818916
9323332435
2267619100
7697712345
9820148931
8928462654
2261380600
8928692210
8047532642
9769293059
8433935124
2227782818
9833900990
9560037693
9833691513
7090078007
9004468458
8097630474
9404728288
8828973573
9222966631
9029509904
9821950999
2227566072
9768180229
9920666489
9773553292
7558479862
7678020119
8669807450
8591655887
9819810100
8108058758
9167333143
7304858533
9004507050
9820926738
8433966103
8070900800
9702247721
9324488171
9221797858
9819579999
9920316007
8976112786
8450900098
9321367878
9833984121
9967989393
8080412412
7208235745
9867888044
9146109422
9987253536
9987388503
7718037442
6352032626
7045222199
9768728337
9323237492
8104753788
8108992999
9819881346
9987582513
9768684808
9820463881
9892183548
9920627370
9574124839
8286564005
9930919103
9930636933
7021797171
9920356925
9920604041
8976207171
7021982577
7045992904
9969355309
9561727603
9321462923
9004783899
9819224263
9167406168
9226864368
9702821963
8369443183
8451937493
7666520685
8356979917
7070191972
7777095487
9702344556
9321779955
8369792752
9619397892
7304626180
9321147760
8692859999
9136972857
8286686632
9221721330
9594113111
9867065336
9766837055
9967509792
9321747542
9820357559
7021861170
7045352810
8800139944
9821144889
9004346587
7977023425
7977713736
9892537675
7021969180
8296666111
9664400472
9850853088
8369925676
8779070276
9167968665
9692450049
9137852254
9819008950
9619433884
8652679211
8929781521
9004958032
9664619348
7400293343
8369542912
7710811464
9892737298
7039355398
9921996800
8047181640
9833106520
9321581696
9004229269
8425850058
9892771811
8879348347
9372879741
9136086424
9987073291
9920044798
8425865060
7738382868
9284463597
9769767600
9819537735
9619312370
8796453233
9224253500
9920110440
9892726605
9870314168
8369161088
9324084684
7400304888
8779176461
9321001465
9065338366
9702427654
7770003037
8097082288
9833703592
9833955681
8953773311
9987885955
9867805765
8097573534
9967843601
8104427031
9930277516
9324496600
8108480373
9768869578
9833911784
9833167092
9768129511
9768161191
9867490960
8117825916
9370020171
7279994999
9702626083
2244805470
9082617172
9930127746
9870886261
8850120018
8286382014
9860853185
7710839456
8850620816
9967646055
8850022554
9082559607
9821028550
9136340569
9819703242
9324348185
9867150714
7710929997
9821649773
9372799275
7276090913
9320442754
9152667380
9769534548
7400422125
9987261181
8108216845
9833986741
7021770517
8779224592
9673565133
8879973448
9820978202
7304565669
9867707990
9892382142
9769514333
9920172327
8850447887
9044445725
7710013217
9137941531
7304791944
7506701542
9513170855
9137395192
9867206412
7506506557
9320597489
7304920672
9820588082
8928659569
2269210000
9702430873
9779812433
9320352352
8655789716
9322239424
9322820652
8828000501
9321708663
7718898821
8369321897
2235625400
7045871987
9922122974
8551047979
8160041541
9372639865
9323222335
9820686336
9820868131
7039312215
7021999255
8898061280
9833614931
9823254771
9958405802
7021402022
9930941534
9372988328
9867581269
9820683763
9930653355
9029023090
9833104231
8789950581
9324297267
9892372472
2227522404
7304399220
8169232775
9619407555
7678001771
9892848570
7900031593
8976722977
9990442513
8779711660
9594414178
8108440222
9136786296
9892941903
9082023399
8591608824
8779672100
8928115003
9137479705
7506015206
9323241007
9326295928
8976813550
9892176537
7666660678
9146482620
9867334666
9594941056
9967488579
9967046842
8080203020
8454965569
9021264322
7718031972
9029012341
9892111088
8080015551
9967386890
8080807540
9222339066
7900004047
9820986629
9029532556
8450918790
9920545474
8082211343
9702346653
7738744023
8369979877
9167002223
7738120148
9022768209
7977425480
8928799556
9820003760
9833186979
9224637150
9892607776
9619614151
9224347757
7045225599
9773463445
2246003139
7021610308
9137739820
9820578189
9637716975
9819871522
9867590111
9867242915
9324260400
9930877368
9004075958
7304476033
9870551495
9820131331
7715938097
8669016952
7700088646
9621552122
9653299928
8433557123
9769516133
8779883132
9699818929
8850995576
9867427259
9930744007
7506029081
9702324208
9969987095
8879764125
9768859877
8591073959
9653079352
9403870075
9321260579
9920778802
9664982216
8369316524
8104726039
9082645877
9152052960
7611144000
8779622251
7030340033
9136945572
9769924247
9892816683
8108094164
7977382051
7400421007
8850094861
7039558311
8422885044
9137576434
9820394409
9137594545
9820837608
9637399123
9769643898
9167008428
9833066055
9867131830
9619055472
8779758443
2227834500
9731612649
7425812015
9323809658
8898916959
9820392679
7738686455
9930311998
9029840819
9892499083
9167344159
9090383820
9867339530
9820932204
9967517915
9967796554
7977415896
9833688573
9892710493
9867635759
8080802004
9867193398
9820113319
7021556466
8815823009
9969161700
9930921516
8097644532
7039392850
9082111878
7428912220
9619694679
9833865567
8879741987
8618976974
7977906118
9702911946
8369637656
9819426404
7303530367
9967494050
9321594939
8078470950
7506245848
7277760924
9821009569
9004900204
9769295930
9930510848
8082002808
8104950055
8850327218
7208372630
9167189205
9619736853
9769198493
9324373246
9594500747
9769483370
9653176058
9323082214
9326614814
9987219959
8169247037
9821433962
9167414620
9664026026
9967670865
9892021367
7977837748
8104218859
7021977027
9967515860
8519824500
9820097251
8647887777
7506151341
9833222136
7304607954
8850953030
9920867777
8850109044
9820043989
7718901119
7977028395
9820077018
9768490733
8422050386
9768112648
2225778989
8080011748
9987529555
2232946646
7700092975
8037782639
8094750211
7738204706
8369731906
9820744208
9869358426
7715041119
9967818431
8879698175
8779833681
8850526560
7039225964
7505453067
7738375326
8369020799
7303150296
9619178267
7021252875
7020683306
7030747610
8291707263
9321392535
8828880321
9987969557
7669487117
9076247882
9321856492
9594393000
8779795277
9167377501
9082797847
2227881497
8356077291
7045457181
7506640128
7021224368
9820663630
9820390865
9773515168
9702390571
9082375792
8850738452
7710062233
9653607007
8291199119
8329802084
8655303907
8037907742
9833538053
9029766703
9920083333
7400491111
9619200211
8104940446
7710863916
9892036822
7900193686
8591604287
9987205685
9860402610
9769340877
9930785559
9769637731
9867609291
9920685058
9892659291
7888815252
7977077905
8888118865
9773599158
8805580423
9137288105
9170966616
9029495152
7208071696
7507999555
9702070155
9167482854
9653425948
7208618889
8850492272
9987077727
9892031305
8972857852
9223297018
9322344887
9870951516
9136535193
9322904376
7984960730
7045615222
9004064300
9004491160
9321877715
8976523463
9920208217
9321823671
8062972766
8082795348
9323405757
9930551458
9167234143
7506241122
9767398194
9699321205
9819234011
9833676627
9920991584
7021231689
9768816296
9820415060
9653316177
8369978532
6746649196
8591126927
7304483530
8600142241
9167242525
9022506996
7718931909
7021633660
9324930933
7021133001
9834184396
9082138688
8108898404
9819925852
8779491528
9167668669
7977619543
9768418989
8286133957
7039251338
9930551505
7030871303
8068507599
9082778332
9324179175
8108008844
9004104433
9146059915
8080080997
9833857855
8097415247
8828000505
9820780300
7045508488
7738333967
9930438812
9769400620
8928312379
8591282742
9867170380
8452954848
8929421308
8850145770
9769883360
9137464261
9167000877
9321283079
8655418913
8879239044
9867519310
8104882203
9321398773
7208723179
9833666622
8108836391
9137647501
8433589999
9619192959
8591861745
9967751926
7738027415
8169283027
8828433493
8828867082
8928444854
9930317367
9702872877
9004999948
9870636408
7977712564
9769455101
8149762643
9594291515
8070057451
2247473747
9819821212
8655328660
9240299623
8887618251
8655085541
9699670012
7499786044
9867244585
7738562787
8652101061
8779449100
9819824773
8291665555
9930136524
9323592398
7021457297
8999306627
8097302413
8850268525
9869166157
9137830985
8983003206
9619909720
9819585528
2269553674
9833663535
9326606683
9152566566
9702452857
9819334574
8048851037
9321748643
7738301666
8037839958
8037840109
7400169631
9821557088
2249398213
7738139306
2248965979
2246180389
7718863991
8879566566
9152155572
2246180337
2248965924
8071371359
9372481407
7045623412
2246180438
2248965930
2269553676
9082195095
9323279296
8983417765
9867802089
9320776611
7021959107
9930381413
7400012818
2262820555
9821994046
9920705501
7021892119
9870183414
9004460650
9821242179
7506636260
9833210405
8104895779
9869354698
8482850122
9619344305
8291870287
9892187619
9820095792
8779110823
7304826455
9223374535
9819660630
9221533716
8779724568
7080802077
8448993013
9820777498
8104801103
8591066239
9820217877
7718800801
2227891080
8369661790
9920352543
8452057870
9769970524
8693040704
9757182121
9769096983
9372403623
9222919171
9820312265
7500558686
9324577798
9820227899
8692885354
9355302514
9702200422
9769779555
9768888890
9152307030
9930365001
9319926699
8898999969
9004767383
8046984339
7021224817
7506511271
9967263225
9323759952
8484079141
8356096363
9819099519
7718915800
9821267419
9167410505
9833120361
9819489540
9137849034
9969420744
9833661747
9221859576
7678061212
9892731007
9987190511
9322001110
9867687104
8779539159
9022650656
9152489198
8655022022
9699886969
9976403555
7666282328
8369192882
9588435232
9987282328
8071989046
8097095557
8691047720
8169483830
7303597702
7774812632
9820825308
8169229631
7218165711
7021003015
8879883399
8828275209
9004300450
9324699785
9223375575
8108443379
7718992761
9137262155
7304206081
9167471410
7897890579
8898300680
7044446449
8422878727
8652817613
8037908388
8291284932
7324900682
9833444894
9594419920
8268865642
9892345775
9819234821
7045690586
2227751930
9867824917
8169528822
9769908587
9867419212
8898848867
9223287825
8369080263
9819055871
9930087353
8693063617
9892452006
9930304509
8828808666
7021971112
8097912388
9820462654
8898891718
9769152288
9820694446
9029174848
9082252403
9867789703
8369861580
8779329790
7900062444
9224233668
8779824534
9664734254
9819658143
9920555045
9820693292
8181070737
9323975488
9076252555
9619432287
8879707048
7021519501
9702440024
9892458855
8104021361
8398970970
7039636691
9892453876
9820164104
8233549889
9920539360
9815449654
6000084747
8591948464
9321805935
9699191988
7666727999
8879930716
9152963385
7400072829
7021237693
9137061565
9076060391
7977389145
9082353589
9137812344
9819777986
9769612055
9920964200
9224304669
9594982706
9326713480
9869046797
9969265670
9619188552
9820963628
6389805390
7836066066
6300063449
9022115005
9146697850
8928618238
7977064683
9336191353
9833625881
9769789847
9867492700
9619119724
9892362232
9867062179
8652364904
9892619090
9769769653
7277277275
9821832683
8898503933
8652182420
7869006283
7977911600
9322949820
9967044547
9773295357
9967151916
9004000625
8898144750
7208423208
7208353426
9082851517
2249249739
7738758147
8879128847
9867855184
2227894341
9819428326
9769201316
9920046700
9833898213
9004955016
9324264948
8898614410
7977406915
9029331488
8879368055
8419995696
8169393954
7710003375
9769478473
9324247744
9821231223
9999266246
9373644442
8689999352
9370644445
8169624530
9769244445
9321216333
9167243834
8108104851
9820309919
9022990990
7208019100
9320076333
9323586423
8448449099
9372841234
7304421238
9820355826
9820108200
8655522228
2261214949
9819981141
2227771800
8002682891
9029939235
8286381111
9768991515
9920577792
9987932477
2249856800
8097929454
9820175633
2227543563
7400461985
9029286809
9967605562
8655774698
7710021312
9422105981
2267912236
9326577793
9819531925
7021106920
2268327192
8591163590
7666897415
9930001916
9004045634
8169642494
2268170001
6201379092
1206852143
8104315897
8828838675
9930365555
8693032757
9167911715
9324853559
8002661515
2227782070
9820008179
9321917009
2227812209
9137511786
7977536033
9372966511
9953077033
9920252857
9975390894
2242526200
7777023162
8308095154
2249695194
9029181690
8070300600
9082158597
9619833347
2227709920
2227565313
9768133447
9930020799
8104596504
9321525471
7208460180
8692904333
9833802220
8169473340
9152903174
8693859848
8591228340
8828422213
9833517542
9323176567
7691036910
8669405656
2242123123
9938530368
7977741332
2239221133
9289276444
2245177069
8433835867
8591563145
2243489970
7982086671
8004198800
8928664093
8080803153
9920138747
9920158351
7900127844
2267124000
8104312201
2265672555
2227805560
9324500468
2261391414
8879089363
9773977355
9096317081
8062358946
7506320022
9810012345
9867880890
9820773803
9137247132
8108656990
8369065456
9323503830
9819410453
8850095460
9773573126
9769241709
9920201021
8928556401
9833732163
8108925619
9833622231
9768821174
9136899679
9833660743
8691022679
8104672376
8591986471
9833911991
7506010027
9082391945
8071496484
7942762298
8037001622
9833819191
7506811103
9892691679
9768187224
8071497400
9768328237
7947460667
9004613474
8002121212
2262346234
8071888371
2227830160
8071496187
2241847500
7412079619
8976954189
7942760832
7045690683
9920341878
7021089870
9821265766
8108741737
9892924341
7977247980
7470055530
9731034864
8451045033
8286766925
2249705947
9322211222
8779849725
8080414425
2240953636
2245154577
9220520777
9925019518
9769519995
7710903291
9601849463
9987796419
9699154877
9820723237
9819863058
9372489055
9987944989
9076330033
8291071071
8850013230
8108433334
8002684040
9619506094
8268266725
9082544322
9821412594
7021503512
9773112128
7304084829
8971243186
9222919222
9320015304
9783105319
9769757697
8268886988
7506173496
7208691306
8584858480
9987503587
2227810107
9022107700
8433789752
7045965768
8928186862
8104503217
9867875787
8591671196
9599782182
9029239848
8169038120
9920776858
7738477700
9167202204
8976600500
7272844447
7794929614
7066316633
7045752807
2249390303
9673844144
7021769114
8530506839
8082232709
9967947377
9588872471
8767202096
9896459492
8879661881
9004249262
8591609885
9867529803
9967520006
8652092650
2227572960
9768006860
2242377000
9699954232
8898445344
9125020311
9320793208
9869101785
8655411660
9323386655
9920408973
9702440761
8369945969
8928611944
8591301516
9920957090
8692902006
7021883829
9324152038
8652261906
9320066657
9967285593
7039364770
9867814357
8655878503
9869403077
9920948755
9594443311
8689892255
8850037129
8879595016
9773748797
8655633885
9833032084
8879552457
9619490812
9619189543
8169794416
9769259588
9594594463
9082229760
9892150828
9029698772
9987377338
7039165705
9594157571
9321313341
8655821098
8390799799
9930952012
8002122212
9082500310
9930269167
9309226943
9309904625
8108608201
9004088331
7057955512
2226834555
9372923132
9702486870
8452996784
9819399797
9736003003
8850027326
9820410575
7738004609
9324245100
9152151180
8898072101
8104979081
9699666879
9324637726
9076440652
9564585952
8828800200
9004970655
9350381926
9152787220
7678034353
7506633893
7400454748
8104767006
8080580801
8976284873
9834300164
9967735089
9594333344
9689274776
9930110235
9820599412
7400475885
9769807770
9428147610
8108587777
8928797585
9920080802
9619997939
8850056363
7045905311
9794174089
7677250250
9820745252
9004499547
8655957895
9820774446
9987873833
9867926976
8369422558
9867411238
9819465574
8779670366
8668486821
8850209650
9323002244
2227795265
7304753355
9987333080
8591371772
2227837972
9321910903
9076395353
2227899901
8104679383
9702283338
9833500368
7738384100
9821054458
9892151592
7208850801
9167959191
2235038857
9148777937
9920041004
8898058377
9987118554
8655558777
8898889906
7021978500
9867778827
9322066600
9326490126
9820034437
9619077794
9967595659
9321202444
9820227229
9372604400
9819659494
2241112000
2227833000
9820855667
8655964421
9819509995
2227580192
9867461947
2241836377
9820169752
9820185978
9619231888
9619962610
9372727397
9768917861
9821181939
8689884768
2227632602
9773161600
9029935394
9619421947
7021162728
2227563253
7777018833
9819129714
8591828081
8369297174
9766250046
9892505538
9920722297
9867671456
8976908050
9811947896
9821562441
9820537992
9820107770
9326365434
7462063191
2269621467
2227756246
9768401052
2227823141
9619391506
8286133008
9819981599
9322284217
2248015362
9967230065
2269063300
9871713618
9820716217
7400191961
7447474751
9004357620
9082219889
2227893530
9702710634
2248011311
2249742589
8655620930
9833885532
9137651170
9167237217
2247826000
9653378347
7506895381
8793441002
8879802228
9545929339
7039808846
7979775743
7777039448
8691810127
7841971995
7021233838
8767935554
8097070838
9920712530
9819329028
9619382060
9167234018
8652809525
8879575757
9082476277
9821712180
9322113601
2240039494
8591892001
7977573453
7400471573
9987271173
9821389136
8169624866
8828382520
9920538605
7718901809
9920734040
8850299278
8356099012
9820175139
9820689811
8080390661
9167583529
9820890711
9995866379
9699382345
8080554024
9224144777
9867412366
2227847339
9029686256
9137432827
8850986427
8097600493
9702656448
9082497116
9820372117
9987508120
8956394543
9022225512
7304850804
7777025046
9773283790
2227782923
7208830446
7387841955
9920025119
7607283768
8291418104
8898142855
8850997275
9930650343
9223441952
9820134913
9967015140
9172001701
9920525626
9004429998
9870317146
8369918988
9619913711
9819477896
9819914440
9967848682
9594945755
2227809002
9922977191
2249796821
9324372416
8652031885
8380981177
7718805405
9773964816
8291057895
9930966457
9664281633
7666669564
9987791929
7304705124
9137142513
8369890658
7566430495
8898861242
8850089289
9920739543
9324611531
7506272381
8068065000
9209309205
2240071722
8691896661
9873730724
9284559162
9136637335
9705104105
9152534356
9324077931
9404920576
8433973857
2266078000
9100592759
8799917731
9004614970
8008891577
2269416241
2241021515
2227711012
9152134134
9560102589
2128351590
9769516280
7208588088
9372752549
8968084505
9222555587
9820260220
9372156929
9322222895
9769766767
9987084882
8928776128
8828025226
1246500626
2267410300
9892055671
9819665955
9323110866
9870239164
9820129606
7353096333
9870055044
7208000469
9769414240
2227723336
2227572180
2227454046
8451094828
9112209300
7666165991
9930957788
7277939399
9833090000
2262920400
2227836000
2260606144
2249754400
8652398888
9870066177
9819893012
7387390000
9167458718
7715953043
9643129159
9324224846
8454823546
7021299639
8369215611
8693049723
9833988298
7373200477
8422819740
8655111300
8282828434
7039315704
7977455834
9152570174
9076119171
9224503768
7738954576
9152051385
8108999490
8108298108
8422990664
9321287835
9137484714
9867586211
8898663080
8355842620
9819166288
9613296296
9022453555
8976513031
8048555909
7400119395
8104140193
8850705132
8976108300
8422833313
8828059657
7666892066
9326184866
8591159195
9920423624
7304126172
9920183932
8291065429
7021969130
8433755140
8291490049
8451952087
8104325349
9136474141
8828283311
7400214210
8169074715
8828838399
8286403445
9768056263
7276152227
9930154002
9773509151
9967296250
9867561516
9082672708
9029722771
8879341686
8104082581
9967397218
7737736600
9619616600
8898585992
7276987010
8009668009
8009068009
8879855818
2227552021
9224135271
9082058135
9322191638
9082358437
9820288168
9833012281
9320056585
9320056589
9820203004
7972791883
9653397899
9821232774
9619697914
8169067671
8108161291
7977432028
7837222666
9224348138
9324081591
8779569293
9321856915
8850805884
8591846210
9920085309
9137943972
8652586255
8898204818
9326987957
7738475278
7773939689
7676365365
9821338200
9166792133
9136810552
9769816459
8657446688
9820576586
8976719004
7506077740
8980468104
8454865330
8591181981
9833893557
9820101078
8976424333
9892580564
9619808584
8454082588
7030859888
9870749042
9769107431
7710982508
8424004484
9029715839
8879715529
9324610601
7718982119
8369983294
8981541549
7021454336
6392929085
2227891158
7777000692
2239684281
9076339724
9820479787
8149590717
8080605027
9167497578
7506069575
7652053056
7738841777
8097431980
8037203904
9930301200
9355058248
9991619181
9324526959
8082033295
8169580661
9061583244
8291806360
9004550499
8108176546
9082835437
9833668221
9869436558
8108591237
9833487511
9660159589
8097742333
8779710106
8227919191
9167181373
8446411076
9594211566
9136651110
9004288232
7738262839
8097822075
9224221271
9892022240
8291618385
8928116185
9029918899
8082002929
9820935312
9324475207
9833329100
7715042247
9004460009
9987229968
9769815827
8097661747
2227662015
9421292106
9930261196
7400003040
9321740566
9920726561
8898408005
9920282543
7045244045
9763301336
8898760670
8433528109
9730049641
7738444238
8080237616
7506594746
9320940383
8169095748
9594551395
8104605282
9388841600
7718001759
9892265034
9833649717
9975951167
8591114639
9870433667
9920338235
9930224405
9768639971
7387574970
7738926210
9594575707
8108694342
9920353722
9594462776
9082364196
9773557718
8898887927
9322289255
8691952392
9892152574
8779645105
8826529439
9699214230
9702008773
9867459984
9137597172
9821427841
8591119669
9819671773
9820470156
9768780431
8652709062
9960820883
9152911375
8591098942
9664155262
9867571437
9739400311
9619165353
9955846644
7842849751
9136629698
9833586117
9768800050
9029064413
8779334221
7700968696
9821284642
9867675107
9820963192
9833324339
9864175602
9892541241
9137873463
9920863104
9619447858
7021063008
9152393792
9702051049
9372254993
8369511607
9821612031
9820647568
9867550910
9320409393
9321333022
9323051806
9833840444
9819579149
9327506790
9766691715
9769154545
9920163064
8976618910
9819993424
9022943590
9326476133
9969451446
9766324738
7977006440
9372168406
8655688242
2227580973
9399851070
9236808214
7666286989
9224398558
2227424574
2227703966
8369180626
9326089032
9768199407
8108865454
9833733245
7506067970
8369555710
9892003868
9987681926
9822016381
9819639444
9819862873
9820957160
9819840320
7021847367
8828782828
8999827893
9819199202
8169411406
8356864292
9702668355
8767033333
2241555555
8652334690
2269693333
9820881351
8369017057
7759998191
9321315524
7288871111
2220874333
9372249678
7820908080
8848007453
2246085656
8652316581
7021388625
6366398726
8779519634
7718848080
8002581800
9372088379
8855055774
9322444733
2227717104
8880099371
8452971184
8879855831
2227631014
9819791166
9920766055
8108030161
7042424242
9082456440
7977481826
9609282895
7028706290
8108807171
9967143951
8881333102
9594849797
7666774650
7400453140
2248905775
7977181072
7518386922
8104569642
9224291173
9082464728
9930982508
8291260892
9664665957
9702343073
9821644133
9819721826
9987245730
9920306173
9769546970
8850250844
7738584821
9956012050
9768754485
9224399487
9833591822
9820223719
9222102087
9967215210
9769152274
7021257587
7666506333
8291267022
2242939303
8104878405
9819952683
8108036576
9930441153
8850728379
9619751140
8071889622
9702859979
2262457979
8850481959
9699997764
8828808955
8424094321
9699393690
9076262727
8070516262
8828927435
9930682519
9146919358
7310171685
8286788894
9819549595
7666303888
9821364060
8169034310
7738857856
8291082114
8655835081
8767656351
9151169824
9044925180
9152239137
7021680377
7054316912
7039381225
9820840684
9820252635
8850816740
9372359028
9892043088
9594181332
9554293618
9819894329
8286167573
7021337004
7678030587
9372591255
8850573823
7977318991
9930704588
8828953119
8108105277
9137505966
8433793364
8879114796
9871279310
9222122299
9778542582
9833453789
9004946430
9137584019
8088777173
8080906336
6389785914
9969583396
7738235937
8369932130
9833331113
9579177133
8433995601
9326197733
9324091711
9930921037
7400419602
9821375110
9773388788
9322211959
8888638245
9404353436
9850368368
7507664607
9920157604
9503504895
7057723339
9860292170
9892046039
9699304735
9370983826
9222777111
7900004405
9953960188
9820040480
9967344618
6387639628
9892903141
2240574423
9322871330
9967697252
9619477117
8828671845
7039563791
9819741798
9076225822
8286271025
8657198550
9136261277
7400134215
9833050093
8082005568
9768909393
9870401845
9833389584
9555597408
9987830345
9004765092
9769631235
9821547699
9867342318
8291074103
8850266190
9619377403
9004787395
8655552777
8104697031
8767369363
8652369712
9920651841
8655335740
9004042041
7715851772
9321557819
9892404066
9892093931
7304143033
9821176452
9969537192
7021038476
9867091965
8828210157
9920636206
8655227737
8850697303
8765869006
9987253224
7021788640
9320804555
8369498526
8291009200
8655772770
9820319262
8879794845
7700010328
7304627001
8779791052
8424817583
9987479893
8291960605
9702550637
8454944132
7304028474
9821575116
7738901613
9619625878
7208743370
7388594275
8185221919
7710825593
9321966145
8879366757
6386462396
7400071819
8104948414
9769339232
9004466166
7020291691
9920040463
9930775331
8080881100
8433303188
9820854943
9156123329
9619775533
9820026200
9323115044
9987209987
9820159290
9699039603
9323455707
8879354673
8169276782
7905279486
8693838888
9867409221
9527670005
9137518774
7400067709
9320668448
9137498188
9867425072
9773992197
9820877716
8928217926
7738787248
9529120717
9325514645
8591880180
7272959525
9090232242
9175493085
9892080832
9892814302
8080772299
9373228165
9619815556
8169560460
8852076432
9819508524
9987830833
9820282729
9136130556
8047095333
7977106930
9870563724
9821706101
9820209295
9619177392
8104742748
8080822022
9167064050
9022034923
9167947032
7373818818
8898014308
9619961869
9076110804
9029836501
9223485111
9920734037
9619058250
9870510913
9321113231
9892222290
9820359087
7977320383
7666635328
9785566000
9821234172
9594948577
9029024455
9820240802
9594061234
8655006077
2222017526
9870957195
9167474532
9867457968
9819748282
9326137708
9820733555
9833998666
2223736441
7738193610
7710967771
8169476448
8369753295
9322266989
9892132655
9967915409
8169064336
9987866770
9372303037
8657171199
9619914590
7738335520
9702381074
9167098187
9892913567
9619714571
8454872547
9833116707
9820868796
9820072254
9967857485
9920242273
9322570499
9705290752
8879987067
9004900109
9819922521
9372085329
8591220441
7738141539
9967856357
9137611827
9820759345
7304505068
9830073436
7303333758
9136024246
8882313131
9867710119
8655250782
8422800381
9321487176
8655006608
9607002728
9152019990
9222999008
9769162289
9930602530
9892209711
9773395201
8884739988
8858858345
7977060816
8657231186
8286813508
9320957717
8108844205
8104181533
8767444344
7039003001
9930112627
8050580888
8355860383
9699950399
7588874791
9820454544
9321636154
8850053030
9004126278
9967218944
8451933311
9773587648
9998883447
7977089223
9372838457
8108653333
9326906669
9321393781
9820920525
9222260000
6287711215
7045111913
8169851118
8750500075
9137370297
8879028308
7045277845
9869154912
9699477488
8850288101
9140866410
9015226889
7208909232
9930109637
8088550055
9819913185
8369581723
7045533555
7021838345
9922929266
9324133873
9172925272
7021340717
8059957479
9892839706
9324695410
8976950636
7028704521
9892656677
9773636203
9768622444
7710024984
9892255195
9222122333
7304257373
7977023676
7700090236
8879529525
9136608972
8928633185
8082279822
7777002824
9167374074
9833900330
9619161480
9769090781
9930751604
9321147846
7738244304
9833609895
8369367598
8898878993
8169304054
9820483533
0120409409
9007008040
9820212282
9029043234
8657513630
8425001480
7045324124
2250677200
7718890795
7666550951
6376890127
9136208734
8355853505
2245225864
8080812123
8108148186
8291000037
7386734901
7949290923
9867223530
7977654165
9326201494
8003133434
7710076624
9108238354
9953578090
7827319052
9322015102
8828991111
9372777167
2249744274
8939694874
9920046007
9819767534
2239554257
9082168781
9641074510
9167104699
2261488923
8448440769
7506702525
2239295701
2261488989
8976035277
9768973797
2222035150
2225788251
9136668383
8169178256
7977285342
9029720294
7738375431
9870803004
9987058393
8879231111
9167255337
2261300900
4448548002
9004298907
7828338366
2249743179
8275195536
9082352813
7208632669
9029029632
7710025224
9930824239
9372188252
8591433653
9152555565
7700965216
9513254066
9321152017
8291571064
9820315380
8999407820
9823449055
7071777789
8655070851
9820690873
9653247121
8369240898
2266370938
9372995624
2223094444
8070705599
9870026060
2261758000
2267188000
8169158909
8693886939
9322846017
7045143481
9833985140
9821295364
7738822383
1724701122
4066359555
7709487378
2227619975
2265722333
2241285200
7208899557
9819157317
8433884571
8488862040
9819028516
9136953531
9172955995
8766651511
9768637342
8652491701
9833844857
8850737551
8169071020
9987722866
8828365578
7021344232
9004320103
7021219967
9076001412
8108649425
8369007678
9323993097
9594284850
9967339118
7828399992
9819535565
7276391935
8887866628
7416903501
8652298530
9619701772
7977035362
7900099899
7021200972
7045558181
4424363555
9987008717
9987952617
7715893198
7304499966
8928608038
9137852265
9821882868
7400260232
2249165000
9664314655
9136059156
8169456439
9892096606
8928512092
7977321436
7738402838
8369917418
8655345712
8779787745
9821503324
9769213015
9137808307
9820504648
9769999001
9833379115
9819028215
8291588850
7710067232
9869679871
9222333999
7400236100
8169479923
8976558355
9820377380
9820667091
8657955128
9136454584
9076076366
8097444844
8879707690
8779684598
9820054541
9930696897
9136127697
8001024544
9920548905
2268600600
7428590012
9930731958
9323965550
9082325238
9833293519
8291865471
7738145221
9820682823
9226786765
9821141250
9967999099
9833797105
9821331012
9930838960
9820858917
9619554877
9930890444
9326368415
9223507306
9004388169
8591291686
9819544138
2224103163
9773584408
9029703999
8433252193
8425842524
2226843169
7021051164
9819852675
8591981177
8130064764
9993347399
9930511423
7045885540
7021042758
9324339354
9594579383
9833422053
9867342979
8898777243
7208659598
8888766739
9920087700
8806225566
7738111094
8928803691
9820404019
9930535212
9870257600
7021597446
8356990443
9594950034
9769794670
9867013336
9664001020
9870802004
8767379706
9821152741
9833601660
9819902656
9821541006
9892882006
9769350922
9967902089
9664007689
9920012253
7018902594
7208700786
7738132905
8286318452
9614272272
9773795904
9920243248
7666935909
9892868697
9892125473
9769553000
9820286446
9167340040
9820291053
9326015691
8451986107
9137475721
9224683367
8850482962
9768149840
9702707838
9975125444
8779559204
9320060023
9892844087
9819041567
7715056798
8898811995
9029591727
2225276672
9969308471
9821018454
9821705154
9773325050
7045660613
9930560430
9820101481
7738183963
9322511685
8928880764
9221235728
9821637072
9029553115
8452086632
9821539006
9820943098
9820163429
2224025316
9773570441
9324607360
8828007709
8169977481
8369194261
9867642690
7021522852
8369867894
9850800063
7738292379
7021251996
8898434947
8707424872
9833868595
9082097808
7973432360
8291150899
9326595126
7045128412
7710807197
9833270338
9821073979
9969531859
7738045126
9326444684
7304725981
7304375735
9619525524
9082512382
9029353151
9819417950
8454959518
2231740286
9029805522
2226371994
9675888333
9029182256
9004117271
7738699909
8981767266
9664867001
9840767566
9819340501
7977649308
8779774772
9930439900
8909044929
8492865060
9892749377
9004695657
8454083600
8355863766
7290095802
9920173738
9819674832
9869007312
9869117425
9819782211
9821360272
9029776607
9821035231
9619632047
9757092220
8881444410
7977956250
7045690915
8369549817
9022288846
7715834348
9920030445
9372977826
7400099997
9987324666
8692805326
9320158591
9619116611
8591878311
7304873500
8451084536
7506593771
7045093996
2242792222
9820101109
9167408877
7021368230
9137422188
8087874244
8693012579
9819562617
9821862454
7039055505
9930313131
8037907741
9920802800
7506351110
9873085334
9820080969
8450999161
9136316055
9320212787
9930360286
9076140204
9653289911
7666835466
8433531755
9653297959
8655865527
8899806066
7607080708
8898287777
9870422232
8828473878
9773111531
7892595924
9320539142
9867175461
8828828099
9029291644
9867244985
9867341023
8249003350
9820361367
9987960571
9820008673
8080030046
9653301554
7700021141
7700084530
7570930732
8087872184
7304297972
7045204719
8082767704
8850449506
8108783977
8652722352
8355843351
7400460898
8879938968
8779333907
7021399301
9769500284
7045464010
8850849871
8691828189
8928891620
8948989353
9152732510
8928740747
9142476033
9503799580
9773647255
9769023328
9152175350
7666034567
8108063087
7208290582
8951797808
8037604260
7977076477
8291846696
8069369979
8108152777
9136840611
8766969998
8169825843
7977694594
9820794435
9769376766
9819167675
7738522378
9869030213
9967158803
8591896728
7039375055
8286249180
9619700884
9920472431
9821131618
9004983437
8356002082
8080393218
9167930631
7738835000
9867454412
8686862816
8108855143
8779675688
7666669100
9967304574
7753992646
2243439090
7045214440
2261186666
9969962288
9372755858
9867833933
7862050607
7977259438
8879933949
9223336152
9594435358
9702026782
9029571409
9833442786
9821357941
8879756586
9967769786
8104813010
9820849090
9699994544
8655467428
9821559751
9820000507
8108444456
9967920728
8898207100
9224376095
9930455447
8898214343
9819872386
8551994000
7666930930
9029930841
7808080831
8888885540
9833660503
9167049274
9324566200
9217588127
9892629118
9702466536
8879858588
8425075954
9867261585
9833174112
8779981134
7021279834
9819259454
9869043133
9004937101
9892980658
9820838733
9372531913
9969269161
7039034116
7718008201
7428700373
9322275003
2242148484
9870611654
9987816555
8767229881
9819000511
9892288639
9076456385
8595669989
8767678320
8042757033
9619202111
9321289777
8104886491
8767956723
7977599823
7039767645
8779223623
9920029986
9167755577
9892926538
9604339316
2262382559
8425002888
9920363300
9076103310
7506036549
2261738383
9004662559
9821322456
2262438000
8046101565
6467419224
9372513251
8108413893
7710816466
8197659342
9768371171
9619567966
2242975100
2225170449
2240045249
9322205213
2245209151
8080276176
9664131413
8097444270
9222214188
7400077151
2225001481
9975227228
9664462443
2224226668
9833363297
9768199257
9702812421
7738038110
7303353242
9967830511
9619923032
9819802943
8530955514
9892848797
9987130371
7039515291
9820000833
9833388717
8002686983
9819220023
9819879265
9930021140
9769006720
8080008308
8591110363
2223863939
8884141976
9892560660
9652761571
9016855337
9773394786
8356907290
9821955527
9320848100
2250677210
9820000612
9082251381
7304267703
9152322131
2266950166
9769596360
8691981347
9029850567
7738814467
9217466391
9819306007
2261798600
2240237647
7739966817
2239379999
2240163597
2240110477
7403220322
2220815152
8169486719
9990720722
2266154433
9004992372
8001020319
9967552222
9920525436
2266776000
9833509486
8898050051
8291966376
9819485845
9167514777
7208229779
9769900437
9820620802
9619581399
9930062000
7506677788
9372906600
9151513535
9869332219
9768135352
9892302355
8001213250
9819179553
7666607816
8037682393
9833483002
9137212639
9820818367
9820614955
8082230082
9029997319
9004936663
8451940435
9372016557
9930771699
9892300128
7897891192
2225704357
8850222516
7208249942
7506179426
9892788111
7021086117
8655012060
8928956327
9324929648
8169813551
8097622022
7700944833
8169416318
9797193555
9867008910
8767805809
9899600605
7021673277
9834642478
2614886499
9769854179
8459563671
8591631345
9326362813
8691011185
8850757097
8600560000
2261836183
9769595860
8691875010
7678101120
9769692008
9167165716
9867250128
9820434055
9869042396
9987256266
9594569992
2261460000
2235122188
7303093862
2226733987
8433666618
9326008921
2262716070
7986714301
9821066266
8626063766
8607811540
8850252016
9619288275
9137844106
8169940571
9860195913
8108948108
8422071931
9890393090
9619378155
9833094626
9372848796
9324370476
8238838735
8789389223
9930080100
8237586553
2240348888
8104648077
8850019119
9821579797
7021617852
9136667325
2235129942
9022207182
9820724575
9960237972
9833020332
2242422828
2242442700
9820003574
2222622988
2271061234
7039966616
2266063355
8424061633
9818841730
9870134544
2223880981
9819445834
7710993637
9326427345
9702534833
8828155690
8369811324
8433995602
8898788927
6000250776
9930922291
9004940737
9082077039
8652348309
9967319209
9699344639
8433995605
9987117188
9022490730
8369824942
8447268292
8591156850
9833770392
2228053679
9820000237
9004689378
9167779525
9833565716
2243439099
9821091191
9920410510
9922915202
8169701253
8655887788
8691911911
9090909196
9372986363
9967656109
9920562685
8634503233
9167646144
2228400762
9324367641
8657525811
9975406062
7208399880
7021861768
9004464857
2249332424
9819910542
8689807657
9004999210
7666302741
8655386541
7400488233
9323717777
9326798658
8655055581
2240144233
8169809644
8877119973
9821275551
7045694545
9594426847
7304679216
8097830998
9145395282
8446474678
8451880963
9372048266
9833469942
9967721364
9819160170
9324180355
9167135077
8446726071
8652139872
7670954058
7977155305
9699933104
9355007755
9892826805
9920175985
8800414848
9137835937
8104289492
9833223030
9892325823
9321852018
9136657375
8424812912
8850193481
8433929564
8554923814
9022699955
9326409063
9920918651
9619450251
9867796483
9967201464
8169996519
7045251178
9987636963
8452017069
8454996945
9082889638
8097795270
9867453457
8291332568
8291337096
7039027776
9867324656
7387099939
9930020412
7276526772
8291991062
9029801720
8625978623
8910267431
8850141334
9152704333
9594994660
8291138009
8080807466
9957802188
9920453384
9833469193
9769234977
9930179993
9987316552
9821268500
8108551218
7738163582
8591538343
8591572090
7304050626
8591192235
9967063548
9833529163
7045906702
9819873769
9892555667
9930100031
9769503403
9867996865
9594495942
9167406404
9152000521
9821026455
9821424681
7039447088
9820943525
8619638794
8080858585
9324995767
2223806502
2242644550
2229271396
2228944423
2228863787
8355935750
9112302222
9004993786
9920620009
9820314313
9833521709
9769123001
9321453713
9324455382
2225228914
9892140890
9769368837
2228395099
8828470352
7506415423
9284914538
9821025017
8888178935
9821049257
8600099225
8047759131
9987277779
7208101088
8898655824
7718888879
9820093746
8898461786
9112601373
9920130473
8001024663
9820925690
9820988199
9082981965
8082320002
2246007419
2228064448
2226477036
9820541372
2228462266
2226773164
7977112242
2226180255
9819043789
8928126120
9152537153
7208001052
9820065956
2225903699
2266296500
9082922568
2226652128
2240506666
9082522681
2226786884
9930264726
2225772595
8879185854
2225400203
9773257127
9970520206
9769878096
9820052496
9004168118
2226463491
8104959404
9820125836
9137067341
2228577810
8655041612
7011110256
8169891980
2232939770
9773145582
9653331745
9326635853
8108077006
9172073720
9769309518
9867742637
8799912344
8169801594
9892047366
9820938337
8452891863
7021329736
9028866922
9833966883
7021156503
9702744966
9892223053
8822668855
9820310235
8652354727
9820379497
9594785701
7977120315
9129951869
9869514144
9820953268
9892923270
8655519681
9833014317
9869787751
9029222254
8767153071
8591030264
9820439273
9537517249
9869916996
9320666786
8652242067
9372944217
9892806197
2228892786
7977267944
8080500200
7718950759
8080273307
9082810260
9653631408
8898773636
9022166782
8080835355
9820110052
9004871674
9167820192
9322512809
8047637057
8048077587
9022676540
8928468674
9820724523
9821583510
9320091238
8850553278
9821024267
9773487538
9670238871
9004002521
8686862475
8070810101
7737440290
7021641057
8104239618
9355040982
9320770271
9820901110
8451899756
9892314077
9769097251
9892432222
9324757641
8286548039
7666777500
9619294446
8002095504
9930775589
9322525627
8454826477
9322147929
9833739380
8828481442
8530479103
9821674545
8169319164
9892195401
7715978888
9867994628
8046042496
7619854115
9934375789
9819857602
9619617017
9769817839
9324542488
9768343040
9892066449
9082678286
9820460288
7007426179
9850264720
7039386123
2228425250
2226773435
9619267207
8425984962
9892897535
9082076946
9821427714
7738532027
8779121505
9167021410
7977462472
9167269998
7738855362
8797206277
9284160970
7238937078
9819718153
9136215966
8355884132
9372573738
9136935279
7718991207
9768233879
8097708957
9833316303
9768692120
8850576921
7738168169
8788593316
9920282736
8767415174
9167840329
8355946534
7666460969
7024135868
8928602617
9167441055
9833239007
2240168861
9821478833
7710066779
7666642425
9283547244
2242685800
2267308202
9892914051
2269096399
2224160947
2267308301
2228868155
9272099156
2222650609
2223028888
9820936176
9769869943
7045384435
8080806699
9136800895
8097131645
8779923047
7021713179
9920714407
8976988791
7738647244
9152810101
9372292899
8898651363
9719050607
8433555461
9892414313
8069857850
9870787892
9082198791
9819167856
9035503222
9833314227
9129120707
9987454317
2269315859
2248979200
2268654848
2262810300
9821298001
7506946958
2225151620
9820967009
7276711953
8657454871
8069807389
7045044504
9320266066
7021448032
8951966185
2266712001
9930739911
2246029141
9833215038
2266010406
9920358797
2240705100
9920702677
9833589989
9769191623
8657322373
9967937938
7045360660
7887871568
8169739403
7039757510
9820009857
8424973252
9004718513
9491601234
9833623871
9819937557
9356110841
7303202030
8424018389
7770086523
9820029577
9223397765
8779954545
7738179025
9930316293
8655209131
8108086481
9320441106
9004358067
9820842525
9820058029
8511745930
2228838059
8879454366
8779871328
2228632323
8879922118
9137172282
9372570176
9821303284
9773373373
9820400030
8828220285
9930633317
9137720129
8108415352
8828919858
9007347893
2228814606
9324259597
7603897966
7208405579
9892487002
9152626565
7039123657
9821412900
2228585521
8976214792
9769214090
7814839514
9320022422
9867677650
8779775205
8657933346
9892803506
8879999122
7208726943
8652571989
2228884186
8097444917
9870210855
9930608445
9833012317
7045950135
8047176666
9206500999
2240220753
9224430045
8451073125
8898930468
9586911143
8369089791
2228073079
9892348788
9167973997
9969649329
2222423074
8505056060
2228702022
7710888220
9619891066
9821165808
9820733763
8652499075
8291219363
9004888252
8097576415
9769766888
7030349239
7303707770
9820349777
9820093531
8879867455
9372194847
9769341908
9321746331
9136930520
7558724312
9004843335
7700933337
8433642842
8369599051
7506880515
9082878718
9004923590
9870198656
8369362418
8291069337
7045133970
9833741411
9594028092
9355509844
8291462513
9819638726
9967981548
7977533641
8850012942
9820130734
7977303010
7977987707
9987265754
8828574315
9223289385
9004279362
8454814083
9920338835
8108054154
9819007673
9833537041
9930994080
8591125536
9867205709
8591984873
9930889654
9022104070
8419994444
8369101021
9004230060
9987280043
9972526480
7021612167
9152011183
9702208332
9820315890
7021156081
7715958250
7400471393
9930924028
8689978978
9320184864
9820523802
9920737737
9769634159
7045767121
7700019949
8591659398
9136833919
9322280640
9725079451
2265383538
8355897835
9920498984
9217710839
9987791380
9029938325
9619424446
7977326969
7977234253
9167843870
9819853331
9664203671
9321166551
7045599966
8928729481
8169399199
9833500031
9867154348
7045974035
9322017903
8291516143
8850296798
7977528377
9004639380
7982461359
7400452140
9503789817
2228844509
9833195939
8828312264
8169002602
9821112746
9004938555
8108457770
9821043160
9892944962
6376329706
7726085420
9029102559
9024612474
8976529275
2228804195
9987201697
9869200371
9113812996
9867885738
9821624079
9869732199
9619715218
8692809106
8879952169
9769367032
9827621660
7710948330
8286960718
7304398067
8356989597
9820247891
7738347162
7738945033
9860777723
9820277824
9323263322
8976022838
8879267080
9175113013
7039087655
8062689333
9768211111
9987438980
9372688705
9834791733
9320056581
7021040490
9594989483
7012856475
8268508449
7045592910
9004305026
7304556565
8097775357
8896274274
7021614055
8451867492
9321390256
7738750483
9004112115
9820190986
7506333502
9322253612
7977101759
9699683433
9967772829
7400393947
8591598969
8591760922
9082291307
9820144205
6379923980
9599332165
9820141899
7021891849
8983375769
7039105095
8511992111
8828111034
2240081333
9004157093
9869940613
9004485093
9082842865
9702376224
8600868484
7506933180
7506203119
9833666616
7738177903
8850285889
7506712666
7304080412
7666680202
9967502984
8169947599
8454084840
7506025767
7710805958
9833619728
9892427358
8169222089
9616328513
8976769616
9136309839
9702506586
8850804869
9867134699
9224165285
9867980763
9867342656
9029955407
9651844912
9769292188
9892763649
7004164616
8652319365
9619251041
9967670059
9821208874
7718811194
9372193366
9594884536
9022839339
9323692616
9867412293
7506026854
2226207283
9920965353
9870936864
8898380822
9840994905
9867346623
9967681111
9082141082
9833141801
9004394628
9820245603
9594716395
8879243243
8617731976
9947401010
9619057703
9820441776
8433831126
9930041848
7304055696
9819840491
9820058725
7977955603
7021906464
2226821420
9890076269
9819550743
9768352351
7715882883
9821636458
9845234340
7715928001
8451901296
9769969535
9833037881
9136463055
8452810221
8828237703
9082385771
9403307608
8319623829
9619273172
8591051313
8097516348
9867334685
9321643289
9769123835
9820496676
8828424514
9773294200
9867553618
9819708804
9892353030
9167388450
7977423596
9820660072
9820354609
9867308112
9920820166
7738297727
9890828896
7777050093
9137459597
9167863680
7026090254
9833813816
8097001309
8108448545
9702022678
9867650091
9594542345
9082112241
8433513204
9167023516
7304646146
9004946878
9819410206
8355838825
9372921864
9082313193
9833118020
8291999949
9821688105
7021873915
8369974047
7350552246
9619892444
9821363340
8827423680
7272095571
9702246462
7007308603
7355360804
9370197787
9372809803
9167579647
9823432317
9828033336
9867800852
7276089915
9082854461
9987140064
9819375593
9820180644
9810114184
9152529557
7777027835
9820853152
9920136699
7039153069
7998566666
9833738075
9052311315
9819015736
8097253125
8069875736
9011055002
9632746183
9820310928
8104231059
8655270497
9819921673
9930797555
7738193125
9136315725
9660104887
9557639006
9833133313
8355997015
9168176444
9930091794
9833198334
7506437537
8652692937
9821772036
7303593001
9930826473
2226311027
9082970193
9324245200
9619175465
9818318303
7498172454
9971008899
9381125869
9152087774
9769648154
8169871621
9874487585
7666080199
9967401160
9892350754
9769696564
9967032113
9773336868
9820722333
9967433501
9930111795
9167997579
9833008844
9819022363
2266690931
9321515888
9821118755
9892086839
9987220550
9702360549
2267100582
7506000708
9820780979
9321726250
9004358583
9860343391
9821055850
9322898023
9869034029
9900454087
9987781035
7385540787
8692088888
9833115138
9869016931
6295576250
8108486806
9321384741
9082694002
8369726846
2229259328
2228518751
9167018690
8291455743
7028109925
7770002878
9892072621
9920524752
9004699639
8169706030
9321764096
9324767467
7977592873
8779122982
7208202555
9833011268
8879880553
2228363120
9920086579
9821811241
2225664918
9594069549
6391066955
8274848113
7738033396
2245830600
7777040029
8452899928
8108107140
9152021113
7738241234
8657861704
9136095621
7304973877
9326148724
9372131340
9978802842
9819127002
2224111782
8080921713
9987530453
8880391391
7977084003
9320006508
9098335522
9930342156
8108000188
6352619442
9702499504
9619103146
9022396765
9920962578
9819688336
9323145444
9769600768
8591384533
9137878187
7738007224
9867552774
9867798678
8657797564
9967427766
9004228095
2222035516
9967390323
9967572970
2223455475
9324064780
9987661545
9987541545
9867511837
7977110611
8600829292
7977497211
9920944431
9322227186
9372093020
7700024374
9511234293
8881666078
8976369102
8369481770
7387803596
2226000097
9820036589
9223444402
9594759975
9869070203
8777632167
7977899675
7977804879
9930105570
9987845599
9867496946
8380039505
2224307484
9833989178
7208333767
9619151111
9321691688
9967799164
9920883420
9773589084
9820112064
9870603050
8080080624
9867359818
8369787230
7718846636
9167198644
9833108053
9136605470
7045163777
6350302453
9987163037
8879192496
9223202017
9870050532
2240668888
7021575744
9322211211
2242939300
8286608945
9323925053
9773004903
9967489599
9821452800
9833691991
7499761196
9594243527
9820865420
9004020087
9930431851
9321166432
9820469250
9773683398
8530482034
9769422585
7021473680
9136410050
9029703575
9892065605
8108595239
9833496287
9369398206
9702883937
9324239185
7039987469
9987465691
8828491715
8108950910
8291117181
8795817619
8587002042
8767541484
9867666422
9920778483
9821366482
9594304077
9833688286
9820136352
9967955565
2260606888
2240925555
9322038697
9167110317
2266351579
9867452728
8286931731
9892411814
9579456241
9867863445
9821060139
9820494449
9869700200
9821134304
9820065307
9664073020
9821044898
9820200264
9870707803
2226872127
9167201092
7400050414
7276430955
9920332855
8828825440
7039333111
8433893662
8062703233
9869803417
9326220157
9699351443
8652191956
9321389904
9819072131
9323125650
9892564929
9892904654
9969160676
9594341424
9920325903
7304202309
2246028407
9768445556
9727360324
9867961811
9867594065
8530470862
9892643343
8530025134
9004749833
9867235156
9833156759
9773639191
9022162449
9867871427
9967693137
9821414763
7506321599
9223878063
9699447663
9326295229
9768061166
9769775178
9769527471
7718926713
8850832351
9324559933
8369558166
9970076470
2240102323
7208652595
9648565885
9324692404
9619633221
9821170829
6358585858
7718823907
9322232347
8067331878
7738273805
8847781232
8452062241
9004113971
9869681918
7001484417
9920489699
9833234520
9619645850
7021733167
9820062132
9833780680
9867356667
9822298104
9920691707
9641234786
9820319848
9606960839
9082477959
9096159685
8600507726
9970936233
8310801415
8793172747
7219729204
9527099209
8830861783
9373686250
9922063921
9922110214
9421559885
9022416476
9890531709
7800905998
9793448268
7020110300
9765551757
8010998829
9021129674
9960183017
9112971975
9145359009
7666300421
9175109434
8412087447
9604599683
8888533210
9372232223
8087169619
9325860758
8975648288
9096555943
7768989313
9850123080
8484088374
9822514682
7843065287
8948264624
9130519896
7666997185
7972896435
9930396161
7972556454
9960848783
9822026474
8956079412
9069511100
9960311918
9834866044
9545808641
9146520497
9503552821
9860434400
7972198959
9595951304
8421040441
8149518135
8888996670
9307101101
7350321321
7083347130
7507258976
9960228504
8379041683
7709819367
9860978383
9226445512
8766585020
8080630255
8432520237
8208646026
9766976293
7040638212
9960175741
9552721720
9359780170
8983445071
9867030253
9284785798
9699097979
8600605524
8408941971
9096329262
9097088222
8668492090
7721885279
9657801160
7066677554
8055884726
8446660816
9604422785
9607061555
8329048810
8888505587
8793146415
7875474709
9834265950
9922777974
8048037099
7030016420
7387649704
9822921942
8983257030
8421913407
9096474515
9096298855
9511795110
8856866614
8484011410
8806633766
7738785549
7972726191
9451992959
7028925568
9834998027
9767743202
8601735978
9984842540
9021453792
7888182846
7558271032
9653426986
9769309130
9049451207
8308903202
9011612512
9028991825
9921723764
9699535214
9960101010
7620045713
9325893892
8830124978
9970536510
7744913737
7385610440
7588287212
8999441352
8805159735
7447436321
7020354047
9529074081
9373467327
9657043060
8459236781
9422036446
7066962711
9321595882
8087279615
8468852528
9146890757
8087573171
9284184624
7387789669
9373489567
9373893306
9356423087
7770002988
9721518333
9307942639
8983404166
8007078893
9766916916
9987789630
9673790334
9975004842
9284840680
9369022156
9175000660
7020396744
8521215464
9156825920
9762107076
7719918367
9125893284
9822661754
9325825550
8065065834
8007004991
8793336723
7571893531
9079090833
9270591819
9588486332
9175937523
8983363790
9156340443
9783040506
9209427713
9270242652
8484964296
9850004363
8905781730
9607877001
7404512621
8767087003
8668624143
9850726824
9373135721
6204044418
8048037511
8530024158
9156504056
8999931503
9921102721
7774853983
7020016962
8180062940
7559206161
9822109456
9545956521
9799559783
9175273233
7498153353
9284473663
8329396730
9272343410
9922263091
8446627307
9763317735
9325554648
9096403648
9158204061
7020818127
9175172717
8446802394
8390889883
9730647388
9604958731
8604860606
9359258161
9702745951
8552011233
9738002137
8888004203
8275516244
7058489597
7387739525
8805677981
9359437578
7620873747
9226719090
8459821318
9307886639
9673275566
9131526096
8888689878
7030179259
8530097950
7020971993
9834136425
8530337999
8048053456
9850189192
7744936364
8788606645
8237181316
9527839464
9130529999
9545229076
2025535253
8483868088
9049272727
8329283525
9130284272
9970789781
9762058705
8767436422
2024484567
9960163331
9700303636
9527730359
9923565511
9762642461
9146155999
7559269777
2049306309
8983845882
7030508811
7722074848
9860403764
2041303803
9890388405
9890721583
8600128042
7350125925
9209740376
9922990686
9689945341
7499274726
9145148885
9511696411
9922335611
9604739176
9970646446
9823239793
9552126440
9370319247
9011614646
8087532884
7038011023
9594052110
9623765030
7774845757
7558465846
9850427527
8329130330
8087945141
9604971213
9922441349
8767634159
8668289035
8983410030
9657388377
9762388474
8999949439
9975047600
7588460911
8329324711
8828260319
9359795478
8446662007
7773999666
7972435637
9529842051
9209423340
8007420437
2067255678
2029980677
2024465229
2024452627
2026359131
8805629814
2024467333
8188865234
9665720007
7990657864
9763504417
9503333309
8767811822
9049328107
9766019149
9011073741
7387875538
9689597982
8668238570
8080768631
8830230528
9145050514
7083337515
7666266983
7030670635
9545892789
9284874955
7028404033
8113869000
9730730128
9022370698
7887575991
8767591462
7378317226
9130057307
8149515157
8862064497
9356097343
9172101012
9503579517
9168798866
8668579969
9112323974
8237180203
8600998107
9604430489
8087617616
9604372278
8265021791
8308103366
8095154888
9370704715
2047242493
9579956381
9922111805
9130081345
9689900537
9850044904
7887889902
8408839923
2066263000
8668328713
9145278333
9670352114
8087279032
9518950595
7565075935
9172258887
9881125904
8007667835
9108561102
7498713536
7066606999
9657452349
9513260566
7263084881
8591249419
9511755389
8652457999
7247243340
9689811047
9767427924
2029952744
8600457607
9823375727
7722003378
9168418080
7005057944
7030055128
9607331234
7887883033
9158287488
7219786570
8586008627
8450940001
8805533995
8956467327
9527605805
2067105300
2069503000
8459630022
7262966609
9999525801
9860274142
7385595814
9021734357
9607418866
8530089968
8190440944
8600148819
2029970664
7263954041
8087611678
6789471515
7219831628
9028850524
9960398728
9158401171
2041209216
9022809364
9270153230
9696898002
9922446465
7588383108
9923002234
9890042781
8866064848
7758877486
9307999777
9819405002
8000841118
8208156492
2064735161
9890967888
9225620366
2066663031
9767529620
8983730433
9130085667
8329596458
9773997505
9104999222
8446477774
9975686873
8208423935
8007777243
8668977344
8657482176
8483082699
8668493250
7499263281
9657718818
8788280024
7976937334
8483058396
7410001361
7020885502
8208175156
7798397966
7775903717
9272142899
8530666677
9823992648
9324125113
9370573598
7722004499
7030235214
9623560089
7517549154
9529364262
8080418341
7741001051
9834837501
7020095040
9082309192
9325525608
8453464141
7066251537
8668806103
9028317379
8308649555
8087220814
9970336935
8007126143
8237849921
7743869280
8788959494
9880913504
8080152238
7972078620
7795687988
8446273688
8147111254
8530642565
9921668254
7028052110
9970666888
8788411972
9403233090
8275367267
9271114205
1234567898
9021152995
8380084756
9373467304
2067444000
2066522999
7756043707
2067062200
8855022665
7798715090
9860897222
8698200400
7038848584
9766439090
8055223360
2067994020
9834887259
9764063368
7875552416
2066080123
9022928902
8999712025
9537344018
8530116304
9822419065
9773998597
8087381742
8976133787
8002949090
7498756891
9226157324
7720071116
9881474566
2071177392
8080663985
9623868215
8793342945
9175100816
9822294913
8530002020
9028396306
9322135352
9552723300
9561400765
8669193220
9021833306
8149105111
8830589493
8830583619
9325615178
8080752602
8877202122
8792164888
9975214585
8149194600
8055006652
8788919127
9422761663
7822827579
9130502135
7249756356
7004215841
9028512729
9175710156
9175154999
7030366331
7276090836
9922411653
9637612097
9371971010
7666220773
8975522939
2029992159
9011041569
9359946676
9518598944
9031044394
2041211566
8928898916
9226554412
8788402025
2067901300
9860185680
8308317707
9766543771
7796069069
9998046993
2071172515
9637816905
8002125353
8007001684
8080127808
7387538045
8484844985
9631750498
9923109816
2025285189
8750004411
7038914001
9545737730
2024420953
2026053272
8888477778
2071173071
9890056565
8262928989
9970202526
9371015566
2040096048
7028889489
9811722065
2041084444
8446284162
9766353981
2024467259
8329061431
8793325762
7998050505
8080475235
7134914298
9145777171
7276172024
7249325486
8237711856
7276007769
8446032000
9823628143
2047170528
2067006200
9730258547
9272149669
2066562000
8484839896
8308800428
9922645700
9763976333
9372011151
2066204266
9373162275
9823087290
7888067288
7498992609
2048553007
8485846227
9049986158
7753837070
7020279123
9096153227
8484831600
8448449332
9172263883
9096055556
8113865000
7573055588
2066479400
2065001399
9767101388
8427949486
8766054097
7264814245
7798811155
9730186154
9176690818
2065296565
2067278200
8037403781
9665011314
7337835834
8698989276
7028992787
7756923100
8208069860
8080747767
7083073434
9860150299
9076104425
7045663552
9011900031
7030000421
2025420228
9422548391
8793801215
9764354066
8265012213
7738926181
9554939637
8149805555
9975197642
9922661978
7558266142
8087003522
7743817777
9604230112
7796297576
9022227211
8668452738
7264944499
9834293405
9883314174
8888109106
8412871397
7038170980
9922772770
8446180008
8421060192
9890027808
9881233932
9326533622
9975901518
9890752904
9067371819
9860183377
8143101875
2041216777
9370148931
9850275015
7385851145
8888881601
8048036111
2046007198
7769840606
9881601553
8080809302
7219511291
9307909030
9130083088
7410017203
9822010538
9082462161
7057005793
9890212140
7020875623
9372786110
7757904876
9923630613
8956142529
9272667788
8530231818
8888847864
8888122166
9331141414
9607733777
9075821821
8087170770
8308810810
9850802830
7028459570
8329441608
8884304479
9850157862
9116394536
8600809090
9921799929
7972040371
8483988999
9284882440
2024272221
7387273597
9595333344
9422300527
8554019961
9096332810
7057690201
9049518833
9371011225
8793478197
7350003574
9322354809
7058198573
9623145886
9518761668
9822868957
9881212312
2066669605
9356428038
9146857272
8888585413
8975808146
7020756300
9665448474
9503337684
9284071420
6200030268
9006206726
9867958950
8421407322
9850801187
9561853767
8237670001
7249424299
7559171717
9158460253
9595753575
9975509129
8177922018
9765135227
9850780442
9552554510
9096044055
7798888702
7972985565
9422508894
8087633929
9588627246
8180852428
8308285068
7719019019
8007004466
9930108741
8983256429
8605277555
9921399213
2025656134
7709885443
8788022582
9422031215
7021751245
9855425170
8452848451
9923085800
7276767718
7869709971
9890991249
9420178321
9923384125
8668898244
9823231955
8042755318
7558739185
9823547357
8830597066
8085150774
9922018499
9981984480
9822639006
8045699035
8083518083
8668926727
7972932741
8208496839
8888810099
7028176444
8830953511
8767795125
9579439694
7057011515
7385092120
9860855556
9822370273
8411002339
9730381255
7484839012
9422035020
8530066148
9094777373
2048553004
8237888880
8983215737
9028355208
7769987599
7387139329
8530090051
9322756248
8698122004
9611583477
8983521669
7756004315
9096715131
9322206145
9890622320
9371111124
9922110777
9890401044
8530636655
9767683557
9607018949
9595291991
7350013489
8788683072
8657053235
7066310765
8484857618
8446158862
9822098400
8446188518
9067771533
9881721420
9623166663
7977404885
9209593685
9156880500
9503502063
9049411369
7350837809
9021900100
9960705507
9373522915
9284271037
7972552109
8605311919
9373088043
8983372720
8208482027
7709500890
8698030384
9730018299
7447711071
9096090316
9422704627
9822086705
9552865606
8788433139
9890754772
9527218717
9090900995
9637566333
9922273000
8657333339
9881064473
9923343131
7620527580
9090717148
8830657019
9707469083
9766248118
9096579134
9595129006
8830195483
9975998244
9804491922
7720029005
9511635931
9028817369
8888440119
8149895185
9049698918
8048034559
9975806127
8484820200
9501003199
8082824200
9850032900
8788940143
7796631000
9096295253
8600247360
8149143556
9637644823
8484842737
7066441003
9657141717
8983535050
9604266204
7397910113
8999425167
9822008963
9146000661
9561842633
8788049104
9821578988
7030590581
2044118888
9373420246
9607603939
9975250537
9420174101
8855829557
8485859557
8484902130
9011825864
8830320144
9881379703
9850398507
9172448703
9822014886
9823637273
8407940250
9220860406
8208826279
8308413718
8888904949
7709709868
8925874575
9881424008
9881872681
9226413839
8605009023
2048553006
8888999344
7768874259
9371798529
9545022110
7745058583
9764996404
9822016338
9561195693
8390943833
9373649992
9552688668
9850208156
9823871631
9545744466
7020919108
7038143107
9967905058
8055444460
7769879817
9903033004
7888027021
9158862392
8779259839
8459621391
9595751079
9049556687
7666611011
6290048797
7058427183
9209137647
8432288828
8530455999
9356631593
9999438043
9665962938
7507100024
7507322522
7276797104
9922321014
9975070006
9577070700
9665057955
9767998811
8390367637
9405019161
8830989454
9028988073
9021709825
8149856797
7558658500
8623808546
9763311621
9762202330
8788002710
7840995772
9822047300
9922524286
8796801797
9545991414
9890571307
7350409292
8888397597
9923448821
9552812626
8788012836
9022956909
9028181046
7040248940
7755937777
7798960560
7023655379
8080936285
9860056230
8708373626
9823287008
7666411128
9673144515
9561501407
9503187188
9689896231
8805506979
9822228505
9890959139
9373171315
8862093370
9420061515
9762921116
7276821017
9140638501
9922920759
9890902797
9823605546
9172039003
9834803187
7709541629
7875600364
8446262868
7499326814
9372072151
9763262563
8385067159
9503416522
8983420460
7057776024
8999766764
9762373996
9673525252
9967675831
7972141016
9923796386
7972005102
9765408434
7447360006
7385579241
9552561284
8766527612
9971934053
7066848192
7276015494
7276169335
9718200166
9359563445
9518381126
8788157899
9028517901
9168382327
9209783914
7620303242
7888028789
8482848707
8329895799
9860436668
9767721727
8888651137
9881117195
8390205024
9028443181
9975109967
7620010722
9922033027
8856860547
9822742706
7775876298
9552559797
9588489345
9764171665
7276749292
7020434891
2026345500
7218918551
9324907296
9890995786
9920116996
9421526227
9225805111
9975682485
9923125491
7387059111
9028200050
9890101477
9921222444
9552405257
9970034341
7972097557
7219376602
8796135557
9822412132
8830935655
8007310031
9158064828
9527957767
9881152521
7666797475
9545444607
9371024685
9970557110
9923159521
9623349894
9870276450
7507600961
7385928948
9552487966
9765859436
9689171617
7028413027
9173563232
7499565080
8308550930
9697761717
9975489460
9970668550
7796240001
8983460061
8806006552
7755921050
9922910513
7666910126
7387876893
8329179995
7558238809
9130015801
8698308572
9823421864
8308599001
9921118506
9637766112
9225522123
8806276961
9637468694
9923190606
8793834212
9209611600
7249831181
9595320565
9370240791
9168417416
9922720070
9762433813
7499669215
9921312727
9834770394
9637662918
9921000052
9890002957
8290033447
9923311612
9890906875
9552386995
8796628269
9623018435
9604098081
7887981298
7350970318
7020208906
9689483851
9607881717
9921300925
8007004443
7758826388
9881787834
7888009948
9850450114
7745009135
8007001725
2040223616
7499397257
9834406064
7070020202
7030488312
9850111786
7378303558
2026134088
9011072655
9172616363
7507347777
8380869603
9763699900
9028755802
9860683912
9822265820
9607643171
9822542354
8856859986
7775924444
2041214040
9923288899
9372038885
8983088431
8390048028
9527254347
2026155154
7666313428
9881393152
7038194374
7249175011
9657336754
7030481000
8888886650
9326862959
7276738899
8810407533
9225627694
8600175146
8767907974
9955992240
9371234444
9158983304
7558609229
9326661755
8010880342
7798928180
7397895039
8850327158
8669167829
7020104600
8408899575
9607269296
9765409411
8983322715
8446185041
7009219058
8956609950
9011709588
7387477093
8766915385
8888307120
7822023615
7000654813
7058010666
6200368626
7058522603
7447772030
7020061094
6309557655
9822311042
9823611541
8010675953
7745022968
9579020938
9015122222
8999789242
9867004939
7666334015
7387339034
7410125215
9884001071
9422321788
9527730493
7887955559
9960099592
8840513381
7507926655
7066095989
7378864576
9511660460
7798853728
9923697402
7517219494
9987768360
8698899520
9545405936
9689920981
7021240891
7666729164
8208692210
9529714722
8806072012
8668259064
9822784893
9371359301
2026161095
9970095995
8850628080
9359798708
9325362789
9175935362
8010706145
9762075688
9325609388
9975292067
9028899945
8956593535
9890630358
7028514703
8888833508
7262001166
8551006633
8408006633
7083541822
9545775059
9545966633
9438242670
9021469944
9518784827
9527121378
8275001166
8381055615
8805077317
8055870688
8888482556
7028852468
8249171935
9112212961
8484029115
9552554331
8830087494
7490051101
9921002785
9284662961
9881498708
9823029707
7219519530
9922204079
8421670811
9823096431
7887717755
9643651931
8484099784
9226908284
9301855272
9960153444
9890399927
9665687272
9970012160
8446239135
9767294676
9011973402
9890801727
9822556010
9503153460
2041267623
7507909704
9763000222
7058113578
8208742810
9850825074
9922134134
9730480101
9518339180
8048047622
9049816492
7263810079
7020972297
9970049007
2048626588
7038083333
9513259188
9689912426
8956345442
8956699060
7020134442
8237530062
9890069146
9834088926
7058404057
9146985985
8379066928
7070211070
7822886223
9561153333
8007157171
9765705580
7499729321
8007030300
8975042030
8010033465
9284441659
9323307785
9028228834
9168215509
9175080051
9922948637
9119596328
7875772523
9370403233
9145977040
7709390998
8010511826
9022366485
8766759605
7887778100
8080619698
9356614336
8698174071
9923664644
8007372523
9370999593
9730994671
8788609208
9834918795
7971367041
9011972177
9657363958
8988988787
2049304930
7066032502
9765592109
9075679293
8308751338
8482815413
9240222222
7218386875
7447552517
9172188753
2067636763
7387142525
8999069150
8104545803
9767606071
9673521051
8237036500
7039541561
9579440833
2047169951
2047169401
9284461482
2047169978
2047169956
8071318754
7350932070
9850080796
9606112399
8045572851
9513445294
9988797948
8069369980
9960054705
9321666950
7888133556
8999368673
9403893013
8108595001
9529758289
9371255480
9819561468
9082441057
7887793955
7977303512
8668546502
9730004695
9175036194
8888344754
9860133433
9822406336
8888566660
8983906496
8766925976
8010486654
9717858269
9860254874
8669090953
9730074588
9356656024
8355949087
9764647387
9990909766
8007006566
8087937723
9730511441
8411875551
7666773596
2045259442
9970045055
7719827665
8329614439
8448993003
9534436135
8766004883
8668656015
7038012943
9022286743
9319738741
9561787134
8065486032
9075747693
7350913135
9763000089
9822850838
9822999383
7397911662
8048054887
9921926555
9850704798
7499075976
9822221777
9112339827
9325187960
9918936865
8830904318
7378557373
9595173435
7744065904
8087639617
7358202225
8856980721
9322271467
9527382808
7058424262
8468980411
8805595794
7385850801
7066405007
9595222190
9689787775
9604039300
9730311861
9325132236
9158360360
9923887090
9881399749
8379860254
7776015012
8888204586
7387185354
9595588990
9036767774
9112151151
7709933440
8087793070
8459112612
9373086535
9625390390
8419919327
9892682162
8390213155
9730292884
7498084087
9309516540
8880712345
9766907421
9307166598
9619484446
8552008555
9028672300
8888619300
8080616363
9860232207
9272575569
9970320862
9960998117
9822794535
8600004006
8888888205
8482880939
9545026533
8899171171
8484955088
8698348348
9595338383
8888886991
8805449723
9657434847
9021127978
9823234511
7020759375
9822045278
9860691302
8857873496
9021253826
9822387313
7709792632
9022240422
9074824354
9890486555
9028596990
9822946060
9881744313
7620015075
9890121414
9765416690
9097826786
9764351521
8262976090
9881266147
9822783960
9607609003
9623131373
7262911911
8805242699
8043693101
7719817799
8007800729
7709544169
9370807732
7719827799
9545659838
8483870104
9922634343
9850838071
7091191188
9921494818
9527304894
9922007741
7757977189
7040493208
7972771216
8329279695
7447448088
9881874088
9175198360
9922538171
8329510106
7620349664
9130027205
9423718973
9503225196
9511951158
9049992968
9175174362
9075300090
7507939786
7776973787
8087020003
9850812845
9822077344
8806330003
7447454239
9158000380
9822755904
9011304000
9370483078
9158000164
7066457656
9022090006
7381811212
9370017994
8037759679
9099646646
9975598174
8508518282
9970350358
9225515522
8600425464
8037781739
8048033687
7875444666
9075458056
9309111232
8888232363
9168544544
8010411412
9881433034
9422848590
9370118080
8048056399
9175263843
8767970320
8149009499
7057170101
9637761616
9527819009
8888109045
9422504070
7971935500
9372802555
8806100013
7949293770
8552911911
9373233390
9356561848
8983586270
7798563071
9860484270
9822085442
7350033395
9970700531
9130439057
9860056467
9763618001
8468987173
9822355280
8888869473
9175474054
8459066530
9422009292
9172561521
9022604068
9657979200
9762014491
9579306776
9900022329
8484094641
9657627125
9607092828
8459286367
8830082009
9284899415
7020127769
8421512069
9960445033
7447441331
7020045454
8087682470
9699789695
2025445575
8055566789
7798255000
9766159047
7798775647
9112259558
9821667482
6353339570
7757024647
9689692000
8390371664
7875037800
7387097977
9028779940
9371462295
9970741208
6299377808
2026431001
9822594411
9890462957
9420696186
8329054913
8668859192
9625957624
7378800027
9158609607
9860457070
9225635994
9049519400
8799896514
8975085245
8087735777
9764743550
8975655654
9921890579
7040091080
8999601788
8432622009
9021684715
9028493335
9921996360
8767563695
7274818818
9519533133
7757045059
9049584954
9913954249
9762151171
8237723906
9610456254
9511926790
8087776787
7722041213
2040024415
9823229435
2040079020
2048612559
8007777284
9960760001
8999703588
9405551151
9226561461
8669999399
8208114986
8446652679
9028984374
8446900222
8830590909
8793200222
9422877505
7020183971
7767808074
9096405333
8983400222
8329643747
7038899100
8483098263
9119574119
7349287268
9673560445
9921004643
9922968865
9823081099
8087287111
8999681344
9765539846
8975418120
7755955519
9922929350
8237076800
9145224455
2041231230
9049999234
7719021969
2065003684
9156520718
8668630465
9011349898
9130487483
7049000888
8698144117
7038166053
8007171361
9589972020
9850754420
9270749655
9527538700
8888383416
9822666355
6357635806
9157495749
9821868737
9359380799
7385770101
7798217032
7972025055
2026166466
7709992257
2040223473
9307367809
9579012233
8698223388
9175923306
9881908241
7385131725
9822698070
9175400800
9673588778
8208909423
9822063418
8390135300
9921103012
7770009191
2048508000
9028798279
7666848545
7020150773
9850100855
7620819381
9028414428
9168696090
9420382324
9112113322
7303885709
8048250488
8446323692
8551958585
7020824191
9767397111
8766599646
8046011725
2282150551
7887889182
8408985306
6507814080
9175337569
9095456473
6468459312
7276228555
3123768303
9623436111
7447409162
9607365656
7558292700
8956008984
2032876050
7447499676
2066346060
7768006007
9890558266
7888029103
9923060889
8087085354
2024221898
9373203125
9011022334
2026447507
7888087601
8459260810
2044151515
2026449151
8956049164
2067113636
7888051000
8048035331
8308805260
8010911256
2242717777
9595339999
2030571441
8726812418
9922913354
7507799999
8001021043
2049027000
9607956555
8007867303
2063103200
2067103131
8069856101
9036247007
9823396662
8446666123
8530952638
9607131253
8007887732
9823680744
9422778343
9225510883
9529362955
9049688188
9763799826
8626020635
7709666579
9890941267
9421861640
9011515788
8830795737
8600194914
9850277150
7588220980
9890162020
9921268616
9697983773
9028344673
9371021519
9673318769
9130112232
7775019344
9665040490
7798612243
8149045205
8745900450
9561517898
9890132682
9823098742
9850958866
7057050867
8002090144
7942876905
2025650781
9552932701
2066073200
8793000414
9767784329
7942762593
9970391013
9225534238
8411885977
9823065386
8888469660
7721011555
9130002081
9028005502
9588415845
9175492000
9764475655
8793224455
9823010935
9823537057
9834952977
9511850397
9607900451
9028790379
7385612442
9130126096
9006004700
9028036471
9850819041
9763500500
2067870249
8408859836
7387556769
8411002452
9156751442
2025533822
9595889988
2066230100
8007398123
9373530303
8530113456
9822658948
9607529651
9764122331
9890333090
9850732215
8847772111
9960317339
2040040018
7576919191
9823049049
8767411297
8605755551
9890904444
9373336309
9822477769
9112222764
9119731234
8668639320
9405393959
8600544411
8087966992
8975400253
9689901701
7066290099
9766729029
9766090316
9158128855
9823742007
9657772004
9823018112
7796631788
8087023377
8446699970
9028697373
8408017526
9850021821
8055563001
8484083070
9999471384
8956327138
7769846060
9175895563
9860366311
9021181290
9619067161
8007222021
9175745012
9624252543
9175448801
9764830022
7030414254
7276470396
7887880508
9398091421
9423577124
8668272717
9923287864
7775834987
7798201620
9607092902
7756966194
8007999213
9049310008
7083802198
8806344778
8459469405
9158899996
9767914302
9545100530
2066834600
9422065070
7722018877
8237060559
2029525114
8208198449
9028768935
9665990310
9767851881
8956102340
9921370035
8956126959
7498727474
7778883832
8007890399
9226567676
2025580000
6264689448
9011180472
8888824040
7020930798
9503888883
2024455631
9011050005
9922232222
9923133815
7020873300
9689882264
9922399009
7387788458
2039898090
2024405500
7758809699
9767969684
2024486969
8180010307
7058385987
9881468585
7058654812
7030412666
9595253700
9762069961
9172136478
2024459635
9604002748
9370678113
9168682200
9834090643
8600005100
9561398225
8007005455
9766273698
9326656062
9850766768
9356607110
8401840142
9607083437
9921558671
8626062719
8855055049
9075791163
7620233076
8087524788
8459295733
8010479985
9970656785
8873591006
9730139448
9881130003
9561046171
8237828813
7762025304
9766622662
8999042677
9890942642
9881245245
8291225201
9923698129
9422490076
7620283802
9689152668
7294128716
9075045812
7083130808
9923044786
7744039966
2024212199
8668292627
8941001002
9881698954
9920018184
8818896041
9850880029
8668529894
8048037041
8669667516
9422002145
9960115367
8668539219
8048067336
9699766900
6376634479
7727962293
8390416455
9922742813
9657200757
7742902188
9960088850
8421748447
9766134817
8329115274
9075101010
9075505047
9370083309
2048609043
8446037080
9604558378
2026053215
9767726354
7276899111
8087091239
8698888000
9637011233
8956832880
2025652510
9970053346
8484913333
8698711122
9657142475
9011511044
9665539292
9156453001
9823556423
9881987538
9881118768
9767242221
9767240009
9834800945
7888181609
9881670284
8805421247
9823928262
9552704936
9921747362
9767492504
7030692112
9767313720
7709111820
9604297290
8788745995
8856048042
9921181807
9373222375
8055580830
9975917355
7972479810
7304207272
8055808787
9175188088
9594499666
8380953800
9834015249
9130220171
9665556785
7888199907
9856809090
9860687280
9637596971
7745005588
7070701515
7888023025
8624993838
7559390056
7362095581
9917603060
9960300310
7755938211
9130327111
9922931901
2048556344
8149269132
9822338125
7558449187
8446017144
7767872324
7410134405
9960454139
9225337601
8530412143
9011015000
9881682034
9075338080
9284419845
8468888666
9226641191
8767078888
9168219599
7020598663
7721869150
8605324671
9284170698
7718904655
7796670707
9665882871
9158718787
7400180051
7385169523
9422840697
7709902201
7219008308
9850765665
7822954195
7620036983
8594840840
9172696626
9370448062
9880778585
9765602932
8956567130
7517913684
2024261441
9730388934
8047314816
7798737751
2024376515
9822787870
9527942323
7767888881
7038000001
9359285479
9096346575
9923817032
7020994053
9960633484
9881716524
8888588284
9595956711
9096428787
9607685829
8888600050
8698287868
9623935935
9822148521
7038398323
9764551333
9823243444
8888887791
9890239777
7499914181
7720075762
7505205205
2041299000
8048702228
2025424365
8975260897
2026122485
2066896706
1800110139
9146662025
9441124000
9923062222
8380850001
7030224000
9371083034
9403892165
9315477756
9822629966
9764548822
9730112087
9422032257
8087777462
2025513400
9919913657
9850447060
2066865858
8668271586
7276212393
2026831325
2025437921
9067050909
9822088875
9850007996
2026837500
8237626208
7775040405
8055506655
2071177198
9975777921
8007888881
9988581582
8047759139
8087992308
7030962933
9108602000
8999923438
9403343950
8888034242
8530949444
9834375579
9420658698
9665017607
7558351003
9823768666
8600281002
2041423101
9792621121
9890059884
2029911992
8983004197
2024217538
9371654387
2025540041
8888813005
9423003268
7745856602
2030562100
2025441396
2066289100
7888249888
2025466166
9766664627
9545783879
9623744217
8421316228
8280268000
9225065154
2025899691
9763722424
7757900253
9447719344
9518592437
8600461460
9011055246
8767672440
7588168228
9518960901
9158524211
9970166530
8855881350
8830600319
9372440445
9225521726
8048032516
9370593931
9049113709
9665845340
9772566720
9409035380
8308812280
8042754356
9011010111
7507590999
8048047568
8048069057
8048056430
9325202142
9823777111
9595808808
9307339965
8048034436
7875726262
9823924748
8002685050
7387281072
9545027117
9607135757
9850979911
7030232532
9422644411
9921603663
9689893356
9822834285
8446304191
8308808448
9923822624
9623053542
9158105909
7350038849
7776891121
7038842768
8888803835
9850349625
8796643828
7028482879
9119533551
9890158557
9545045719
9764448846
8181817777
9404548587
9689402151
9028230483
8208178011
9637819180
9822070552
2240137119
9823181422
8182839435
9588470690
8087821234
9552664343
9921200045
9529630488
9132033033
9834037956
8928299010
7020469528
7057464805
9766383202
9960410606
9124022828
9172211729
9028928375
8767423324
7506897853
8928805805
9923500307
8080132731
8668651152
9284549958
7385286556
7620297919
9922494446
9503483679
9890633840
9922181816
8983357074
7558479696
7798549214
9371070633
9529154881
9373330724
9767309446
9011945774
9604211725
9922444544
9834458728
8793869460
9890055670
8412881188
7588870397
9921955111
7887662626
8007777569
8047637076
9422035440
9011798886
7249418365
9657977743
9767892463
9764432853
9657329444
7304730700
9613720555
9011195315
9923333575
9422566215
8605017186
7972451758
8788225152
9765507547
9168378651
9226104078
9689917451
7083091858
8698808923
7028896280
9970997382
9307555065
8605680556
8698851589
8007073505
8698141607
8956828983
8668252801
2041228409
9823383341
8208558923
7420851765
8657254725
9209015138
9899795867
9158492050
9730144455
9822453914
9175757461
9730531553
8484818160
7058317543
9958782889
7776014848
7755901241
7798034875
9699191303
9511916626
7498855935
8767946293
7040118989
2025671496
9322284320
2067096900
7276844588
9022051223
8007830913
7893875021
8530698844
7775065614
8886904030
2025656932
8886006441
2025908001
8208547497
7066027860
7875074426
9272000111
2069018607
6232493207
9179972424
8446236655
8766583229
9028942128
2024222005
7666220333
7447322247
8180999247
9175498207
9220518202
8007122500
8668303520
9096456355
2041471111
8322437123
2067199777
7507559900
2025533040
7448099000
2027426857
2041236336
2026160101
9764449938
7406448886
2025535020
8055546000
2025603939
2027144643
9923236267
9921199888
9309380958
9503939911
9975707273
2045238872
9823327557
8554007676
2046009797
8485888313
8669986885
9860690396
9833100676
7875541147
7028648204
9711789352
7507043043
2024274168
9970285536
9822356559
8087587855
8308010192
9545986483
7385629974
7447446384
2026337979
2040098393
9422986279
8956348448
2026061860
2024472398
8830055794
9145337686
9804606606
8805050647
7709055577
2024275987
9049990905
9075654499
9370103997
9175801030
2026860447
9730333206
9881040264
9503460747
9156013917
2026134118
9284154059
9595950441
9764308500
8446631786
7038631059
9823311200
9021468797
7040297152
9960731894
7276401777
9422079073
9730259500
9011277602
9619582005
9272170885
9822292210
8793669076
9021324947
8446007797
9766641022
9765875047
9713706810
9309737453
8208817925
9067606855
9209108943
9552520697
9673098805
8788503919
8369187775
7447447906
9820286265
8655056566
8041310018
9028346602
7041970312
7066764764
7262951230
6351107906
2044850649
2024475011
9923689180
9270236557
2026387992
9552448686
9764206963
8860081332
9970858082
7397978395
9822279457
9272873071
2041054600
7506598059
7875508619
9028287858
7270808080
2067092095
8855051523
9921872226
9834584962
9823475791
7081294540
8789999084
9766076638
7588281196
9762033097
8983340950
9421926055
8605589851
9762005097
9322537878
7020047954
7218946235
8149290454
9422022036
8999245588
9112319116
7020754857
8530013042
7566470483
9028268282
9579386387
7303514453
9764686911
8149592292
9561365696
9766823324
9156321111
8446314149
9272129797
9765075680
7058786225
8806493300
9766773518
9881076677
9503330709
8788497443
9096546876
7499505242
8237889709
8830059808
8805021204
9763406565
9503199200
8799950094
7387768105
8796940312
8767895275
9689611218
9822173722
7020012515
7020533219
9922745833
9823031393
9850504620
9960520977
7875777807
8766031984
9881463298
9699648700
9823751602
8600238986
9322411844
8830505437
7807294280
7219631592
9689147577
8149446230
7506110861
7757004643
7498621268
9579948877
7758988557
8149213360
7875282857
8668847226
8411817343
7821841298
8806510101
9764184754
8380044888
8007087555
9359939912
9156119769
9373837557
8793142811
7387199904
9923671992
7263900195
9860016110
2030537800
9325034315
9561022215
9049056193
8010611682
9850465201
9168996110
2026850910
8421666205
8421932479
9881784679
9503663750
9096269311
9834094877
8855003875
8275541439
9370314868
7276118894
8149931670
9764286344
8412980612
7620074937
8208551363
8668525913
7350791574
9689928688
9897641995
9822299526
8655148234
9096138373
8830207984
9890124393
8275704560
9403290469
8483805227
9423041239
9145224499
9321158475
8004199005
9525258080
9011411066
8855893750
8062744102
9834185300
7030778677
9823071004
9822303750
9860901187
9960362333
7709654997
9325323218
8319884367
9130055954
9834734279
9503546625
7798638890
9284446268
7719901160
8459592034
7262955444
9922460772
7378401918
8448563025
9172353767
9373437861
9689535435
8390944337
8421700237
9890945465
9673163655
2025691474
7767899662
9637935195
7972953043
9130002536
8446422433
9168044651
9922804651
9823189231
7057620631
7020810423
7038280198
8605372878
7057446551
9892409586
9170655427
8928892379
9819357596
8850036170
9682247617
7070000635
8097984157
9768346115
8655651373
7400007066
9920023413
9004149057
9920054074
8071178527
9833941484
9594338801
9919672497
8828497246
8850274372
9587695470
8082678797
9930814922
9082459353
9892713047
7021983781
9833517875
9224119918
9602331668
7389196247
9833925519
9137791057
9082070782
8850172209
9892177561
9314444747
9821642723
9891755001
9594066643
9372885328
8828826660
9820397257
8879523696
8976410350
8080458637
9833327674
8985692171
9820781412
8698428601
9082243042
9930281240
9992226701
9595450555
9136019204
8929082303
9987456866
8655312185
8459111191
9321407100
8128126500
9820415848
8691068747
9082240703
9594532633
8828816600
8108118152
9920977236
8422800383
9930652325
2267126060
8169228910
8454071212
9076072727
9205004404
7738491546
9558216969
9967482137
8169894276
9930265505
9769430755
9029258055
9819776699
9324565367
2220870053
7039040997
9076303233
7428290703
9372693683
9903180278
9029372537
9082225113
8454096458
9664505006
9867230103
8097383494
7506674260
9967056016
7709799900
4435797259
9833538668
9322820524
9699654508
8070080999
9833554776
8788464862
7738788775
8889287660
9820787098
9769925826
8652351682
9137376124
9561383726
7506037477
9930722498
8097063379
9167496350
8108462625
9833071115
7387624664
9833688958
9967502476
2231996744
2226794921
2249740075
8655863363
7021370399
9867842800
9594288747
8879790825
8878807184
9004670813
9126374804
9619313098
7666442227
2269407777
8335011111
8879983939
9920073179
2227704600
9663398581
8657368126
2235430464
8451086339
2071935456
2227811457
7506914867
9594449393
7045540400
8779925348
2240480000
8879004536
9892272769
9594542947
8657913003
9920437879
8591130192
8976676689
7666947770
2241769999
8928634351
9136007624
9999266637
2268839393
2235617963
8779174313
8928386884
2249741159
2227706749
9920070205
9867488006
9820746480
2227709574
2240125628
2262601010
9820554055
9653301129
9820972428
7506112097
9372762170
9619985858
7710000964
9870944865
7208232693
9082407713
2227792815
2262646800
8889999686
9082466331
9321182363
8169939494
9284466125
8182832000
8286900801
7021844576
8779476945
8454854963
8080608089
9702232264
9082672105
9930494883
9324336729
9820460824
8828738132
9321643305
9768074804
7727877056
9619388519
9321850787
9653210275
8591270868
9970263472
9867385786
7620595613
8850234204
9321909252
7666696212
8983338833
9967485808
9819950609
9820928789
7777016109
9664200002
9540004700
9920200241
8355867156
9372298659
7045995851
7400335841
9819876367
9967352648
9967477537
8169855990
9657333753
9321126934
9004669256
9136955101
9271844445
9702463062
8928474447
9222088429
8657822717
9892908240
9967584554
9167127127
2227894528
8104771695
2227702639
9768053275
2261486148
9873183625
9930269180
9920130144
8655050510
9096985169
9324023344
8369451219
9920932126
9321174810
8454005360
9967651157
9920257972
9833414151
9137438101
8055577374
9322841701
8369110612
9520982437
9167677002
9137454549
9930087879
7738773636
9820262461
9930022269
8424043639
7304135136
8286750153
7021035193
7208138899
8850600144
9619619489
9322465322
9819971503
8898918875
8080081343
9137767610
7710975781
9892591881
9892889125
9326651079
8850390667
9004784589
9619223733
7718036591
6386912158
8369296871
8830459175
9930910550
7977088636
9004906354
9930888907
8976493916
9619309231
9967227734
9967835866
9833483327
7738461004
9159488752
9867755559
9152019696
9768119009
7977204118
9594216455
9029301213
8108608640
8104999511
9594239065
9819558464
8082626416
9768136906
9820310476
9323813600
7506110053
9161038568
9650024682
9819124267
9821686481
7711810101
8108106114
9920705629
9324292451
9137544927
8828269256
9004336800
8898773705
9867387372
9930735980
9324233988
8369202608
9821021355
9930717454
8879532566
9673236992
9324118820
9869638508
9619570026
9136321947
8600372830
9323155771
9321059944
9323476154
9575767159
9818665928
8976535363
9870709926
9137176461
9820173444
8062914873
9106613497
9769102352
9820792536
9892115508
9819898011
8169373469
9820735599
9602315573
9833105109
9167204880
8046984924
9892236632
9553073030
9222997066
8454058702
8369276962
8879051606
8652308620
8080792424
9699035786
9028671828
8605940276
9820792485
8850535839
9224297246
9821452965
9082733965
9324905240
9867703957
9619910088
8691881245
9833295477
9082388385
9730039447
8879659216
8881344443
9773161543
8104683733
9773565131
8291425848
8655555976
9833970504
8291181964
8652855825
8624051620
9987788485
9653342389
8591732960
9324774567
9702402402
9899881774
9619567001
8070334500
8928014443
7666322000
9769429980
8534034902
8104143824
8069270008
9867166667
8369008596
9987567224
9930151149
7666477224
8355894115
7738269232
9653471466
9321584678
9004001678
7777005606
7756987799
8591594849
8591420077
9819090923
8850661962
9833200300
8888225522
9607886077
8779647405
9930028700
7738381897
9136611998
9167647764
9136972087
9967329119
9372024736
9930917527
8097634572
7021185765
8879427138
9029252861
9890473010
9594774909
9768217750
8082070616
9664551220
9960228599
7380412954
9892476305
9822453202
9768602864
7888018098
9769779785
8007453007
2225792154
9049901412
7620987103
8655038700
8689857089
7385966304
8080226939
9869136820
7588731823
9892493724
8668513058
8108406610
8960815331
9766108200
9326172658
9767098237
9768268843
9960656499
8506035793
9657717977
9594364713
9820223324
9822423687
9529312975
9689207132
7480936585
8451872652
8652154480
9545692200
7380306186
9890954786
9820347284
9920529961
7668669048
9890247460
7710972961
7558411920
7400375558
8379809613
9076109058
8261005036
9967075503
8626045480
8982871007
9769348683
9004405441
8698536281
9920333890
8779274431
7738763005
9082188522
8369912678
9987354553
7977782066
9930200707
7898699246
9167720707
7752818267
8369796288
9511728314
9152420707
7304575185
8005716388
9326186835
8010189967
9137394563
9079088118
7977639934
8108104621
8983647082
7977446900
8375893658
7388887976
8767961958
9850415259
7506509497
8369294826
7972925926
9036936907
7045446450
7378388999
9090970202
7506075427
7045513567
9860505249
9619919892
9152322432
9527177293
7021796803
9892062001
9637999126
7021381449
8169582561
7985850801
7506501737
8451932565
9112658010
8291830252
8874438487
9137854464
7045211036
7021581943
9892302930
9324350106
8928206972
8958956162
9920088866
7400116655
7666985184
9990077116
7045342859
9823545480
8928048503
7974277250
2231691472
9821086316
8468982993
7676024024
9004912551
9503373499
7420001535
9762478624
9082102648
7767889010
9594934045
7738332729
9834903107
9433271738
6396943310
9152300915
9930722455
9371620092
9222224656
9607901020
9920478378
8422095539
9850022277
9594528553
9004816171
9168611492
7304964010
9082234427
8767174297
7045553444
9120302815
9760613378
8669198015
9619010007
9960919367
9850060710
9867873647
7875811113
7738088072
9272161896
9702398101
7385646848
7738512887
9769319430
9028406611
9619753157
8591148079
9867388975
9552505198
8591861856
7205715777
9309584711
9819018398
9167700363
8286615336
9569426724
9892461345
9670317855
7800548128
9137213445
8108517647
7021599459
9769131177
9870111053
9819893916
7972300575
7823038645
8065070542
8591877835
9137394605
9222222616
8108493978
9653466672
9594285190
9820388267
9867614163
9819737794
8291928497
9833788725
9004257003
9892551111
9821243350
9022174027
9272449096
8879630060
9888839111
9223472254
7755914372
9326770895
9518923026
9623335933
9766881868
6389345920
9819431734
9766771092
9619120505
9930605692
8080433422
9664057138
8169797578
9623994661
9819565650
7304772309
9024505499
9065010594
9839853900
9930030655
9661416361
8308274092
9517102820
7620099892
6390152428
7710952075
8080899634
9833409717
9850818813
7379419746
9026356207
9767091545
7518278740
8976888982
8788424161
7651891500
8087133862
9892588821
7378605608
9930901593
9284510014
9326483928
9763710047
9082087611
7977228959
9527418401
7666273199
8828001518
9920056695
9323555724
7977678107
8484075554
8421247429
9665453817
7558640074
8888779626
9819865105
9833038096
9820122272
9867218960
2024221151
9702169448
9850966223
9082600427
7888033323
9619858678
8459046788
9892889946
9767276920
8097800600
6260191969
9004275529
9923663439
9004805029
8551032344
7719852196
9820039080
8796242715
9870622817
7020096795
8591988891
9209159243
8451021610
9920337676
7738283596
8037759994
8037782597
7385417241
8976055966
8037784466
9595620204
9326893331
7276411414
9820148958
8149391602
9664326125
9892959590
9766139299
8037838216
8830935490
9322555999
8605915272
9867344555
8767245275
7249363832
9967863773
8983394622
9769320706
6392101045
9890955266
8828671601
9540734908
7724838383
9773317866
9860416114
7977810089
7066567313
9619110515
9011123079
8898118711
7977467674
9371051428
2227712831
9565979255
7219826130
9271565048
8689917846
8007575512
8874603434
8177842581
8669351021
7985931575
9922642784
9987171486
9975287263
9594061554
8975818896
8454029945
9324511413
8080808109
9922082578
9076426977
9930299523
8830359543
9004287340
7775979945
9664315640
9970792979
8692857966
7058996300
8591930162
8829960890
9930352617
9321492276
7875103104
9004987837
9503412609
9773088872
9922581135
9324595265
9676738401
9372580311
9892926467
9823356518
9768186837
9921316285
8169799080
9769593481
8237783282
9920644395
7020149021
9321933355
9702831618
8866595324
9359280427
8779512978
8655993386
9158934318
9869952621
8879710887
9152684917
9120089047
7021559929
7700032539
8591563971
9172421497
9167676300
7757004758
9218047420
9028796867
9892802816
9730067573
9768047348
9139126739
9324439382
9325895322
9619387841
9960204841
7977762189
9762124393
9773199347
8605720774
9820573993
9011585134
8082411917
7057270742
9820114602
8862058053
8879043748
9821329772
8652806299
8421536594
8299334425
9921347494
8898551199
9022442197
9226960705
9867249364
8286941960
7039175142
8083823838
9822299902
9082184400
8928597065
8830776890
8177883299
9967580341
8425927851
8691939871
9356211701
8070701080
9326166875
8788288116
9869762516
8422960024
9890522306
9819998034
9049395723
9987606939
8850139330
9619204507
8898663770
7738747544
7249886079
7496873113
9588199110
9326317378
9466225672
8378066686
9987901301
9167649137
8668612167
8828823133
9890345380
7350111432
9664741473
9930209933
9892345154
9854661818
8080396546
9689427252
9076000704
8485000014
9034068468
9702055571
8888289360
8850126627
9769472440
9029303135
9545609873
9834108328
8108278451
7498037702
8425050029
8169159784
9569151463
9653689510
9225546847
8591021893
9820435223
7769000379
7506634547
9359298014
9057282730
8796010091
9324244631
9773593707
9325026968
9029181641
9082193672
9970701000
7506425187
9833299678
6361400157
8424898807
9702280774
7060046002
7021984033
9920300985
7777015593
9869334731
9850516665
9552992278
9892402882
9284954966
9920379260
7800870098
9773388661
9604623623
8652439874
9102048293
9664496999
9004462515
8759989999
7507625634
8898453315
8856898595
9768036151
8788876386
9900566466
8876799767
9819367223
9923000778
9423733930
9768762786
9850270007
8975460692
9321429725
9819832744
9851375757
2227784200
7741961239
9689892111
8805040303
9770322212
9766781110
8668779767
9657946991
2267231000
9892199662
9823969613
8828284442
9552525195
9323033514
9355510571
8048030354
8433564692
9226920200
8169974090
9158211090
9890044900
9673307070
9607666628
7304396979
9699884747
9975030227
9324395239
8484981939
9021351664
9920044770
9307902325
9322259996
8261038296
9987823076
8669922163
9324039986
9860446542
8369714451
9702143960
9552955281
9867295293
8888895105
7666838337
9145593415
9870774296
7208941309
9769873473
9604491933
9637100222
9552016001
7249222661
9370613157
8956005620
7738664121
7030704000
7400193799
2249706907
9967576728
9822326813
7304157986
7770024155
9819198951
9075799971
7506001337
9028240696
7400100805
9772337138
9822423070
8655339945
9822553020
8419961183
9820864639
9607691999
8591150916
8888363101
9811104169
9833729643
9881308806
7666200800
2024490583
9930249947
9820292016
7774892805
7798619619
7715996619
9921044300
8291823626
8657099361
7021227498
2223421177
9820247211
9028227364
7208102303
9881240689
9833664426
8087164924
7506573987
9834562268
9356859426
9819040658
9527395604
9136266585
9769456294
9546434040
9821074682
9411066397
8048030575
9130070722
8048073495
7777023072
8169922538
9956269956
8788060571
9321623789
9922009564
9223439986
7822053452
2226399350
7400188356
7385024414
9619923210
9870283730
8862092781
9321910871
9820622123
9130571495
9767171696
8888809416
9833810960
9322378457
9819863229
8450906120
9324011612
7620446750
9820729297
9930104347
8999501118
9860671574
2071173125
2228476348
8766016640
2269253789
7083544123
9702000084
9175687568
9869545819
9823947709
9820396134
7770043825
9689468899
7976500600
9833862437
9833699387
7499213828
9323174028
2071177359
9513392223
8527877279
9527354004
9664284312
9920886699
8530070721
9284622789
7219777599
7420840576
2071173035
9323900992
7875580668
9167064434
7304577844
8237077325
9137345556
8591112849
9819065922
9137215308
9321177663
9657709975
7972377184
2067124100
9665040106
7520034634
7774078477
9930024359
8692805267
9930910651
9529566661
9595018000
2063102116
8080404314
9850986988
8935097888
8408088550
7208120360
7774898973
8291931139
9920972271
9892044013
8983044698
9820853150
7972456371
9022120324
7700900039
7040010693
9823025343
8208557739
9870295810
9892447952
2261163300
2065263309
9359540107
9920626874
9870894922
9922525959
2261381234
7710955110
8623872863
2249785530
7447482084
9623302129
2242630400
2262360564
2266407676
9975340919
8104586336
9987184296
9860571681
9821522314
7506992728
9834074763
9594853278
8237277769
9075056050
9096174248
9967590707
9730839873
9309044273
7208727920
2261691400
9664630451
8391911911
9765802667
7977770113
8452010341
8793938874
9619404202
9860607410
9973154969
8605062250
9930070660
8956901836
7021414349
9833981813
7603032300
7715969921
8007172849
2225007062
7887557441
2228574118
8766597343
2240811111
8655025056
8767124136
9867660596
7875078988
9850021967
9011440202
2267722911
9881103650
2243222800
9702655927
7777094786
2240227034
8425078174
9699332603
9004928919
7276677444
9890434013
8883832222
9766397512
8381009662
8169771298
9890546018
8169809775
8082561028
9158211119
7400165551
9920454177
2261509300
9284946561
8550906117
8511784320
7507835565
2240033317
9967226700
9422472525
9429691011
2246124444
7972812221
9819994284
9986990118
7385478759
9689689975
8976330501
9860088524
9594817382
9820527627
9345466929
8669666157
8169172626
8888851177
9930996031
9769268512
8862009962
8055839378
9920598848
9322533838
9665548189
2066766000
7028457562
2049110303
7798244997
9765629686
8565010010
2067112103
9920081371
7447443661
2066890791
9930208257
1386006976
7757921572
8655472544
2067687016
8879906881
9370946897
9702943935
9717845846
8291983837
9225959111
8788933620
8805888859
9960550864
8668442535
8792538715
9870254980
9730022110
8390605878
9619794969
9021738392
8976803609
9930903090
9607355959
8208368766
7875544468
8669171782
9702355655
9920240683
9870141913
9175984596
9819872404
9076551026
9967054979
2267779438
9820790117
9890822000
9191405545
9226141498
9850500480
8369487891
9324491680
8097019091
8390905726
9137675200
9860437377
9833991350
9822119937
8879570311
8879332224
9821197034
7975852750
8657407299
7020262456
9821022342
9156030395
9370903399
9930077760
9833344333
2067680404
9822880670
8097000970
2040130400
9819172004
2249713075
7498714965
9711445101
8446366662
7756869619
9920955339
2067441111
8025210083
7722065205
8807422448
9594147486
9850021906
9167117772
8411000774
7304056607
9355579730
9930002149
9270001751
8446133233
6265245895
9527692587
8433835983
9822428338
9820921592
9860147671
7700974123
9082417260
2067668830
8448448718
9833003025
7620239278
7350070755
9920532734
8600248703
9082246598
9021559164
7350014114
9967001780
9172301688
9699674555
9891557555
9819815151
4086475253
2069501100
9768005850
8268207128
2048600400
9833679329
9923417213
9769497715
8850776765
7303030808
8355850551
8657864977
9699675926
9822030294
9945850527
9810786835
8055020011
8369776116
7569340848
8468836850
8369315481
9699753213
9850070368
7058234395
9870065900
7719882295
7039836821
9325013467
9987055100
2026820319
9930258156
8999752067
9867325264
7276030903
9920562587
9518924082
2261277011
7020444692
9820054581
9075969534
9152987827
2266587777
9029027074
8657202030
9763396156
9780401101
7700012340
8369585790
9975498077
8451991786
9503154144
7061576526
8655967307
8668380880
8779414870
9819696367
9031044395
2228500835
8512928735
9423569958
2247839651
9975216921
9881533488
7304433800
9974710001
9867396606
8591921310
2241206095
9987640795
9579075191
9920470711
7021211628
9870081556
9820062906
9321477707
8046039394
9920391007
9021928862
9819078150
9821013826
9594631795
9321735717
8839245938
9324877148
9604382850
9028739371
9820601305
8805500444
9160950649
2268262100
9082660378
2067033000
9821569885
2026899601
9130189338
8657009632
2067282000
2025412211
7066028888
2261828400
9225518824
7304639164
2067263500
9833382206
2240491880
9049873466
9096909751
2245917760
9579271231
8452990730
9930425384
8983069523
2069289908
7738666252
8668911968
9004574520
9389551374
8956625427
2067610400
9076675665
9561222438
0212797979
8459354546
8779784050
9833221141
7977137718
2071177008
9137642102
2240429500
2249789686
8454031225
7020103785
9422375253
8451972009
8930233033
9987202261
9833985910
9833108815
9322673599
2225103378
7410073340
7738260089
9820667531
9820215918
9657135101
2269404555
9602656087
8691825737
2228500104
9920790340
9137593187
9773849749
9967319592
7020553539
8694018694
8291055055
9870114578
8356914278
2261887600
2240556200
7039675041
1725088882
2268878700
7387381616
9773567349
9820189873
8530683763
8433730827
9172711103
9228864839
2228374798
9860663300
7768012307
9054450613
8070705588
8999949582
9028161091
9920272088
8291204798
8237224748
9326393611
9689383316
2240054245
9820356768
9870538831
9763887389
8356899468
9371006135
2267107071
9892514709
8383024748
8830918670
8355937696
8451034846
9923377325
9167243835
9137802933
9545190405
9920801242
9167243839
2071171727
8169320586
9967599801
7039011552
9960555185
9990444233
8655343081
8068176682
9112298787
8446907730
9152929343
2230800201
9823522625
9820850090
9769981804
2267777777
9702308691
2235730762
9324655848
9324164259
9136264656
9321819729
7718856050
8296888111
8149190963
2243421500
9153760501
9820004115
8929784909
8308233195
9595849800
9022747751
7710892279
9970787007
8898445630
8042783349
7397900132
2241546000
9320494849
8390681825
8879309554
9820829197
8983427277
9888608424
8000080725
2228327276
2266083700
1204120006
9890979219
9224145455
2266941187
9967767604
8369241588
9225520000
8329674894
9167995023
2262392101
2225001900
9137838418
9284276168
7057076663
2265263184
8037266888
9823295295
9372089232
9819752332
9833294808
8591616424
7738509497
8446760670
7506808008
9819816669
8390493388
8668394421
9325692228
9967754362
8080492427
9922416666
9300180019
7304036987
8383074026
9920593693
9702164956
9987441453
2240473311
9004629888
9769191173
8879251188
9513175566
8097020300
8169947573
7942529292
8369016427
8104140747
9082535918
9702399668
7400372581
9773172582
7026000738
9892929076
8296724828
7718880341
9619823636
7735807514
9762522141
7718801660
9372122630
8872180500
8779849298
9987763162
8879941107
9931729450
9867078427
8369113037
9369298692
9967489709
9323825824
9920356664
9867669568
8484951323
8291203918
9960023017
9067179551
9850519111
9653429684
9028049470
9822013183
9930787307
7588954753
9158413357
9833251878
8828402238
7738093315
8097734167
7304443599
7800880068
9021170544
9175912752
9881240512
9545011386
7378365783
9511797416
8308401111
8975711110
7410077782
8975213990
9920216601
9653475522
9869715522
9833521457
7385065400
9870280348
9372402074
9967777534
9049978025
9867297207
7977508196
7718057277
9870197866
9595935001
8779265557
9029503549
7208740122
9731532713
7709970823
7977732096
9042171782
9819632642
9920354577
9700006323
9920072901
8591034145
9324246535
9762786799
8007000353
9819701415
9820419650
8374297381
9881198285
8862062905
9930081901
9372922067
9529454472
9769403525
9028777724
8421717871
9821091817
8082716844
9930590299
9175379110
7208477691
9975185209
9223457201
8668233913
8108020055
9372594965
9702339774
8108130097
9029811550
8652477655
7028321111
9828363287
8879960280
9820072084
8210040915
8830721935
9021660127
9657388851
9970469912
2235064831
9372494157
9004464377
9820853534
9370010202
8625938154
8849217815
9930354364
9820953536
8879220154
9821027986
7738509216
9987931480
8777629296
9637320902
9930561765
9920518931
9833050884
9768589480
8249414071
8452056110
9892710130
9607717171
7045328014
9619252433
9833965947
2226325620
8459170210
9082190013
9867133703
9969023246
7045645632
9920227430
9892392990
7276539771
9869118180
9029701392
9920764766
9769874666
9730002232
8097592386
8291681641
8850133382
8655418911
8369519253
9960720160
9833129391
8369780645
9920442212
8652438151
9324888136
9930833952
9920661396
9833623605
9820888521
8828801717
9987448397
9987297015
8652460995
9820779554
9821343482
9359543835
9967281742
8767072536
9970042262
7045492124
9619872667
9820511735
7700008850
8779774040
8355951603
8169099028
8424049755
9067903326
8806464815
9619943681
9702169488
8080160826
7984451373
7977897670
9137541508
9819099721
9594345743
7506701541
8080413888
8291267647
9075701989
8591357070
7798993899
9503589554
8097962099
9820862874
9513255650
9823234227
8888434772
9921296684
9881150763
9284845481
8999106319
8830228111
9819594477
8828789233
9594222299
2262396048
7823084059
9529196997
7670800000
9921773172
7721963507
9130594496
9969949424
9028724992
7738706169
9960809723
9819181981
7709144265
9004403080
9922445505
9326263172
9167677423
9011568161
8446330823
8087875000
9819106308
9044442989
9619248430
9819361809
9223023928
8779272114
9665132047
8369073351
9321656064
9987913332
7038104013
7506259258
8419931234
8369655420
8369608923
9820424965
9930399993
8079818181
9323036863
9067660157
7045349280
9372010196
9967497378
9930100965
9604974275
7903243332
9307607787
9930207179
9867244791
7021199676
9920368015
9967413924
8793175655
9769229509
9321573052
9870137204
9820372183
9076374046
8450995494
9321074200
9322578780
8108779003
8767554100
8691070023
9867563969
9819762543
9152102212
9967621032
8879539283
8291766448
7045259248
7982100200
7039723823
9136230124
9322304319
9922681466
9819352829
9922283551
8001030054
8048034602
9822080799
9921196794
9867559540
9324410770
9867691764
8097757068
9702708577
9657142895
9322039653
7385455276
9924354374
8657017320
9987660142
8898786793
8411960616
8605733939
9082909383
9637072588
9870595555
9321438489
2249398212
8433553696
8698198000
8484962474
8007166123
9920261392
9325793485
9029595587
8652286383
9328943340
9768226978
9820516431
9930068300
8605385052
9600005002
2246180398
8037840199
2248966458
7400047609
9529065641
8767035881
9326579327
9137507719
9930835008
9096473751
9689911027
9511238640
9145122456
9922299797
9850750202
9867898753
9175460097
9860952736
9833378197
9819980099
9869289005
9029123578
7999843139
8692003689
9820022617
9822777527
9900062442
8591876977
8828447188
9969321862
7722054837
9004350476
7208500234
7447588705
2268287909
7744005401
7506047120
9833477699
8652837201
7022002222
9892785258
8221984003
9769651647
9082367552
9011742104
8796828261
9049400020
9529376040
8432584536
9670406070
7738987882
9685203097
9892908460
9833511649
9595956638
9819974014
9935118737
7028695979
7205765999
9076389549
9889880212
2269584100
9833408579
9137182583
8097875691
9920279118
8425010290
8369954770
9820700556
8591092518
9611048877
7666785181
8879420490
7778955880
9076370531
8605222402
9552537206
9004445759
9320200008
7972248699
9769450656
9819664642
9702815132
9137847208
2225151328
8433633929
8369656981
9870433122
8169510955
9987300908
8928872610
9167975674
9594437887
9584584111
8888400004
9833875338
8097871094
9321337791
9987760900
8868868383
9821664260
9821281133
9326449757
7998381111
8830196976
9823657766
9730608966
8652831050
9970386063
9766540054
9673858066
9082834661
9167678797
8286269100
9372392126
9917445950
9967894979
9820343657
8850307646
8169319093
7977875090
9820032050
8605103103
7208840888
8788470962
8369392129
9967167786
8452921643
9833545480
8010679679
8356870318
8268849527
9820111603
7709083813
9619111067
8010688556
9764841717
9664131320
7058021333
8828396154
9892365258
7738176314
9356313590
8291910903
7734910223
9769008867
9594287084
9867399048
9967663565
9870062178
9833401531
7823826359
9823060601
9004506009
7517743076
9509464005
9272533073
7066877877
8379900729
9006909082
9967136891
9029709585
9822498745
9619904422
9920359525
9004193730
8669663008
9204835083
9372203630
7391860515
9372617234
9370746668
9997119959
7507444424
9823374966
7666162814
8788965159
9773175377
7977439481
8282823600
9730578035
8788546648
8484845091
9513259963
8007061865
8797815004
8048035632
9004129486
9209105832
8767859788
8291276015
8037710331
9495355954
8104864383
9920545308
9892000279
9082396298
9594485280
9892393500
9942266421
8108061901
8208929169
8433513542
9833668474
8082072681
9689701414
9800006918
9833003789
7350059165
9967698884
9004431794
9594820348
7400070378
7840967872
7045220942
8929100539
9870028668
9664333159
8850563498
9867418136
7021930168
9049887060
7045127638
8071326754
8071326850
8482898837
9545102815
9867321115
7942728500
9767430482
9619071426
9422344112
8856803667
8451844819
8605549344
9226334654
8788516769
9136963696
8928892889
9619953988
8108681252
9769398710
9118911805
8108113013
8766925761
8448055589
9167956436
9167512440
8001029850
9371008223
7558348930
8793448445
9172131167
9145641414
8767551515
9112069000
8738022061
9833456477
9321320449
7977739128
8484927380
7559341333
9918118786
9890691515
8879465854
8356089477
8087506161
7738717298
8010840653
8657569418
9324143581
9819180268
8830907255
9820111372
8080592456
9833448815
9819132481
9022660368
8308669966
8855020675
9870130485
7303004441
9082732515
8237705310
9820772858
7058856191
8929506672
9967700998
9167558998
8263956805
9513882777
9619250055
8600888999
8530125011
9820171771
9820622381
8779700425
9027651719
8369280939
8291307526
9373071981
7887991919
9834852142
9821420092
9085590855
9552006917
9090083030
9168257812
9673041010
7289987769
9359179945
9763361646
8828010322
9096011800
9321016619
7798727878
9137831257
9967901223
8087009295
9167058000
8591145500
9820709611
9821786509
8928912528
8169314544
8737070229
8591248748
9820794449
9175751285
9598800219
9870531373
8108282286
8928692218
8779568584
9870469469
8637707077
7620603332
9819744528
9511459494
9819705068
9028235544
9004088787
9890002694
9890001164
8591036893
9878252942
8454816362
9920108035
9607666639
9372852389
9762535755
9967419826
8828160450
7877112076
7678031602
7738305529
9819355510
9819707521
9987679092
9820860201
9513237446
9819520887
9082849759
7666524524
7798930608
9819195150
9833765634
9923510202
9326050131
6126728290
9890141951
8793268867
9623399293
9130910151
9552074900
9819706333
9619461241
8422990990
7039044525
9819967411
7738905123
7468999666
9326576297
9082988434
9136095925
8976094220
9820951667
9619678085
7042420029
9653600916
7709507570
7529723545
9028993993
9860033739
9355441199
8830297792
9595918575
9604601058
9422015156
9550602045
9664489972
9594474747
8779377808
9022595795
7666388211
9881235170
8530840999
9229252521
9988542123
9619633375
9987291292
2240463434
8452088296
9653188848
9152729049
7045790707
9699088367
9910020086
9819403229
9082421512
2231623937
9920313626
8468903834
9821279514
8989939454
8888680954
9004974551
8097274732
9892413200
9137435359
8104296698
9136394635
9769791086
9819985825
7021790150
9619555983
9155040070
9076135331
9559916655
8108677966
9890133361
9867401053
9142476603
9060306446
8237660746
8291867454
9820761435
2240040878
9007994500
9987387111
8097396997
7461924657
9773298451
9322812220
9022119922
9987058722
9920200996
9167313001
7977849677
9167357836
9930933084
9699953655
9004130413
8286186154
9820079502
2227825052
9076171234
9820673460
7738898885
7304108551
9029818280
9137762303
8591487450
9619699069
7506193630
9892280281
9820929571
8169308479
9167007959
9920830840
9820702163
8446007203
2241273322
9529325615
8420988381
2048641322
9423576399
9167572212
9422301636
2227572015
9920928972
9841241981
9222098098
8879699323
9823704446
9307443523
7769000913
8605652255
7506999333
9921385843
9028306301
9075373147
7798880144
9172902255
8655692978
8657537735
8591781792
7045704519
7977897257
9372525513
9167943604
8793062526
9820823677
9769158528
8928184064
8879055955
9967486664
9920456025
9326364426
9372164224
7676076376
9870070066
9960401016
8689800698
8080126688
9920991520
8369473065
8850159641
9867985442
2268846143
8048247457
9702009320
7718036979
8655994449
9819989906
9323657662
7208999911
9833077419
7947460674
7942762057
8002663202
9967477725
9867556563
8001205430
7942762951
7710064040
9967550005
8108205040
9819791776
9922090304
7678050088
7977328127
9970503260
8652854475
7507080601
7977747319
9870339244
8329356500
8849077014
9821786798
7387637274
8805877350
9623396233
8080501177
9867249109
8433844442
7559184141
9004288711
9967578144
7378414855
9326969991
9321016592
7666111820
9158691072
8591572143
9324058401
9833824191
9930338545
9320065009
9757448500
9809020222
9833433423
7039605209
9768833216
9004848345
9158688846
8180828261
9930029002
9136694034
9152890922
9311142713
9967088981
9326260479
9168565136
8591543350
9594965755
9398926309
9987783946
9769604905
9920088886
8788354796
9819843821
9702197583
8872500500
9769100070
8806730003
9834965021
7718076937
9967775253
9022415279
8689810159
8888764887
9029335121
8806766214
6392335118
8369948566
8657533194
9326392123
8888605592
7421997421
8459160399
9922130137
9960845002
8655553852
9967595419
9820020160
7769858111
9821614161
8104172953
9987004858
8104046431
9920278834
9100089191
9987066310
7666842255
9762798200
9916569213
9819361174
9324771812
9702870565
8080799401
9148835319
7045214113
7666660004
8080488430
9930053243
9820725340
9819098990
9619745923
9819896727
7756884122
8452949431
8850864284
8380093819
7985798208
9923206800
9911493831
8591128234
9850439301
9823708201
9697829797
8446131419
9969360142
9820303783
9820198817
9821343447
9867996017
9243903519
9372389754
9822610567
9657501999
9323030363
9136799791
9930001817
8452848390
9527178787
9324246338
9820455544
9834427612
9763301580
9819802313
7875922439
9769383898
9689560905
9702817217
7084612145
9890995363
7390913421
9034420930
7837119896
9130527774
9664801162
7030962237
9975001677
7709403794
9136812508
9860178649
8530114411
9225608628
9765895566
9449514394
9004626012
9324992412
9911153839
9867697245
8850017815
9137444399
2227718887
8879837607
8976433920
9819918844
9137129756
9321447773
7208639299
9049896841
8879585609
9773917651
7777016161
9167447346
9890765985
8879953759
7057003456
7021366696
8446660488
9527344112
8087459098
8045953970
9987411551
8481002900
9930068569
2226160789
2221023449
9987414422
9320022996
9136399064
9028782191
9765903260
9820396600
8291743902
7666000011
9326128990
9156533786
9223222261
8433650068
7045217737
9372019818
8369825851
9167744236
7961733652
8879589301
9922222764
9850090607
7961733651
8484997770
8879865676
9999812932
8446829000
9527101700
9822394091
9819522842
7306247247
9833623398
9920809444
9819809770
9892981954
9653274030
8655988688
9870118083
9819908055
8002127500
7710065176
7977388948
9321148170
9892551230
2227751385
7738079737
9967009488
9619074560
9834761162
9226584143
8828381436
8779304040
9322159159
4461733367
7977510529
9004660074
9920116603
9892383095
9373724009
8055566001
7710815590
9819766765
7961733649
9552562623
8929100527
9156465140
9619137586
9975934213
9920262227
9137669865
9870347181
9321153972
9136263535
7506356111
7666703838
7796790101
9321791032
8691941791
7506700921
7977501526
8929975604
9930696555
9028109491
9619441093
9511630795
9960632966
7757974575
9881842050
9673346777
9004252477
7722063311
7498788647
9716654432
7715894834
9819679525
8788465514
9967945167
9422931740
8001212323
9970807183
8828167637
9664457755
9146888100
8850607411
8999822016
9819086555
8693099444
9820685858
8082184677
7021862678
9029985564
9834750760
9175445656
9871945500
9820677488
9769723515
9607905903
7261939945
8898858229
8070618111
6351297919
9886799378
9823369901
9209733822
2246180411
2246180495
9130992805
2249398251
9326503667
2246180489
9833713960
9820453019
9403980670
9082669596
9821704360
9860185951
9022839632
2227813390
9156300899
9892011879
9619248065
9766931253
8291475736
9822792646
9850070888
8886916870
9021274102
7767881377
9870001200
9209222826
7071974786
7045327759
7718831663
9833186682
9082577120
9619441559
8108274047
9075139666
9819605032
9820367444
9326244269
9869626709
9819583835
9284733006
9967516414
9967021895
9819804572
7045719999
2227560314
9082211855
7888266066
8591168808
7977483031
9821700089
8906677777
9167889089
8169118084
9004251650
9769672954
8879195552
8017375953
9769323388
8883872818
9834968611
9067793500
9011013420
8686866385
8551008175
7030898428
2267676666
9334537159
8898300608
9545445549
9136626560
9174361025
2249740734
9769887263
6394619606
9892887704
7021594506
8369098174
7738521665
7066490051
9820461164
7977996645
7977404660
9029887104
9975995035
8454995124
2026169628
2049126000
8047759135
9892524081
9892050786
2227882021
9594883298
9892242097
9607511888
9028006315
7887898163
2049142000
9766642364
8655634465
8879985065
9670923211
8767495103
8879571057
9326422021
9028067594
2246080420
9372644329
9510650660
8850723328
9284314941
9136584489
9892224213
9833075858
9823474007
9920534084
8180011111
9607473000
8652826231
2227713161
9222200224
9820042952
9930022022
9702988465
9833666911
9967425245
9930997797
8898272830
9920771135
8779524213
2227717416
9321008996
9819825563
9511921566
9975304267
1244330564
9011728129
9860331676
8355859982
9870126619
9594124662
9870543999
8291408273
8976410772
8850435732
8291440760
7739743364
9769600500
9700099235
7020612706
9136731674
9699203053
9594802037
8071178622
9920585069
7302515373
8830796003
9987078787
7977624003
9833255582
8879172860
9616883155
8071326803
9867328577
9212751275
9920265789
8879502290
9892407947
9967815975
8655535566
8356965516
9833504804
8652244573
9820941693
9930949558
9699121577
9322817071
9867113497
8400452212
9082945840
9588786007
9149310766
9653123382
9890083795
9152020552
7385046153
9423567004
9139110009
9766375917
9881135676
9130960051
9175189121
9819183732
9821154528
9322046231
2227454321
8999053704
9850024181
9320026102
9769775162
9773638781
9834998740
9323110808
8104009041
8169633101
9662441996
9869756859
9920738198
8369136927
9833737339
9221866682
7718850909
9990028588
9819634092
8069828002
9619489495
9833393825
9821465331
9833020148
9136755636
9653605629
9321237892
9222083901
9870922572
8419988991
7506986305
7304612624
9967765795
6307516464
9702268654
7506600066
8898859835
9621079810
8655675517
7718999441
9820421796
8169060004
9136378895
9167172019
9869443901
8976587662
9219101649
9930106593
9975758366
9324341787
9820391858
9819781225
9822867448
7977687955
9881464216
7775018077
8291101473
9867178336
9822867467
9022892392
9820121086
9819370070
8310161524
9820001947
9082396031
9821121195
9657691752
9371773521
9765081298
9967516661
2227581002
9999198272
7276709161
8575636363
9096126750
9049001029
9168981777
9206060304
9118688288
7506015529
9167875808
9323250425
9773826430
9820381101
9209437991
9920394310
8652114441
8108524895
8655213210
9172387091
7506515130
7500083850
9594734317
9820225000
9004114939
9029786396
9820709044
9870666888
9821911698
8071370540
9833967533
9323657270
9022399366
9819835536
9637019016
9119404026
8071326734
7208070610
7942728472
9819663721
8419943099
9225620251
9324531803
9999873922
9711999394
9867497888
8866464861
9870187833
2227595100
8424905704
7039308800
9920295201
8369534131
7206290629
7391019731
9595823118
7028170150
7774830058
8928337989
9890685066
8850388316
9822754723
9769744882
8080515143
9137843102
9881735904
9890446285
9920229724
8104705879
9082006765
9594492545
9404996664
7208610699
8108007001
9822449553
8779216648
9371001318
9373504748
9672563451
2262919500
9987743502
9890822259
9820191979
7021986571
9833094344
8879697596
9137585044
8767277560
9870754584
9821119028
9820030545
9082118669
9833377701
8459507288
9420873861
9146240166
9869217917
9699702303
9867132682
9869030897
9930411304
9029606315
9889101010
9643265048
9324590531
8433662884
8669667566
2240052331
9881664493
8652243313
9860723959
9324116077
9322595209
8976087482
9004676920
8928285271
9867424840
9769372337
9820483012
9975489597
2267078659
9130051800
2227565303
9082726497
9819120140
2250233100
9834265089
9821402696
8657929848
9892852003
9769178011
9869730635
9867897570
2261846184
8369000648
2225138323
9324549621
8976513854
9653197513
9821515944
9773153714
7304993551
8794803021
9619422358
9702849444
9004394612
2262315800
9967790010
2226360488
8669931155
7368910967
9049159055
9319977273
2227806500
9152953953
8591137022
9769409121
9967009255
9819059352
9623360411
9730188119
9702484941
8882720720
9322236151
8108548000
8369072653
9167243833
9699264445
9594078445
9922494920
7387481929
9975707174
8655586333
9869181355
8376986986
2266962177
8291120291
2250333631
8828825503
7775052340
2246005449
9822527073
2228871630
8883791111
9404497474
9763815050
9867771932
8850284011
8692012888
9594899145
9607163163
9820255605
9324018947
7738502293
8928446440
7869209095
9820904040
9969991921
9967912519
9028616455
9152052085
8828694370
9820068057
7304011501
9930999946
9967888190
9920777373
9004337302
8182881881
9011158692
7387385580
9833613310
9757135306
9076371404
9372638163
9833955999
8181815917
9987343085
8879790906
8080938760
9326894718
9824009829
7738066622
9004535414
2261396500
9930156000
2245193325
9820204373
9763385212
9768840320
9987709084
9137999835
8425935168
8655601232
9967030598
8828229029
7303030551
9930522777
9930963260
9022222966
9152434445
7304614180
9920677129
9082166802
8452017704
8238955051
7976162777
9920320445
9833871117
7020009626
7666504511
9136056672
9029551268
9967915570
9833135605
9082529367
9766403568
9167915677
9082511010
1140584990
8108968531
8888537777
8484852184
8830378427
7499750394
9637810099
9371012398
2246061585
2249854424
2269421000
9833374744
9136566091
9152161625
9822010548
2026138186
7400199191
7517925689
2242792600
9821163215
7056966099
9930460006
9076130103
9167518000
2242250000
8108120761
9967512705
7738353189
9167973828
8451981733
9152094614
9975375900
9769013130
9137169621
9769005437
7020209646
7709703619
9823333484
7021930861
7949293594
9136649863
8976897203
9326317729
8850545924
9653209938
2240907189
8188872746
9136877407
8850404011
8080333333
9867597777
8928462225
2261517400
8008908900
8446004477
8668750936
9767533962
9822233010
9309590430
9503614486
2066268888
8275596712
9881861273
9920599206
9820611830
8652862118
9839407021
9594592632
8004259449
1800220102
7400260452
2025666366
9730082222
8080502200
9372276589
9920380075
2066472235
2060200022
9822173891
9637065131
2026363841
7276070225
9112078538
8793013303
7045188020
9892890079
2266668667
8451937207
9321795825
9819316661
8602660010
9922139981
9820697818
9890920596
9277000077
8652293504
9224445864
9650157427
9819080147
8359019999
9833132100
8689870767
9137686834
8591898906
9372181937
8805445999
9619164446
2067635700
7057345541
8047108111
7039408889
7486049502
9152308533
9930076523
9833821515
7942762294
2225221658
7942759827
2267133700
8655707853
8064058002
7900033400
8080809044
2267589000
2241274687
8999924488
2262650000
2241275549
7738892810
8976078348
9702010304
9175674314
8655943027
8071890962
9730929730
9607109990
9960644018
8037839728
9819175575
9823017046
9130563172
9324354601
9850048489
8691062628
8065489376
8828801869
9960060487
2262363690
7208170490
9324349826
9833095469
9820487048
9920422776
8108134673
9763754455
8433658861
9119491193
9224480520
8928187536
9967067652
9769148259
7304440747
8928043138
9309557747
8879529919
9820900217
7977418261
8446495470
8087864406
7400296336
2226200580
8830315007
8655424131
9869109010
9967328481
9819800995
9892571795
9699355812
7715836582
9892276175
9637397333
2225123456
9321083002
9860796966
9767544736
7383570508
7208864882
9823030691
9699800600
9819338777
2261496666
8779793875
7977375622
8380001236
2261160100
2226136035
8496061234
9371006005
9764993069
9822958886
9324356366
7208346686
9594736833
9975788888
9370746406
7777018270
9833036307
7756035032
2226854242
9594093686
7028153111
9930839531
9920556920
7020170942
9763110444
8329080513
9821777325
9821080346
9004117060
7718817077
8169749912
9322413362
9820649774
9890917634
9421092160
9819000640
9702205577
8286587999
7021476866
9004232068
9270271761
9156224488
8446562970
9930141714
8082042018
2266910777
9167764888
8929096328
8851565643
7774035161
9823125272
9167903656
9004599599
9820329022
8104332290
7972005968
9970954515
9619116961
7014275245
7718808766
9820513050
8356896504
8850238535
9664188607
8850847101
9920223144
9987851716
9665099003
9400164130
9820747307
8591089952
9324591776
9820854668
8433715104
9987022265
9004625213
9137889637
7039111777
7738957040
2226207623
8883256143
8169810513
9152106556
2024241190
9561550333
9702452070
7030033333
2024423212
9619148949
9372000200
8454064310
9324156107
9930776995
7588428296
8420011113
9005631414
9175513663
8081684990
8097178055
8268886635
9930051312
9167065440
8879288069
9820782627
9769109203
9137409216
7400003060
9819235050
9819977055
9619693406
9987934317
9130009954
9921621876
7506191799
9619923766
9819898355
8104390065
9604234627
9420862248
9619818363
7972887067
8208013413
8863934497
8796906022
9552795541
8983753895
9067934677
8009358009
9594797777
8605549243
8329903791
7620538902
7700020307
9860157307
9420553377
9082478577
8899889912
9076151000
9173221111
8291517777
8888134466
9769717276
9920856323
2066833333
9821721941
9819972469
9825165262
9916604213
2026130222
9766202211
7208524168
9167958039
8408880851
9372142313
9892073016
9324006778
2266102222
9870154555
2025433644
9960162514
9029915834
7900198457
2026340850
9987594481
9321861088
7715888662
8080443259
9920289296
9867715133
9769395847
2269854000
9867796138
9833726958
9867020311
9029911000
2025888456
9373803128
8828315721
2223433540
2224314741
9766982564
9867431448
9112278688
9130004501
2026344246
9850049608
7977030751
8591157561
9702866004
8484941340
9860677387
9146594243
9764446224
9082073418
9967002467
9975532800
8308519908
9920338627
7506287985
8007710877
9979624713
8097331236
7506100633
8097879807
2228221528
7900152256
9987197393
9920777055
9082483710
9920640146
9820031667
9082662705
7709818212
9730916503
8446088184
9209056991
7498814189
8108680447
9373017614
7888023737
9920100440
9209361185
9304411617
9503191032
8045953967
9892806073
9768961582
9892213715
9665888488
9175893800
9923685596
9209770056
7720980066
8425961530
9545153029
8888536873
8956786100
8999120768
9923783600
8591448307
9920833386
2228364187
8830133114
8828424683
8080316742
9763966300
8830846595
8591041834
8091179798
9987722792
7900065555
9699976097
9325989990
8092183142
9040043030
7276525957
7028004926
9119496767
7777079797
7718904463
9321914045
9309327393
8130331854
9137275824
8847747340
9922948488
9511898593
7822052488
8181800800
9870270287
8048073608
7045763107
8424054521
9175003503
9099212939
8850386689
9820227714
8291142070
9561131168
7350058566
2066832345
9930317707
7678082559
7028899910
7875676869
7066439555
9822055387
7666850999
2067675000
8050003491
9702519579
8008893225
9920884425
7506070995
9769590964
9819017674
9082593545
9860842337
7758039452
7021896767
8080520988
9867382898
8087043339
8450915242
9820284014
7777012344
8108606259
9372196234
8452022150
9920248630
9820956056
9821034426
9850566270
9730466653
9029004438
9175116425
9765127864
8291749002
7208460166
9833101100
8668770684
8898704511
9773499386
9653363238
9696212939
8433773858
7738183173
9833074703
8452008999
7738398996
9969318913
9623019919
9892203786
9321496016
8268778883
8422050505
7400115352
9820253461
9370008288
9136769613
8108376271
8080097365
9022017904
8975003750
9322272106
8828891233
9326577854
8422043212
7700004469
9004575093
8356095232
9987939738
9112356125
9082475395
8779299720
8007745677
9604455664
7506716711
9833554816
8433623996
9769916901
9619911758
9987353408
9272464547
9819865050
9321379767
9818477758
8689069328
9082223066
7066876669
9921682465
9920254054
9967808199
9699949966
9930005545
9143436363
9372834057
8976013021
7506893245
9804980980
9967525255
9702373193
9324601951
8879075699
9820182285
8691866691
9820616705
9920378464
8484044899
8828400391
7249110316
7821090569
9222122229
9820688444
9821134251
8652176456
9768280373
8369580468
7387573518
2224058300
9833556683
7777025566
2226406554
9619732265
8975127200
9594437064
8097753940
9769819783
9820065842
9029029715
9769939359
9920214060
9326083833
9021179883
7974942939
9869329551
9594361987
9136317973
7718888678
9819480789
9930505029
9820711323
9773395323
8828044231
9821566033
9819815130
9168129184
9822321167
8268001801
9082443145
9821206008
9833930391
9326320580
9797974040
8123745785
8082115509
8007786463
9372214784
9881493396
8779482042
2225204393
9325103418
2225211402
9764962879
9881922490
9850661858
9867173650
2243606666
9004996139
8452921730
2261551111
8828010056
9967903279
8484864321
2266130100
2249761288
2279630758
9763093893
8421332439
9619938327
9890999111
2235216954
9922819742
9004343111
8789473568
9321017026
7977959559
9834387088
9956989221
2261114000
9371022581
9820502932
9545989945
7272955656
7900003186
9867207070
2048600958
9172256931
9892877217
9370839184
9860666223
9930605500
9225500537
8149229000
9619988677
2222661920
9272133133
9820720554
7977175607
7820881154
9975672906
9028755784
9960610001
9833319145
9920873515
9820700425
9769765107
9702775234
7977658210
8976572418
8766489041
7506312992
8097971217
9820143472
9988225855
9769422262
9594092347
8975204042
9168703434
7738042460
9833503868
8830918724
9082459966
9890266061
9021643427
9022822333
8669180992
9689881913
7519676767
7758045777
9637180219
9892727437
9594490555
9011108659
9987481007
8623896923
9833300915
9503010896
9822900226
8976492853
9850077986
9022459481
9819122538
9881899869
9632413963
9552590049
9987599786
9768135245
9004791997
7620021938
9970147672
9158366667
9022296444
9713479713
8857000044
9158163829
7045559000
9850417876
9763114073
9890921017
9890977884
9714985820
9930387745
9158201548
9967651204
9545848899
8999219076
7798978674
8208154545
8591702646
9820297764
9867516039
9773981931
9820924656
2225274038
9890451100
9987967036
7276298706
7558348052
8237252084
8097545115
9700939393
9892451992
8796507256
8087696384
8652757999
7620343868
9820612861
9854583333
9370725241
9822211593
9372587495
9820039714
8237334343
7700941122
8828388931
8169244072
8552012311
9664520880
8433999030
8237222245
9987616578
9821313385
9819009293
8169702126
9594983506
7798488481
8180889134
8108825711
9372530626
8459413101
9892300378
9967582098
9082712373
9175550391
8850269524
7378624858
7678006845
7060156560
2249633015
9819609937
9594507157
9987779643
9767826467
9175270463
9820099457
8369206705
7065207736
8064525072
8652197431
9167388054
9730799222
8048042864
9561874909
9920693203
8408086666
9792242493
7021457593
8083535352
9821425248
8828037338
8850715137
8805877179
9619192975
9987877454
9664842925
9082569123
9371477111
8369751097
7718810633
9820110728
7217219339
8850161132
8169194621
7977462348
9910926368
9819660684
9082611881
7738892801
9152234111
9158443344
8087759956
9175620804
8767731114
9370934040
9619408731
9224335917
8208433721
9004173737
9324506930
2262848700
9702031270
9587710486
8850138237
8806588064
9140654688
9004666495
8237271727
9322359727
9820391248
8530010474
9987816711
9325445939
9689544063
9702323046
9604121345
8422983322
9340381413
9367400400
7569010759
9029900764
7738965634
9049820923
8169216725
2269229111
9021785257
9324858747
8847758665
2271400200
2262157800
9930774836
2129552681
9833579888
7039031574
9152578310
9987260919
8169504593
2232274577
8308343316
9890836186
9765818986
9561663420
7757887765
9371618622
8180038679
9619984861
9359073184
9921759886
9834759541
9871718653
2224442300
9004277455
7021777705
8369174405
7666335991
7506040380
8976351747
9860725775
8799949258
9930858801
2226054570
9594166663
9665371396
9821989059
9769630570
9821298601
9158198062
9324171024
8969009600
7666014138
7758987988
9860400999
9850618759
9270610006
9075042342
9664088787
7798971999
9305458070
8424822575
7400161365
7507070707
9152559833
2262328551
7045929052
9850088996
8080400500
7777803030
7470267470
9820129915
7030556556
8454828821
9769056488
8451957274
9004843988
7669906566
9867110591
8002702040
9561289389
9075516501
9637470856
2249209000
2266922199
9769707010
9969984036
9769493009
9850771005
2267291000
2248970796
9820544427
9930062144
9892637787
2266020202
8097513616
9818013519
9833725452
9737522929
2227692643
9938556362
2227723274
8530440333
9833900110
9975244067
7276555804
9969206755
9595923738
8087032350
8879253570
7083213741
9226466969
9322579676
2227823089
2227726023
9730490886
7506562266
8275270376
7720000702
8956707979
9021010154
8605572768
2025532111
2024447700
8048603639
9762090419
8779271087
8693048885
9004955133
8308985804
9833636613
2227800303
7738859993
7404427859
7900091269
9619081551
8767124919
7506571454
9987079898
9820623524
7304744671
8698887648
9820223338
8850683788
9323217542
9819612145
9619196160
9833238065
7264024433
9175323334
9130007230
9820728199
8692948333
9136126992
9823237908
8591961364
9372515271
7666968348
8007909290
9890017194
9766169639
9049038764
9623912394
7738073812
9664307720
8948072053
9930761634
9773091618
9823033263
9028317943
9702337733
8149800778
7977485376
9594488811
9970847961
9899160606
9819679480
7775886493
8999189244
9049991416
7588297097
8805560652
8268860844
9221321910
9665741882
9867171418
7039251106
8898255104
9967518405
9920214111
7517922820
2224144226
9137434548
9967691736
2225288305
9221103609
7400020888
8080629202
8828131484
8591501264
9136491111
9222014954
9699214268
9920402020
9820729266
8451033331
9892862697
2223475422
8452988774
9156303400
9011690895
7372070070
8928738336
8850146905
7021868400
9322233291
9503651258
8433567202
8291278907
9044448359
7972752841
8793802282
9011152221
9404404754
2240154549
9619911669
9860680700
9422687653
9580398810
9881144817
9920841516
9768470688
9372538727
7387196635
9604702267
9822665897
9833012957
7506651229
8369879311
8975105701
9881736126
8356934119
9604718907
9820098504
9222225560
8830863656
9172351412
9657104540
8999414941
9923074502
9767839950
9967941627
9765942163
9619928222
9867721191
9867888470
8026252625
2261594000
7087010627
7738817992
9594745823
9326450675
9730034456
7030581757
9821208384
8591189238
7777992879
8591201711
8070682222
9822420006
7666616400
9004214454
9967009902
9004708652
9819922988
8879405665
9004085872
9987358867
9764069955
9527618896
9405746419
9822813182
9321001735
7208151826
9820230567
7757020340
8108143096
9420426951
9222130951
9768455680
7700092850
9867493197
9870405615
8779159527
9004453192
9820363963
9284385055
9870413517
9137877291
9619507000
8108017120
7486049500
7400093991
8779042556
9945216539
9867222111
7718042147
8655658181
8591076194
2240034931
8095799883
9823039901
9011066911
9881735660
9321222223
7620762614
9822038555
9175973718
9921240483
9158714799
8268983724
7486049501
9004981458
9819515708
8828420036
9130061600
9022067774
9867300396
9619880699
8507770101
9076068549
8850138818
9370528517
8850836304
9137979914
7350280924
2269258888
2266341234
7977602681
9619788241
9773621396
9167088513
9673120924
9326053659
8788983411
8779276218
8103690599
9764942244
8390000211
7972958396
7972613242
9833924647
9922484499
9890650835
8169104942
9892332443
9820218478
9321754321
9699744744
9976956956
9967593656
9820735358
9856089856
7377997777
7709303289
8669921234
9273065492
9819607528
9981134333
8080554554
7045187454
9823750751
9920279697
9136496644
8606590474
9820219208
8104770602
8181937979
9870751751
7678078888
9821225700
9322422599
9967328329
8766009499
8291876559
9819855115
7021056932
8433947143
8007766699
9021518090
7021571455
9561830497
9822394525
8806410030
9049524174
9975016189
7499363366
9730337193
7350019531
9004855500
7777061955
8828777442
7666788766
8591465554
8082828082
8591189518
9967648215
9730021849
8976826666
9892476612
9867244041
8779017790
8286861952
8693006001
9082513563
9819399281
9545525380
8097951213
9833395037
7666166220
9892719009
7030798684
8237013302
9372756350
7972845179
8208689283
9767444500
9372633076
8329911094
9920866551
9029466786
8291111005
8329720757
7977105933
7028856096
7767945661
8369560218
8451034789
8655355655
9870100252
9773381154
8668543605
8591902014
9552527377
8424816677
7057929827
8097585008
8850886563
8655388160
8356972508
9820914775
8446365185
8097897928
8779351918
7304338072
8424971579
9279330792
9892947670
7666666074
9082402078
9429691459
9167437375
9967767318
7276326267
9765740113
9168359597
9370534988
8655003987
9822097253
9820986656
9322819940
9819083222
9833229740
9922123214
9921004176
9075101434
8591202645
9307113119
9004587752
9421018989
9096320753
7972666637
9768923118
9870149199
9820956263
9595618414
9819659037
9833194473
9152492637
7977733142
9324796044
8329324602
9819882790
8082120897
9104468111
8208967907
8108666608
9356655314
9595464804
7841064656
9712926885
9106989650
7507865073
9284112968
9082869205
9664121244
9833353324
9967663525
7666708869
9820465733
9819742557
9768239152
8655232926
7700957393
8097356303
7718820048
9920533365
9820876218
9820739547
9321143436
9665758852
9920559566
7975821933
9867847145
9923285796
9819799967
9632590799
9226724813
8976446807
9822329329
8356846175
8291267026
9833183577
8291267012
8692995838
7078812701
9371005270
9892562328
8369503800
8898239924
9820999457
9221043263
8652456916
8080753556
9619715106
9819620484
9769763331
9826127187
9136655331
9822083850
9579183830
8070978478
7666023400
8850891422
9082924268
7900043078
9767557356
7276181276
9922341724
9769989390
9767203269
8692816396
8985933533
9168473300
9356960822
9325612077
7588933028
8291267002
9833233330
9869745795
8779717312
9870448005
9284395734
8828006872
8080587033
9892792125
9967531288
9768010904
9594907485
9324624543
8062744101
9205002697
8779927009
9987113948
7083581111
9324101716
8600993761
9151611386
9867062630
9987377103
9869107229
8070516161
9763742923
7507191658
7038844559
9764177934
7030742778
9765380115
9607951333
9323613018
8898429629
9833040533
9082947245
9689689631
9519855817
8806867391
9320064808
9326153243
9822792118
7083233549
9867375111
9699458459
9867932550
8898212120
9326388611
9920951675
8766007095
7768880101
9049523005
9225515115
9220079945
8828003450
9766720930
8378080000
9082705978
8928457537
9137832176
9920137414
7272999100
9867163889
8779030070
9198887029
9987197165
8286303911
9833612946
8652858800
9870778623
9976736789
9820976172
9820919050
9867811705
9923237620
8693063443
8097101502
9619014001
8369320863
9321050672
9765400484
9370561956
8600728837
9326065812
9833596733
9702496040
8355894924
9820374936
8828465270
8898194427
7021752359
2066215922
8484877422
9082810981
9664287704
9305070633
9892589691
9004570248
9696077533
9326876488
9372586651
8384818183
9820564356
9821779266
9561842300
8424816648
9869166035
9769589130
8169847773
9920043243
9967289654
9820850576
9767364892
9689707079
9004911643
9823112443
8369992484
9922748657
9923299222
7350005121
7073031111
9850345500
9119407000
9158477637
8828491019
9721765380
8369845926
7710875546
9082071949
9930726830
8691908408
9833613327
8169248234
9004426724
8007316582
8421530146
9136302352
8551912125
9167756911
9922816474
9172428866
8303049770
9136762578
9324593396
9892677908
7875032009
9766880979
9769821771
9325375827
9422030990
7499982620
7385789433
9920211473
7039130934
8879867725
9920427791
8976602512
7972683391
9793783868
9608456499
9452580120
6392624487
9452322864
8879346624
6392878217
9820453289
9867407099
9082810058
9167025123
9833837633
8169535773
9834780393
7905940831
6386228513
9967949333
9082548875
7521815454
9221355229
8070586888
7273951313
8180801939
9000360554
7558200805
9867233551
9967065749
9892478351
7569912007
9967324246
9908167109
9923558822
7398431745
9082541085
9226765125
8454939209
9822442525
2025560955
9372121298
8898594147
9607517512
9052044305
9860663544
9702433004
8169437516
9892844483
9322790839
9019267805
9326654007
8668972076
7032113888
7993596488
8689999907
9869128884
9623666616
8308782851
9822061322
8071681682
9969586569
8275320831
8857891186
9223333400
9699177233
9975412992
9324537275
9594125631
9892478794
9892880019
7448114497
8149111915
9822401308
7420006369
9422548042
9021900600
9960365551
9146139432
7972960036
9284745779
9022660591
9637982562
7304806927
7719080555
8237508080
7038105715
8425037803
8802673153
9930607290
9822354526
9029643609
9175630858
7378963125
9011023754
9820258772
9595166712
9167785666
9930068689
9594940000
7900086626
9987489666
9175945573
8237884303
9022847463
9967915678
9029588678
9833933193
7408670227
9145101579
9980171296
9371563790
9820663669
9930462943
7378790171
9552111951
9665433323
9326487937
9619831639
7738111411
7827417773
9373322251
9769503910
7768868351
9130551557
9822884431
9325335633
8929149763
7977259826
2262277493
7507272042
9860444788
9822056619
7262081310
9325550367
8120150353
8329766371
9765224365
7058582757
9689638019
9821579869
8083122222
9371004699
8265073178
9146020563
9403610059
9158773747
9823236105
9890849852
8010561476
8286727374
9892393931
9819088197
9867388881
9096267138
7666687772
8355948394
9970911365
7406861303
9167065079
7507131258
9152507112
9096037897
9049643909
9967655330
9878331882
8149117428
9152131058
9833565477
7977134724
8975466600
8286817734
7758019943
9322554297
9137916077
9702551739
9136623380
9137936447
9920101104
8369467013
7208690611
9172747578
8530258888
7843000153
9137951058
9136957893
9769194973
9511617609
9628802203
9892231234
7264872586
9764022309
9819831834
9326935725
7517513799
9324039081
9909266277
8830766377
8888741547
9100940532
9870300107
9119115407
9967166676
8037762686
9920871905
2267582222
9920787999
7977268103
9606350000
9324001354
9004621847
9284444086
9764006069
9769880651
2225802566
7588338525
9822513353
8850404187
7875757752
7796696739
7262058859
9860503572
9967586718
9561096685
8003612340
9619765952
8591074249
9607250678
8127555668
7620999666
8431340629
9730682403
9004384358
9887694491
9763797488
8770920039
9118118786
7400323724
8423106937
9559715504
8356093119
8976343536
9822341061
9890307981
9960369546
9834213199
7387986944
9922755113
7290095055
9695971391
9029152698
9503357739
7045175751
9892205514
9323848622
9850323316
6202905961
9833327837
9594684119
8104754193
8097579725
9930609278
9920430309
7208847595
8551800162
7400334436
9321123123
9832969558
8286667724
9850411234
9637357559
9922075416
9850783591
7756015184
9226106027
9321606376
9967020969
9769846373
9892385654
9821136670
9579536319
9867082629
7080361376
7875006032
8080024159
8104442649
9623484931
7977923942
9136946065
8953797875
9920395586
9819493416
7304661562
7770076767
8530389122
7666955420
9167761261
8097999187
9890610283
9881517056
7506608504
9152442750
7678093656
7738181661
8888739888
8433883374
8055403235
9136209830
8591872001
9321339613
9167396640
8169764301
9322790406
9920847250
9607455999
9112055936
8788442693
7039411429
7715011140
9371095196
9930342054
9136782348
9823272224
9519373553
7887880880
9699539747
9604265559
9821664779
7567657149
8286864002
9833518423
9823608895
8793880589
9795062513
9619671520
9834774160
9768709374
7056189828
9822010765
8411057410
7014223842
7350007427
9970052195
8605011637
8655414027
9992739202
7977545872
8806144110
7387296839
8888866715
9822491607
9260665566
8806122252
8149784158
9822066023
7420993167
9136343470
9769300038
8850969083
7738087253
9664673573
9920191992
8422045014
9922210357
7020108925
9821288052
8160922532
9987165212
9223035767
8435458433
7972906208
8779427253
9820559368
9561430245
7656009355
7030793434
7415398217
9082889376
9975506175
9619349090
8652307607
8881192193
9821667274
9869235762
9076472978
8484891601
9325636557
9872635427
9923004155
9146140785
9118011058
7208975240
9082037231
2066442929
9930298433
9969573433
9168016016
7972880145
2026224000
9657000087
8976090664
9819839245
9892977996
8286927814
9137067441
8888668881
7700001404
9595300900
2048700025
8779525250
9971820820
8356083827
9082113528
7798400742
9673732736
8828337242
8624890707
9167611895
9075988528
2069048888
7738330588
9029876021
9757241431
9167283314
8485832282
9967400257
8080809113
7058800553
2024463322
8956611990
9029647183
2269622361
2024441323
8850492785
8080234040
7021240004
9881236916
9167696781
9022407838
9823719126
9890004007
9156942641
8355937382
9820666819
8828299499
9850998509
9167355468
9892055962
9822033225
9970708573
9112963187
9657749111
9820059648
9022946626
9167644789
9096919007
9167663880
9930530735
8591899924
7208046319
9673400807
9607985285
9038017017
9619540448
9120006067
9172565504
9987978075
9997299959
8928278713
8806523288
9922900030
8779270036
9769177969
8940899919
9594679614
9324165387
7038631729
7738671123
7208472616
9665054055
9702883402
8595338595
9152206737
9834158870
7208259084
8879993555
2046011876
8767695999
9284060834
9226564132
8657636369
9082223137
8108908759
7021584403
7066638888
8983551158
9321535159
7506372004
7259356149
9819499618
9833120507
9850980010
9860691036
9665576967
9607838312
9082779074
9930474747
9011000037
8850382339
8080863864
9309551521
8484024555
9899205465
9960536383
9137914917
9867688205
9167230998
9011000053
9860688233
8850813007
9970195987
9869118118
9359618688
9822425613
9096853682
9975348680
8097167700
9635967805
9137765578
8800900009
9113708580
9372379727
9320342433
9321499793
8454030351
9820991225
9422068811
9920341097
9819803994
9870020505
9833373495
9819038882
9235353552
9987340843
9511911225
7972993457
9821885167
7738882899
8655006301
7021745110
9821353724
9326442655
9967468021
2026356991
9867430712
9322800100
7030333337
2026137964
7744827171
9870238000
9136005835
7039179943
8390651811
9930210801
8381028555
9594692959
7738047259
9830399575
2047170066
9987653456
7900040534
7028464118
7745047766
7021923539
9768114582
2026336202
9769683126
2066066000
2026059118
8668948654
9820636646
9595157015
9594208268
7275558555
7666631451
9970019755
9326463936
9850022215
9271596940
9769598954
7718967752
9970007784
7499280215
9764213284
9892557899
9637379790
2225414145
9920489481
9867890876
9702702467
9833865825
9209230061
8806301039
7030072424
9892830347
9172244591
7796067067
8097000763
8828823536
8097873757
9321365123
9136067060
9527407373
7972507252
7261988688
8779655725
8999779339
9422514893
8425859516
8928062030
9029324323
8879357475
8055002244
9821109808
7722000888
8698837996
9764020305
8766562969
9004383063
7030369999
9833500317
9075609001
7738115426
9044885151
9833312389
9920791221
8308315775
7972679104
7775080111
9867988077
8591604756
9765209990
7977193183
7387012777
8080839396
8446481361
8369116001
9113183837
9767118804
7507514444
9423074088
9930562524
9960557795
7028679678
9769509689
9892634504
2067273000
9373621726
9821034037
9821277545
9921793061
9359564139
9223423426
8329220379
7208429909
9833150237
9175670319
9987781018
9930283825
9451725231
9930863999
8830380572
7045505267
9594210379
9930821606
9764114114
9919910565
9822117076
8097258437
9820771797
8928284884
9595841412
7823857531
9819515541
9082301179
9022224919
8104089921
9090848431
9819006868
9970181015
9820479362
9764099710
8779953466
9699872996
7249309036
9137007302
8828717805
8668943494
7028740961
7304353355
8080527254
9969288590
9673999948
9833125152
7821021521
9892779692
9028470630
7083107000
7709566375
9619655604
9960890600
9967530995
8454070506
7767803692
9326568583
9322822835
2225403207
9322280954
9833503388
9987049635
9323592558
9324506969
9819676648
8623921821
9833737673
9619777111
9324706794
6359989110
9923094456
2225827768
7887880111
8668391426
9471898373
8007560560
9545222204
8983668896
9137173044
9821857770
9987444015
9822424115
9867947780
9922650680
9657376771
7709181555
9833886676
8855914568
9137027228
9892856000
8208910416
9763873152
9819752312
8805018670
9168280680
7599297777
9325358448
9773555103
8408817300
8788944188
9987764433
9921008559
8793180480
7020877934
7219502727
9987408100
9967319230
9594444156
9820182560
8839092355
7039205886
7040152471
9833259494
9822616173
7820904007
8655715397
7045056906
8899116977
8591120052
2248261387
8691845515
2249118600
9967873869
9820801707
8691955603
9920074563
7303389039
9820884222
7588231721
9860179151
9823064645
2047294519
9422025136
7208449907
9892489826
2221729000
9870737343
7039175671
8286582361
9867993165
9619598466
9158816628
9657737733
9762393120
7820872473
9156656168
9766090070
9422330858
7620349391
9339331818
9168410908
8433666015
9824672196
9420469858
7039569252
7305029009
9604670808
9890973900
8652320120
9152814065
7304834955
8291182201
8108296510
8657352313
9595367272
9595600181
8808361632
7205587270
9136009911
9921529789
9970969739
9320545657
9890377757
9923005009
7738751790
9821784843
9595767613
8988955500
8446131207
8879731174
9097445555
9730417343
6784214217
9823046569
7057965063
9890931881
8655852680
9769373049
2226662680
8855882196
8805002221
8180809646
9850540033
8796970101
9860063322
7841046077
8459253496
8451088248
9552695552
9324718129
9527527770
7506981522
7887930434
9294929461
9975150033
9921268617
9049503695
9604741006
9820722332
9920681945
7709490483
2223530692
9673191160
9372130855
8976509267
2266262300
9030260523
9620321994
7020272946
9595322008
9923000067
9967433261
7588195430
8459978532
9152049912
9504986986
9004915910
9223434014
7770003506
9322514271
7276282070
9767443418
7499778308
8888915104
9370269292
9420004388
8275014706
9545086499
7567561324
2532395105
9822278683
9082241905
7021437607
8097632727
9819984575
7738688621
8788767510
8149510986
7385998607
9209140466
9152360678
9766242424
8291962020
9833663000
9820580439
9820490504
8108970270
9326544343
9307540574
9890037593
8149939292
9637597248
9156426376
9011868251
9890742770
8127943682
8983682090
9309768413
9604570350
8888755404
9029147766
8169639790
9822308105
9637522896
9540968586
6378017959
7208410473
9221204466
7715870146
8657416091
9820045154
7021034897
7507778085
9892672444
9004097441
9820162992
9115405427
9076667526
9920064791
7204468429
9594275133
8068976931
9324016620
9326613485
9321133726
2235119885
9420828082
9930027370
8071499663
9867707414
9558419945
9326089318
7304553500
8983243162
9699104114
2268493086
8454971003
9504906455
8691908943
9698959192
7021368445
7506719708
9820849495
7304255896
7972932926
9892632454
9370400064
9869001111
9028506840
9004950430
9870343713
7738662106
7303552588
9152484802
9967540313
9920014607
8898812766
9833734277
9082873395
1246201463
2222096972
8828070720
9870678867
8928147566
9967923240
7995953555
8291686725
9820496495
9167676599
9987776632
8424910249
8657554091
9869152047
8591861584
9082485094
9988668122
8788255150
7304173117
9619100188
9619900011
9769088880
9769400969
8957631486
7738954525
7400351422
9820094615
9372472194
9769285224
9651970355
9773347324
9552894629
9579260011
9136752116
8108090599
9321749486
9819627809
8451951123
8376071369
9172232222
9322890826
8169118911
9833312656
7304233368
7208423084
9321941704
9321182562
8369835384
9821885070
9004030330
9920820751
9821172525
9920373036
9011229897
9004794395
9321464099
9321782927
2225814321
9819822522
9819500232
9821802203
9324585045
8286154429
9004555009
7304300233
9172194270
9137798539
9049838238
8850068958
9821137897
9096999424
8888870988
9730231132
9657586364
7249038557
7350385509
8554011333
9923761865
8087200592
8600111142
9890837666
9820413459
9930836136
9820241982
9594614999
2249762233
7304044596
9136556240
9136077052
2261484000
8210949619
9920666137
9870273970
9987370439
7303107107
9822558199
8080786666
9595649962
9371133123
9920676635
9322935206
8657408664
8591802751
9702966332
9619662404
8037744599
9920674440
8655589998
9323033937
9870129848
7977469301
8169487527
9511815118
7738874911
9665803092
7678040536
9823345670
8042783926
9096705117
8805555115
6390093017
9822000219
9168643801
9922970603
9623788196
7887974761
7030719222
9284248883
9867043750
9152565565
8446970524
9819857244
8828289435
9664056847
9407474888
9167623566
2225838396
8779363735
9870242027
8779658207
9651081400
9773829312
8302542117
9136262970
9011489333
8055504466
7404316824
9950174155
7620240993
7028208324
8055336959
9356115654
8805104306
8905465216
9158281044
9028840825
9112119252
9137371246
2269805313
2220814691
2268126812
7738343910
9930113119
9892109836
9920093829
2225838174
7972131295
9953823020
9136914757
9892815335
9892160575
9892871070
9870289890
9819443568
8169410004
9506593185
8928394024
9920289704
8108011703
7208769880
7977965580
8454030648
9769321985
8828482585
9819072039
7887885471
9833228033
9004433737
2225408163
9819299860
9820326432
7775853053
9970100046
2532508116
9822287272
7767099610
9967872549
9892200696
7738800314
9323011568
9850503003
9420695638
9890966035
9709098484
9822054459
2225804448
7700061281
9702757340
9819496586
7738305400
8850938087
8779286611
9028769920
2240138646
9730975897
9422770230
9860810075
2225801080
9920717210
7710033016
9619270156
9821024246
9768375536
9769736453
9136135430
8369256229
9082068186
9766003448
8169200677
7021790351
9220268120
9594151000
2221581400
9619996060
9321496539
9892148999
9111466661
7208204541
8855932235
9819790720
9820067783
9987034555
8888400068
8928848080
8097031967
7977382130
9769273977
2248969010
7715930813
8291267006
8422922450
9326665992
8062914152
9821710035
9930555709
8424813495
9819018875
9773303121
8062914799
9892602015
9370609233
7058587500
8484001884
8657952395
9920603054
9324210232
8169839372
7738211461
2269239802
8001021532
9152309090
9930249931
9819383938
9082624037
8286574143
8983716224
7350425525
9823682901
2532317792
1244264666
9821214643
8464962264
8097740050
7021855604
7700060860
9820076679
7499830543
7083843303
9604178197
9028685114
9930740099
9820022205
8552999380
9765127177
8999839172
9503624020
8149289869
8928222966
8669961619
9881362269
9324480085
2225382635
2225431727
9106147779
8067331882
9769056073
9579573923
9011026610
8062689054
7768033033
7984527449
8369984374
8850511839
2249626262
9324232656
9320040999
8087615787
9869334706
8692049657
9767794946
7045665500
8108298888
9822817178
7447443401
9920290599
9324402923
8291131474
8070516363
8062565789
9833223757
9029126037
8222987059
8097386605
9167461642
9960077774
8070708099
8169576609
7276757463
7709644482
9168090365
9765240590
7385615866
7387018679
7385110339
9922330454
9766893279
8793343793
7620778743
8452900255
8080606004
8010624599
9022856606
8818835845
9022893756
2532513312
9822875007
9552526379
2261566256
7045648336
7506501749
9833974756
9819877192
8850698469
9967778868
9967436537
9970083027
9326580800
9579383684
8446438581
9665286901
9822197673
2221724088
9920993896
9702141589
7972719684
8007087321
9156493356
7030271672
9325472108
9850692593
9970174508
9834697779
9323700351
2225477638
9527004796
8080774693
7387093660
7219194211
9209587547
7448137277
9324492962
8097707496
7447446095
9765142830
9850327511
7499604950
8889553764
8329502261
7709112480
9221656658
8048264204
8655587403
8655401867
7045295000
9881816429
7972528252
9358719393
9823781781
8378845075
9309242068
7588744390
7798428641
9822460468
7387800667
8104717277
7219713098
8149973964
8624806121
7742434661
7058866626
7728974075
8806402044
9137673996
7744856488
9967705086
8052381011
9890077827
9820342627
8605815587
6384444448
9850332565
9890978124
9657807871
2532513971
7263938395
9892513834
9773553038
9029578000
9423813513
8657407499
9137101346
2225428359
7651810115
7700932311
9321118348
9029019050
9833409315
2532350954
2536694313
8668274575
9370104077
7378692983
8169263169
8999217051
9637496382
9112222742
8800138417
8265078046
8482838002
7770050184
8830900101
8983818885
7020867801
8999040748
9028204269
9137629995
9225205220
9922951579
8999486358
7219849110
8080186237
7218776631
9822054907
7122567373
7774855653
7977020169
7350832152
9881114112
7720050447
8459402234
9967556436
8828820452
8169085578
7066999970
9594356555
9767713742
7039560507
9011940901
7770065557
9529147422
9699739590
9890437811
2532236556
8208682637
8983083698
8530388815
7447444874
9595902006
8888857869
2536651500
9821214397
9711427724
7038137236
9323163071
9152169203
9136225480
9833026353
7755982440
8975214463
9307338125
9922420135
9324803359
9326362224
8169764678
9727217308
8421325489
7002033909
8097777810
9579126918
9823451888
9371122889
7498405040
9372794580
9370854500
9869227740
9890026666
9120010030
9881719920
9763700083
8830494881
7447444878
9920148325
8291569990
8070188884
8208265052
9322781981
9554636081
9930842929
9906099081
2532352948
9322559037
9823892095
7020063379
9589412711
9404061521
9673878652
9923512044
8788373766
9011964620
7972310365
9112235533
9067128066
9890268088
9834352466
8898391111
9821237247
9699555432
7506552362
9773457054
8976167999
9699746578
9423741707
9819250368
8169594816
9987121356
9322712493
8454845515
9321749994
8850921041
9822218636
9145010123
8108335216
9892626111
8850815168
7083441429
9004657305
9833958444
9997907404
9175605826
9970246208
9011581800
8007027722
9137111450
8108428718
8928312823
7122436992
9920073881
8898899401
8102549601
9607771324
8600728974
9595213535
9168469900
9699946616
7208865712
9987026313
9820946223
8605266497
9011031113
9822473308
7666389785
8999003687
2532453838
7385518434
8108105879
9819456240
9075016001
9152067802
9922970061
9370219183
9371710088
9322262758
9987493515
8483828561
9158876092
7028690599
9404428662
8698462360
9404282781
8530477458
9137304489
9769581899
7715806232
9423111547
9822468919
8055061707
9819226708
2532972209
9152964122
9867278306
9820384824
9022293276
8850378974
9773328780
9892151575
9594657442
9822738704
9370139032
7507958992
9763496853
9021813360
7410151164
9970038903
7841041786
8446507314
9881707971
7387020769
8888865786
7620335074
9890146614
9096813348
9172934028
8291083103
9819524939
9404085316
8108908978
2534021058
9631550733
9429691386
9403932085
7999275581
9421449665
7841975800
8788270495
9370800519
9730335464
8208511599
9881739465
9371302334
9981646878
9004400189
8208305165
8483814657
9595262843
7972388671
7715979766
9320242423
9653167322
9152082355
7021694411
9076185960
8380091983
2536655000
8261953271
7972921040
9022922292
7083233905
8855936467
2532312174
2536055500
8149105083
8459082521
8600028849
7709091821
9518581728
8888324275
9881149387
8806228485
9371848777
7588692266
9326976946
8888427448
9766299378
8180023289
8668510184
9029617172
8070021111
9833743015
7045078136
8369592040
9850988914
8097689155
9930515330
8692896111
8928142552
9820090143
9930708177
9819682619
8082158302
8076899779
9325577571
9021745450
9049874179
9082583810
8097899302
8652145454
8828344304
8591880963
7995637786
7710941501
9004897754
8976786223
9987785216
9833671889
7738917651
8451857784
8454957999
9820265530
9309917780
8830599014
7400116364
9930187971
8108243703
9869264414
7020951259
8879883534
7773946268
9769667653
9649641774
7506106988
9819108071
7666555514
8169006737
9321401423
9833783333
8422977323
9769921777
9920830922
7777054548
9766324418
9930119370
7304282874
7718079415
9372715553
8356097696
9479597455
8329905564
8600560559
9373811470
8448449874
9699650785
9860829938
7030007581
7743907264
9730932266
9324981909
8767619110
8766783098
7718941969
7818820820
9970198839
9370978947
9823065031
8788141746
7558683112
7387990061
8956610799
7122569999
8419968895
9702311208
9967388166
8329905142
7738344555
8668831550
8600592336
8591152226
9967620677
7666742173
9820902159
9769458579
7021209305
8928030390
9136078004
7900079615
9833596997
7208844947
9004968003
9503985853
8698357759
8668823268
8329887628
9579808285
7972654034
9370061135
9820408912
9324776794
9011096611
9822952807
7058626089
9595232373
9657058280
8349240517
9699929177
7350626289
7709809577
7021349670
9158977001
8446421450
9834363128
9850303313
9325131307
7888113303
7021678951
9881122096
8422002968
9049313615
9920209725
7208812171
8369074780
9619951106
7387202569
7738200211
9920671022
8850123687
8698720633
7506119392
9028984942
8055840589
9967075828
9823846885
8850013071
7774076503
8600992152
9325375328
9168736996
9623438950
8208288716
9422147509
9075376229
9823133366
9657920200
9767091236
9503563206
8983893392
7755920119
8888245467
9326140935
9821522372
7039632589
9167161926
9768962437
9595577979
8850960185
8356929861
8369196711
7122525486
9987704966
8149076706
9765040278
8605000089
9028699460
9309730751
9422310668
8818818950
9167579313
9664342796
9921875733
8208510047
9763694382
9453441667
8459582298
8108107824
9920308003
9768641000
9870682269
9699161108
9833584212
7718965866
9767850123
7208359459
9702287009
9167744446
9924144533
8828038800
2225416001
9870551236
9821018293
8355828930
8209839791
9820084793
7666366248
9870555853
9820162664
9765858459
9890788888
9009990220
8888866137
8888085831
7218007616
6264800712
9607556669
9028924849
9528906508
9325318249
8261816646
9552472196
9322413762
2534105096
9820211269
9326007554
7972859314
9224410000
7122760786
9822704659
9922902827
7028334943
8208502043
7126506242
7083979089
9881739408
8043813459
9373102077
7122721212
9371618632
8071889613
9322659109
8652461957
8263013321
9969572089
7738164088
7045616744
9967206038
7304303601
7666693418
9224916111
9619845599
9820258270
9969739760
8071326163
8451869658
8268716119
7122634209
9561663535
8806443109
8668446203
8046059131
8698049084
9960582664
7122725164
6262793933
8087788859
9665880758
8928971506
8888808471
7774054719
7715852755
9136921159
8104365699
8806070027
9323393716
7400421931
9021651741
9082699337
2536102222
8788336357
7588558491
8329261372
9665622869
7558207780
8087100252
9823834673
8484836319
8329631267
8554066349
8898326453
9892989725
9372344011
9529126944
7057205423
7709266577
7031494949
7499547474
7709048577
8433567497
9152909293
9653439181
9967544122
9870217855
8850931210
9833582821
9594834357
8108940067
9665533202
9130802286
8830944055
2536668000
7387874545
8446503094
8600948978
9922995268
7030687775
8080466754
9373306416
7126642599
7738821716
9082119284
9225232123
7887557788
8668961668
7721988882
2536696130
9011003666
7387861644
7888013129
9881900248
9271777303
7796060193
9423685852
8983272294
9503456351
9823520987
7122745635
8805006420
8087936260
7768028460
9716323323
9762588623
9967486789
9867370009
9137750046
8767361092
9920828502
9702820968
9987666073
7208739502
8668287604
7900188148
9769255999
9619773520
7977208892
9372130575
9321549593
8433521716
9970405007
8433867630
7558458552
9881242216
9860818509
9657959184
7124509954
9225550543
9822444915
9890720806
9172260355
7745886433
7796403251
8624020495
7709551553
8600004416
9503005060
9096060149
8237266913
9096467765
8208970766
7219106246
9167772105
8291968074
8104874703
8010701451
9004951258
9860000787
9356149658
7028000270
8237031975
7709187681
9773320575
9619014055
9595506516
7020433683
7844000707
9870049308
8329551807
8169162183
7977796886
9967406393
7400207836
9687979829
8860281339
9967668739
8591009191
7678097904
8655989189
9076280707
8530286116
9309180626
9028004277
9028157794
9175637604
7039033145
8591662424
9766625814
7400418938
7669295956
9326103686
7208834763
8097230155
9594001140
7718073728
7304312365
8657535287
7588255795
9890340065
9922739720
9307197804
9970913005
7498558545
9325660843
9119544192
8806601050
8655635962
9987799720
8104962898
9867527832
7066644172
8655927394
8104969007
9326883668
9769768700
8600008097
8421341253
9158643578
9823155185
7204043317
9763994015
8655936427
9823385499
8275589767
7219867337
9923482177
8275744483
8983708253
9145683858
7122571640
7000085434
7039186404
7303145554
8626033922
9594132475
8275944336
9112391155
9209060258
9665999900
2032397604
9359275741
9326282277
9606032283
8692039281
8693082273
9579945273
8956992803
9892913551
7700928636
9619596554
9321766630
8652433762
9004336012
9208599208
9763007852
2532314264
8830275071
8830070488
8080528500
9155202509
8806091719
9307084168
7126699600
9529468439
9819214930
7400288712
9270605260
7719988360
9970644040
9920043220
2532311252
8291913330
8976508288
9907695936
9082749693
8928756239
9082476244
8369919104
7045804448
7796090408
9579843385
9355519368
8069061345
7977232006
7030312321
9096205392
9152163000
8795959515
9921616696
8855847480
9765888647
9175495781
9324500514
9867537772
8976167161
8691976868
9820953507
8828449973
9769609089
8828535303
8484980596
9822594033
9890544466
9156161044
9881472930
7875491252
9860609879
7498731779
8408888866
7219079993
9960560694
9004473859
8591874383
8879588058
7774079878
9821488849
9765508180
8482925926
7122221656
8591495161
9096111204
8657569439
9004420184
9323106080
9823321480
8048410158
8828028088
9833999699
8097476927
8767548312
7715970277
9665302573
9422754317
8888517243
7666844055
9881699810
9850002132
9823560002
2532512876
9136952804
7972602969
9324452509
7744822228
9136860583
8898798857
9167252590
9356898277
7028455598
7756957534
8425987280
9834755204
8698264455
9970098283
7397882579
2532530505
7718094410
9769807301
9619588162
9326744884
7447433322
8104512041
9833327433
9892440533
9823696897
8262905417
7666637881
9867420521
9833967287
9769765901
9623951211
9156776606
7499106952
9284614144
7820829130
9356280755
9423972001
7588551420
9959666374
9930821040
7666933776
8037907942
8600002426
8329757925
8860179369
9890896184
9766136481
2532310177
9004147188
8888843867
8433885166
8149256703
9820142332
8065488417
9371756662
7738655222
9920046022
7304029766
9529549207
8850805846
8879427333
7420962807
9561666695
7028272326
9137388769
7219786692
9423696708
9730691190
9130244260
8291940005
9082198787
8422843357
9768906119
9270101688
9552215295
9420756983
8806659797
9021251392
8007004287
8888349992
9167737571
9136600406
9226179062
9503015404
9860455757
9324041492
8928143331
9768382213
9167961116
9021070048
7124104439
8149902206
8329658368
2532591298
9890278215
8108815805
8591585877
9892449233
7387375125
9892838863
7126692000
8928700727
2536684000
7400293601
9422774417
2534513316
8380039814
7666529480
7028018244
9371937153
9730121621
8273564779
7506803056
9820222861
9967080501
8828886868
9702873530
8928911782
8360257379
7219808585
9922074007
9890472752
8080404566
8999917506
7020135825
8999384981
8830938317
9769405636
9920625942
9403226952
8928170515
9321057899
8433770411
7506420648
9987474444
9497686469
7700003156
9137195581
2532590401
7620107340
9307199443
9881945244
7588704070
9702708768
8460395460
9821559999
8799894520
8605001066
8692802712
9867999358
7208808772
9867128665
7385813451
9619386085
9225123403
9623613713
9890283392
8600346599
8007861579
7057370824
8419940999
9769938795
9421408643
9156372426
8108295565
9833477074
9764020909
9867356732
9209100900
8591685217
9766914044
9029089896
9920791079
8928222625
9920167548
9137575316
9326872652
7122249358
8668931702
7021517550
8369668284
9082094636
9136919890
8308385717
9370479078
2532970363
8591102778
9920151586
7506954299
8104255866
9004544790
7276864643
9820750333
9987109500
2532413789
9860315942
2532392225
8888616777
2532530793
9607762002
9860102524
2536699200
8850023024
8369282810
9011466663
9920995588
9850257166
8669966958
9860303985
9029777923
7715874513
9619661368
9136950972
9225237076
9860883558
8065138371
9823153987
7559104101
7020219807
7770055193
9307943823
9364022252
9604090894
9890394692
8805300575
8237066600
2536601133
7507231555
9111579212
8421548635
8591384411
9769763350
8668370257
8108342222
9094546546
9422443281
9359958356
7588108663
9821195870
9987758327
9833525050
9773329211
9028664240
8551094042
8600141210
7977368708
7666616612
9561101102
9359697916
9028121821
9529676035
9890169506
8956228630
9869868842
8097539567
7488049134
9405249340
9270756661
8770839703
9820310970
9769121529
9890578703
9325932576
8871489541
9511271090
8047759134
7507003616
7447446420
9403499627
9022071935
9730040123
8691922228
7588877781
7021320234
8450998994
9892537777
8459336563
9370662177
7720044445
8575600040
9130160158
7276636672
9422271929
7741914974
8380083616
7588524106
9923410740
9820548484
9967652299
9930994112
2532338833
9765127101
9833999925
9890663041
7972719376
9604222588
9423160380
8087179590
9820962116
8879597406
9970284875
9112267633
8275016236
8087716608
8888668828
9021717598
8530939177
2536630701
9867607866
7584848784
7775031554
9822465427
9822056703
8948941920
9867354488
9321199282
8625845529
9226786246
9765556861
2536646991
9607007941
8788924383
7030012255
9156646301
7499913795
7588319626
8104657741
7020538152
7058039239
9920451076
9619100568
8879488891
8381032114
7304900607
2240243131
9552533322
8999943476
7507593944
8767609584
7972967345
8008300269
7499055332
8888488586
8104416567
9822526394
8623039992
9922316665
8087156749
9637785808
7385786372
9370383164
9893024194
8208659118
9529727295
7208294434
9167971995
8793652932
9168108899
7058876534
9373799702
9552590933
8856021873
9823042576
8830540322
9325252546
9595544851
7588073322
8237643107
9665145955
9545950103
8789329851
9834120654
9765038559
9518931197
9970144388
9370037960
9359221869
8208821176
8830542692
8046810849
9822661307
8048057983
8605824583
9511641297
9175978889
8291275655
7506064691
9987356060
9820505889
9804360360
9579159841
8828685848
7798303092
8182814051
9594827425
9404588608
8448192038
8956598949
9405212201
7741995544
9422390103
8855072014
9423964247
9423182799
9225587587
7775002926
9209852494
8291454141
9555313744
9892884522
8657406953
7400387925
9372139432
9967111088
2249393838
9146902678
9137227502
7620455155
7721848483
7972344484
8766996944
9545615574
9021213231
7588828123
9323392546
9371522864
9623031261
9511897725
9637519388
3022002880
7020498625
9888748883
8291008181
7122546815
7020171950
8806772227
9766081869
8484838061
8208447504
9930916445
7387295354
7666244455
9112111339
7498461089
8087358374
9921929020
8208423300
8002668992
2248964417
7709464471
9689689418
9420225126
9763184706
8655460980
9511921037
8208627871
8999355739
7774003349
9923077789
8999787675
7721933328
9373113762
9370253658
9028055719
2248932459
8422847407
8668712088
9011120036
2249398271
8828030078
9960366677
9373110900
7104297207
9359475770
7218737330
9607140005
9405212345
9373092853
9075757002
9820181635
7030204000
7352201023
7208954890
2249399537
9137721746
9833270560
9594181238
2269553605
2249399549
9860444150
9172918405
9175496456
7972411250
9766118623
8378886519
8551036126
8888301363
9975736962
9890849052
8048030287
8446775457
8956964708
2249399558
9867947987
8071889274
8554847697
7276825177
8766069947
8796966187
2249399542
8308740090
9325805873
7770018561
8422801801
9834527400
8530107029
2248932885
7770059739
8652762079
9372016243
7588939343
9561187575
8208244162
7507414653
9372374462
9420080623
9960456485
9922969796
6238912347
9284145248
9136801368
9421564806
9820659879
9930388964
9920833679
8805560431
9987361656
7304894094
8928041313
8655866056
9226926470
9021073822
9009100144
9922443040
8446225517
8879326811
8454812026
9930623272
7517512699
7378741724
7122800000
9370044399
9561295449
9823272823
7774048880
9930483309
9373536010
9604117663
8898024134
8788433723
9987577491
8412087606
9372447338
7263985000
9819344211
8149998088
9325516487
7775001016
7559444004
7124007668
9096921234
9206111151
8669036621
8087656158
9175536495
9011077386
9820433088
8369252495
9892077363
9860424044
9167132236
9766698252
9028241043
9594959947
9321883515
9923227293
8308171705
9970728886
9096365678
8208305907
9823387802
7744892976
7972008705
9892572882
9769793308
9960643502
9156756750
9637760077
8788934098
7276845117
9930907778
7021331470
9820954988
9022072081
9545450157
7083788014
8149552816
9922540862
9860020117
8652542678
9623309640
7045504788
9619782350
8693014986
8286179072
9082443156
9967736554
8446744525
9607124646
7249755000
9022867280
7770032223
9822082709
9822219877
9325970960
9604645666
8378873807
9702370976
7977465064
9167690361
9326531473
7977655882
9423383069
9167081770
9324771820
9503806029
9137609026
9867121612
9004670795
9225129680
7738966689
9209249533
9730663442
9921218556
7769037683
9423585558
9175704800
9004713934
9001997180
8237931287
9004306568
8422842280
9769388289
9324878282
7887883570
8369466309
9653108678
7020552011
8793571908
8600699055
7977303966
8482968524
7977035839
9820333039
9209522944
9930621262
8889997976
9029746765
7773900082
9821293837
9172206400
8087688051
7506789090
7020592900
9619641338
9923452012
7385369311
8390111477
9890017862
7588706961
8888890732
9558899936
8484856831
9326397331
9819662959
9221334411
7219109619
8988083333
8169461114
9867272078
8850172346
8483800100
8830664217
9595560396
7718908862
9691568071
9371044425
9921469609
9834875669
7021087733
8928890988
7378627621
9867269011
9653185242
9969892999
2261701050
8208014153
9773600766
8623820403
9372525937
9637092551
7709010555
8037759506
8071890121
2225447818
9422101241
9766822200
9850043735
9011273500
8007668110
9970120621
9909047426
9372110600
9372430061
9004351818
7208411112
9702017971
8693887984
9619404075
9594820330
9619152857
8879982268
9820801198
8071326802
9371034458
9373929119
9930080718
7666003545
8898934955
9987598262
7755967681
9975587819
7249430043
7122542261
9421389738
9823233663
9819389095
8779291127
9960655812
9769921574
9561100165
9921899483
8669546601
7738698719
9405355591
9860706165
8067612345
7823865234
9821155505
9987189985
9892008514
9323907072
9594954154
8808098194
9823050816
7697120653
8329585950
9819904555
9588610775
9819265984
7776088807
9820870682
9987418687
8446176595
9921235265
2532994352
8788491628
7020285062
8655135519
7021672620
8149959420
9920829408
9175038247
9823219007
7774007399
9834281793
7447443993
7588924630
7385081052
7350426147
8855971296
8062536083
9769090999
9768877943
8689966452
2245301762
8369800934
8898257379
9321728682
9594491189
8767197612
9823478234
9769703385
8208863691
8080427292
8956242991
9821522600
8355833143
9867678557
9921119880
9325721195
7887878994
8668440143
9619875605
7021027747
8419992201
9820954131
7122980415
9004288188
9923409707
8451835645
9004972623
9355870236
7303893946
8055195839
8446552855
9028282783
9271582022
9049002863
7666521171
9869232672
9422115197
9765494330
7126644888
7447443339
8379072716
7042316268
7977513461
9307394475
7447372355
8999716852
8446365236
7507379769
7517073428
9595957692
9821666581
7972150680
8591738881
9594771111
9892138122
8421226559
9967383000
7972322506
9422112582
7507111164
7126602104
9920311111
8601023843
8850011770
8275192699
9921031372
7841098839
9665436767
9762000333
9168336020
9529204783
7410785218
7276795054
9604545468
9004479688
7977897025
9987003551
8291073115
8591710704
7558664446
9822537554
7350707731
7262828725
9967154234
8879873783
8898814013
9324191001
8779706757
8169199872
9004746663
8600004931
9529979619
9270905566
9850762561
9890240653
8830505933
9922367631
9860620333
8956384955
7972354741
7122249004
9987469224
7391028406
8779209749
8551019199
9822041322
9373522130
9967249106
9822556789
9145156761
8554933846
9892529892
9822741778
9403123808
8626034788
9970760778
9920700884
8884442087
8888387158
9867136990
8071326751
8071326790
9422770085
9075630098
8291763172
9421513330
7030644067
9156935125
7588551153
9822035700
9822547458
7949294070
8108099715
8433782224
9588458159
9156210065
8007585567
9821552231
9702133312
9011968825
9049748369
9922036208
7875596111
8412898920
9921215339
9923507307
9011063350
8828298485
8879210142
9823786101
9881420306
9370227950
9370671697
9167209129
7126660100
8600364891
8055229999
7122222353
9307854509
9326902095
7709648473
8888220177
9822763671
9322114450
9850589110
9767160207
8010058885
9420157846
9975288300
9833178945
7977788123
8830202428
9699560251
8850492985
7058084170
8087198495
7040617152
9158524447
7972169352
9326175947
7773944429
9422763537
9422820004
8180805196
9130070667
9920950777
8007601110
9970743737
9309519704
9403338235
9920371314
8624934506
9730780958
8149436465
9373470837
7734897734
9579876377
9343811022
8668530505
9172331321
9699432328
7387300081
8888844491
8796012003
9970160052
8308269923
7378767184
9321260005
9324703180
7757854042
9373537363
9604343388
7887307959
7350395559
9011455713
7385454577
9921254550
8830267980
9604890727
9823426231
7770000526
7276299401
7083619115
9892111606
7977247576
9823050567
9702056999
9822315500
9860605520
9762312511
9975036360
9657860602
8237592577
9766968120
9130816143
8007054623
9819738889
9168087680
9096271928
9850796256
9767788075
8329161665
8600206652
9890886675
9673027503
9833133349
9004807555
9820613034
8884601166
8888899834
7126924545
8097727737
8446310001
9970500039
8668540866
8308313939
8263957459
9422449088
9823372414
7058671230
8766821909
8048091555
9429691700
8855855842
7052369430
7743825158
8446384166
7020869864
9423682125
8668391269
9049138485
8591444976
9320422600
7875333468
7718977405
8806735561
7122532329
8999639059
9850202649
9420305000
9850848681
8605791106
9890810990
8208077465
9881056171
9823222449
9822358447
7709567248
7038478699
9987880864
8080172535
7977797361
9665869779
9870629757
9322488229
9820741936
9821712432
8007666652
8888552277
8286182919
8055069958
9766912720
8698314151
8040245900
7507020204
7083050656
8999306624
7666454514
7972814436
9890806445
9960962128
7709697117
9764701451
9820749980
9820698384
9284213175
8928720036
8482827121
9529449931
7058471943
9833736414
9768961561
8169817062
8828767850
9004705584
9320286954
7738561074
9764545454
9850488069
8208300559
7558255821
9920750775
9422475665
9921991131
9823933344
9869614697
8087909290
9822080091
7888001666
9354141071
9325538444
8459243306
8485855366
7045694794
8454816913
9819491775
9819078444
9890436981
9850035335
7020797324
7264852747
9422271555
9890211110
7972669923
9819472848
9168164611
9422779641
9850572739
9152574715
8946883420
9022777493
8698729723
8652343404
8055061777
8554848367
8003098859
9545827555
9767057237
8600006680
7709994996
8600002200
8928696686
7385722507
9403890894
7208069551
9920318143
9820711608
9595932223
7742886956
8734929655
8855910574
8879022865
7678070530
7900133699
9975768833
7276812259
9518382772
7878353235
8446431031
9970826464
9076417193
9167008602
8329079267
8149650441
8879596078
7666996668
8149711614
9970670751
9881712116
2250000555
9967993679
9029713188
9821571571
9768794995
9284975133
8208790658
9822591011
7620620290
7798284917
7798308900
9326755559
7057979387
9561324274
8530998888
8600728248
9764882880
7028441816
9021489588
9021152302
9763507864
7378845346
8668575174
9730004632
9766852399
7798885529
9209140295
9225109552
8308062080
8655997455
8446060424
8591562131
9892204947
9702151538
9819216509
9820299433
8108196672
7400163798
8108666325
9594887055
2262308800
9370051552
9960963967
9637274952
8421375502
9112226688
9067678253
7378780006
8657789363
9326673300
7756805341
9834911211
9970796670
8155938057
8378049411
7879446130
9307826225
9403119991
7385066725
8830106883
9326969134
7798806806
7620723078
9767552091
8830763647
9922491492
7385679512
9769526632
9821639398
8591621638
9167182010
9136153353
9920731047
8424815335
8655240559
9167200076
7506266233
9130119555
9819728273
8454087456
9820014999
9819088528
9769955233
8898611670
7506059999
7030633999
9022082510
7888136240
8482912110
9923125666
9372822111
8625872188
7447712004
7385966151
9819357247
9595399882
7020102348
9975173637
7264041924
7776872837
7066667073
8237671905
9304322902
8888566962
8657260511
9552226002
7666346989
7249196526
8999423802
8380058601
8308111920
8055258307
9552891919
9359057593
9967888018
9702706207
9819177784
7666666199
8080005091
7021464007
9324242865
9930633480
7045755506
7028064823
9321611598
7715911919
9892986938
9175659319
9325564266
7385665008
7066050400
9022994507
9325246357
8888885385
7719981324
7122222061
7875433487
9892329101
9850176152
9422149678
9270988181
7758975768
9172413863
7506502876
9206495495
8046984913
7775851128
9823240307
9850740169
2532452871
2268540000
7303959697
8452940859
9004624956
9867698103
9307056852
9833955150
9321696940
1488649130
9137828219
9767895775
1149657800
8586066563
8097616904
7045904035
8229944441
9028451946
7020921435
9665021291
9021794255
9765907646
8830583942
9763757341
8928754511
7030929115
9890312867
9823065892
8149561499
9422145467
9823688601
8830833733
9422277128
9503499013
9923474552
8237844850
9075649642
8421454286
9820065396
7400095741
9987158820
9029032450
8422919901
7666196669
9326713126
9337951988
8983020000
9422126457
9527450095
9766588717
7218280007
9822362177
9405833781
9850296286
8698691008
9423682548
7798811138
7020121965
8329475759
9422138597
8668916856
9403057863
7057652777
9930435766
9321318283
8001201338
8657462401
7977117910
2248932335
9833361853
2049116100
2262346666
8424885546
9167028148
9322416882
9833733048
9702346688
8080220030
9769836638
6386708036
8087749466
9284514227
8308333484
8087831038
9049126395
8087318148
9371584798
8668993861
9823326601
7387111999
7972172251
9145733453
7773877781
8007171103
8446230863
9270349481
9270049481
8668806214
8552004100
7397872218
9145942264
7798700050
7768881211
9960033368
8983536321
9370767509
9653276418
9967912156
8898149002
9702356078
2225444158
9324212027
9082686118
8793468004
9766909597
9021387938
7420883748
9923431462
8149953532
9309909048
9284950517
8048067714
7038180680
7066311666
9604314675
8767106649
9011894898
9822236336
7020748335
9021622504
8793698224
8237299935
9960922369
9821167484
2225828485
9821761185
7400070510
8424051206
2235405813
9930077607
2225832340
9819305450
7208006615
9004078622
7021702701
8097145526
9820168169
9820300926
9967516165
7498314453
8149071999
7057752837
9552053047
8421842982
7796168177
9096911587
7888088055
9604614042
7030103929
7420973505
7720079555
9307216903
9867979281
7028024480
9359930250
9175022403
7588450044
7757009588
8048039019
9075120395
9673090882
8767642669
9653119044
9619766626
8828687650
8433722854
9372207675
9004195444
9819335593
9869197512
8591310081
9820202971
8065064475
9892448809
9029929902
9920344388
9892929265
9987227837
8668503281
8097282007
7798821668
9028880525
9833664752
9764955255
9226735567
8767816377
8080636892
8080133822
9922255236
7506155266
9923023633
9421352050
8898298309
7057510978
9834108774
8856026537
8879332220
9820020880
9920998840
9820546668
8104028353
2220817670
9702288817
7045492812
8451040747
9112381238
9082238947
7021485839
7875599005
8275783458
9890545570
7276759050
8830002956
9730881364
9371564333
7559172272
8208184352
7517978538
9326807268
7972469308
8055777121
9175519473
8657074120
9158316134
7020756632
7822846611
9422046794
9309504073
8888818683
8657652929
8888599574
8484840184
9767202220
8484026123
9511619622
8655936417
9152791895
8055613017
9022948189
9607190666
8655936415
9833372112
7030203099
7378780050
8655936426
9529364636
9175008837
9373339654
9867253554
9819478757
9167437715
9076930105
8425044784
8356000288
9867833776
7020915500
9326131042
8329746157
7020025220
9820970041
9833795309
8591164844
9699556448
9217326570
7715843600
7021927602
7775016611
8329712391
7058881331
9689355866
8282918714
8640828282
9960804832
7038887167
9822062940
9421410759
9890559666
9665149999
9822223767
9923990076
9145555861
9892797664
9820271315
7400133225
9892600657
9819236116
9594772998
9029159069
7039378838
9623408834
8928046486
7249339266
8308446322
9355519372
9039032037
9527680048
8983831570
7507515957
8855880778
9404552818
7669487149
9822052901
8104100135
8668624454
9766697995
9665510693
9975779775
9834116764
7020619877
9372302046
7768838578
9975039937
9503781711
9673959056
9766831912
8484845344
8669035684
9112889585
8888446322
7666623876
8605379801
9860985502
9823444886
7972757731
8446635451
9699658530
8823886503
7620848431
8855946834
9820423999
9930330872
8850509443
7773955560
9545998912
7066670797
8007087522
8459068967
7219284469
9960735638
8055002999
9021032849
7248959219
8830603506
9619841393
7774825883
9175267611
9136268798
7400260321
7021645519
8591123641
9326420747
9004991117
8308863112
8485847630
8956302987
7276612395
9637055133
7397802383
7972197474
9881714189
9423261730
9511873671
9881182837
8856958791
9579698457
9822467026
9921845504
7030653082
9545285765
7741051525
7030406595
9766243672
7020261661
9850907637
8037907753
9130099330
9923028897
8319050666
9763472338
8767691868
9075164031
9503024746
9579818433
8983202110
9823314483
9860030585
9689330035
8999543925
8007362741
8087032227
8698975555
8149253804
9822007117
7700067205
9324086988
7519717777
9152049913
9004169416
2225380667
8879050055
9145323665
9850013018
8485867152
7020653156
9595519452
8554048833
9860122202
8379085617
9028299157
8999187843
8484888872
9158474871
9168160888
8806749865
9766302252
7499689710
8446685134
9004978985
2225423422
7021471414
9320673747
9167957771
7304366698
9920354009
8779197563
9819739590
9699656407
8983300060
8830649822
8888668883
9850327011
7720042683
8087516220
9607091993
9922555866
9011513211
9145594716
8600064811
9764586772
7770077664
8668454851
9892895778
9323806004
7021888820
9619928208
8530206759
9869329948
9136833393
7021692010
9326066424
8657802669
7039775541
9321783993
9167332344
9867091108
9137394410
9881494160
9958966788
9890975280
9890744626
9960149559
8087766349
9890466855
9028596591
7387149331
8087187960
8857820260
9730162779
9373718422
8484851183
9096434332
2532456564
7517678759
9049659747
7700997726
9158243377
9860525657
9823049877
9921640400
9881000811
9823014446
7391995556
9422709346
9004504553
9819240429
8108103852
9082757747
9920552331
7715082908
8355889900
8879840674
7021505859
9930260001
7506576910
8855966675
9922403803
9881155006
8069049750
9595354649
8087886669
8668983083
7058503929
7588505595
9021444555
7038004867
9579731908
9028874389
9636749124
7875088133
9834671544
8237059495
7506832879
9167086436
9833007390
7738261229
8097097406
7715913612
7507487682
7039667686
9892154322
8788658104
9372309183
9028544044
9763352520
8329011493
7774009545
9890332979
9823867572
9373701476
8668897847
9665482200
9370364744
7770066161
7083259184
7020959380
9765555282
9604060857
8788439737
9665255077
9082285493
7507814191
9021756646
8767078944
9309203954
9730986188
9867476215
8591557105
9819872850
8045953968
8591038433
9870270128
9853861861
9175904155
9029006592
9930122002
9137071887
9923338934
9665472111
9890203309
9922662426
9373388007
8983080198
8668651848
9373593791
8975726078
8010398102
7122241753
9975447938
9503618086
8983713966
7276268444
8975187511
9860216161
9860571333
9112255515
9767498941
9763489353
9890277759
7798183182
7020718677
8070647064
7026010260
9967197298
7232861861
8850546663
9653493446
7400378271
8208663468
7887567987
8767930754
7620953835
9011196675
9823814654
2534064254
9860658689
7757999992
9834601161
9890316443
8805365503
9011688751
7744859256
8149924438
7620307374
9890088514
9765763776
9773063517
2233400500
8976298112
2240349999
9766561288
9324436001
9325716130
9579004071
7249510425
9325722439
9371193336
9404417870
9021319356
9920472669
9222221929
7738023233
7905276993
7447430123
9082057438
2225899988
9867898166
9594390880
7709389466
8421485777
9371956906
7972215845
7448082122
9595805435
9545057333
8788180639
9604689110
9730578734
7030408638
9665491868
9358767575
9765689375
9762002767
9975134735
9673060660
7410011555
7276607295
7263837316
9822929415
7507666006
9766661014
7588886044
7517530383
8793420608
9082322393
7715812313
8104030744
2249761313
8070758585
7715001111
7039678241
9324114209
8692084650
7400168991
7058226596
9325374942
8485854107
9923224365
8600022680
7066294302
9284980165
7507871111
9513169949
9518393859
7045576222
9987250000
7506640035
9082388913
9890351604
7045113380
7506611556
9825537491
9769967670
7021112858
9930407398
9920776126
7770044775
8329980254
7447885231
8390657666
7122539995
9373866545
7304430246
7709271086
2534024186
8830725045
7020285013
9665482166
8530811185
8888881817
7888111059
9769619884
9167997537
8356981035
9930096696
8291238526
9987364282
8452808888
8373006000
8655012345
8928798499
8082601766
8104728772
7368968516
8591264781
8169211496
9768888016
7020003426
7276417822
9226269800
7030319520
7972857192
7499835524
7387971309
9359500528
7058196088
8169073541
9867172438
9833159725
8108887799
9326166338
9869367862
9967722807
9867596607
7028735508
9850315744
8554977322
9356998577
8669990052
8657501211
9890442590
7841860897
7020795401
9371099994
9513169942
9175460707
8669068890
8793183270
9272226226
9326582624
7758038479
7666050793
7775025320
9970979086
8055618421
8928836870
7875761931
9204965143
8446511826
7745867680
7447447223
8888625990
8669191616
8390984623
9309906640
8007286875
8446748999
9673952494
8605074717
7410507599
8082512233
8956225562
7030747803
7700005753
9823173314
7774016074
2532314631
2532570544
8208667710
8806084848
8806767703
9623099723
9370660101
7721077210
9833361634
8092199676
9404335173
9673106078
7447448271
9370253809
8149410977
8007309900
7972158821
8767295366
7768854777
9561780856
9167986655
2532315012
7498329225
9225735991
9075178677
8450902597
9588697249
9209472347
7122439999
7499118893
8459579756
9359915424
2532982500
7219111296
8600136294
8605663685
8237339021
7030078787
2048555383
8600477458
2047170009
8806507522
8655973781
8071318755
9322792453
9272030577
8090040400
8898491811
2225436884
9136782548
8898556050
8956235619
9373045184
9209146586
8600077520
8048034690
8657569421
8999942765
9325722171
9850769583
9422706911
7276238799
9403566462
9766712546
7038859244
8048102247
8788036347
2261116111
7045759996
9664540000
9967577456
9867777839
9819810041
9930905841
9820975747
7208396999
9619988569
9833636699
9699469999
9769560646
9595501313
9226539619
9823984321
7276058923
9130305651
7796761209
9604995001
9921109988
9823160664
8087571736
8983266518
8462919523
8999440635
9967782288
9021421725
9404785096
9869413609
8087289667
7875100200
9637965740
9822552379
8600994239
2225331590
8689923455
7314496911
7304058455
9892565750
9167860155
9820331551
9833686900
9082949744
9324558340
7977665162
2240081717
9820600127
9873025689
7385814597
9070701035
9890560401
2532469710
7303223107
8208164155
9607899660
8007869220
8928295743
9823259227
8693891717
9833963631
9972555787
8898229197
9768185565
9324757884
9699929056
9867266475
8108821008
8850390554
7506991213
7744984783
8779653223
9930050995
7718986848
7669487118
8308181848
9850843456
9665078558
7083661438
9766677715
9021472999
9028176386
7350054254
9422719712
7821014192
9403666931
8806840295
9987960894
9769422165
8047759152
7718093787
9920485346
9867578030
7021108505
9867745456
9867633369
7774030299
9822822643
7385553127
7741899413
7030954802
9579941861
9158985007
9209255735
9822878958
8806623020
9271208555
9326519198
7276171689
9011254999
8459936188
8888222500
8600033300
9371339971
9923281769
2269309273
2225378701
2249718181
2225870701
2261133800
9324684772
9619913171
2225390629
9322272016
2225334420
2231464692
2225420661
9833921173
8591865055
2225341003
9920531445
9892555855
7697699636
9930324444
8948948011
9322923759
9156103406
9284238149
8793470707
8788216181
8850532783
8087372885
9359691887
8208518584
8087667665
8421514963
7888044983
9763368563
7385230579
8855070375
9930267461
8767137335
9324563913
9987175857
2268693200
9002786066
9867480919
8080246666
9322251929
9920771055
9619252020
9130080380
7821843989
9822994341
8669006143
9823922446
9623889977
9117177070
9689110007
7030196317
9850028599
7775022262
7770000331
9764587867
8605495343
9011001666
8208559481
7385309348
9511180101
8068455000
8452849963
9321850759
9076323336
8007240297
8806202010
9225229425
7745031818
9403780518
7949293896
8037016726
7977194605
9326899099
7949290942
8062208328
9822426811
8788531882
9594820396
7020049451
7507388299
9594820368
7400401195
9822899222
9076323333
9920978347
7314377260
9653445253
8828111166
9223561555
9653635321
9820185301
9987109137
9511224573
9699550712
9067481706
8208755095
7888110199
9923533333
7020903307
9158550526
8087623420
8263896672
7773967338
9822556830
7045481552
9595395442
9970061081
9890088832
9075865218
7385499352
8796968392
9822294728
8329635803
7774890901
8540824205
9823401601
9370041111
9920944194
7400392072
9619991939
7977571384
8424814489
8369599844
8419978899
8108705470
9076108189
9820000941
9586055935
8369445949
9702243483
7490909692
9657325722
8308003328
9860109206
9890426322
9021121217
8055650888
7276702974
9890601345
9370442989
7507421854
8208341425
7028169218
9272987992
9921990333
8830333262
8069840388
9975172333
8069840385
9370738194
8061160455
8485078568
9702627380
7875070226
9833040548
9821250750
9867188626
7021802641
9224598745
7738097501
9821086241
9867396773
8087750225
9137600554
9702686898
9892034351
7666333774
9272339472
9930906161
7387170644
7447700525
9028330643
9370661021
8788008615
9765833382
9391450725
9604379976
9225118998
7083081086
9921502447
7066208942
2532599642
9767549530
8999629570
9763169216
7039763201
9223249998
7887978975
9561513182
9921554100
9607788798
9823493303
7756918065
9890116083
9970127614
9623103191
8698291130
7083171473
9150778778
9665730024
9970632286
9922304114
8888548408
8087861192
9820135909
2228302544
9987480614
9870333941
9833496003
8080265255
8879773883
9820420495
8369328292
9987506070
8879459175
9222131067
9371449921
9096212123
9209291738
7888001188
9890555394
7773088830
7124032560
9561092937
9158028666
9340952907
8484837044
9623289237
8668779774
8830899943
9850777234
9158147146
7744027701
9168926825
9763094218
9987244208
9870793383
2225855379
8452023112
8779495253
9987752004
9998762881
9819804782
8766781989
7757031464
8087042224
8830956564
7773978639
8010352034
9628666677
9326853434
7498386403
7122458686
7122650867
8484009181
7387973872
9322294537
9226812414
9766880982
8888829779
9881762345
9967064096
8692958936
9665181246
8291580142
8898925039
2225806718
9322006020
7126639428
7303777560
9850130502
9833023420
9870456025
9970803519
9930629386
9765381658
9527327874
8037710326
8055645804
6124157694
2532502476
8071370527
9820198338
9137072190
9699966485
8080903825
8080546023
9930072269
7738840508
9503718278
9820805518
9819990793
9326293375
9769990538
9769914107
9420225842
8071015526
7276034459
9763830003
9657250598
7875128859
9307892337
9284458727
8459489433
9595608603
9834175346
9405513351
7218171356
9923204270
8208246771
7949291052
8929100503
7715024607
9702222930
8767979809
9423534551
7770016611
9529083857
9422252472
9579742803
9766153636
9822820025
9370117355
8668904689
9175629544
9890721841
7387513907
9270716786
7798226098
8830567679
9881767688
9423255920
7028503614
8669053062
9822846461
8208529141
9529985308
7507501176
9923310341
9860515221
9823804723
9890793092
9373813503
9420001952
8378937960
9359038825
2532500095
7499387821
8591551969
8483874536
9892266692
9324117325
9960069580
7900009446
9326610656
9766698739
9623370228
9766062538
9112888288
9326986178
9702633336
9326333507
8433702131
8491071842
9890070071
8461003380
7387193125
9168665224
2532974225
8983399830
9130236125
8698516763
8600933735
9172270005
8805104405
9823796970
7972966587
9226070590
9619988251
9561416735
9987472768
2249708484
2261764500
9004455636
9321890890
9819016678
7304833625
2225326085
2225868109
8806224073
7447442112
9892980681
8668415265
9637707204
9309504950
9372248011
8177957064
7888034745
9420694085
9022271294
9511861758
7447665116
7721870778
9373930379
8010188469
8048037278
8208908191
9272143340
7756819861
8007688388
9373501009
7498089105
8007003007
9823441804
8766700136
9307136850
8999524243
9821977973
8799993969
9821144706
8007708666
8369475437
6371487256
7122455648
7122767575
7841846084
9763141002
9028614187
9511755221
8378988811
9326934589
8793529307
8275224127
9579007445
9762060443
9766871179
9423076103
7030770306
9881134740
2221738956
9769547490
9029779382
8237067627
8446365515
9011284114
7122445468
8071889526
2047170055
2047170288
2048555290
9763455673
9561418247
8208093527
7821028360
7559443453
7773902921
8999122474
8698442244
7769866677
9975897645
8888799039
7887758619
7066443001
9370253222
7774811211
9970382444
2225811199
2225343138
8652824288
9137429757
9011378418
8796090783
9766660688
9818019037
2048555423
8071318756
9881975885
7020950937
9579435267
2250006000
7738344114
2268685500
9833458323
2266206713
8530488102
2248970000
8530492228
7276000832
9265062311
7875474933
2262456559
8657045862
8983403741
7045735161
9702249709
7756919683
9834979804
9823159351
2536632483
9764118657
9146561227
9518983858
8080203902
7030878630
8208822172
9766547119
9004082347
9834560740
8484954611
7770011068
9325040875
8975916855
9822770225
9529497992
8767465081
9892313267
7977009412
9819752310
8999250676
9146262626
2221718888
9324260507
9359823815
9689292000
8928123399
9028204446
8209496966
9822234559
7385593211
9226212286
9659455455
7028255046
9145857004
8989563535
2532503186
9225112233
9764126464
9096703906
7045003151
9326691866
9702267779
8369959766
7045790151
8591916344
7738266351
8424962835
9763856460
7028990031
8087113587
9422284012
7057987947
9370080007
8657673767
7775806903
8080805455
9890627562
9822070476
9420398162
7972699918
9325654546
7972327517
7798458187
8149514914
7030016666
9423964353
9260435088
9879861637
7276597886
8983419990
9011046069
8652775726
8779405646
8928551172
9867263186
9833081313
8879663939
9967803980
9029833019
9930040543
9833587399
7835840411
8779074536
9167045526
9594900495
7083358177
7276141476
9049956633
9201986296
9960072467
7721078653
9082870273
9096619078
9822706503
8605321974
8308498891
9175514352
8623989695
7709319139
7972301848
7057662333
7020684526
8380024624
8698234422
7030975551
9167139966
9372648882
9969642686
8451989960
8071643953
9326442535
7045454646
9136404101
9699811911
8709681589
9136600505
9833168098
9967733526
8850112346
9158111708
8888777749
7875365628
7588130098
9673337962
9860352529
9881625031
9545339000
7972916345
7875403691
7972779005
9766917927
7249615857
9767774777
7499390672
9975592264
9372292225
9822277246
2536716666
2532309617
7757096949
9768832748
7900131900
8108422200
9920478011
7400021636
9773514750
9867711124
9326996981
8268321108
9833107272
9870799838
8879279757
8655236100
9820105687
9082134125
8888334786
9404694149
8983885300
8575818181
9325885819
2532575111
9607042188
9324934360
8600221122
9822902849
7620493613
8007373118
8881100500
8928258808
9833036265
9833036417
8828815454
9004934959
9821268912
9930855222
8652206814
8097191050
9320097787
8983544452
7030967949
8087123047
7588482276
9175581664
9028303331
9021158472
8956755016
7218167313
8446338432
8037759688
8240763109
8668340609
8600000611
9175533348
8007698974
9923816163
8888992777
9604045151
9326186276
8975568997
9423002989
9860029600
9921930047
9270727929
9665507686
8450950921
9820565685
8433880333
9920754523
9867456536
9870253577
9029256144
7900127535
8451076792
7961733656
7276023456
9513445231
7249136667
9890227604
9890204529
8956631077
8002660101
9503063161
7720037605
8766742900
7122742166
7961733655
7961733650
9325890625
9823040788
9325380690
9881907701
9765128381
7738384811
8668624795
9890989082
7405769317
9404212346
7387918069
9665007133
8860484313
2532314705
9762105014
9769077622
9004048126
9920380190
8140019173
8828417114
8268505038
9152643529
9892935736
8655465558
9821282850
9422758038
9922402265
8975589004
7387643380
9890610650
1800224030
7769079988
9881223884
7770004948
7517700961
9970379888
7588306621
9371444875
9673007421
9226846910
8208499735
8208192334
9769913355
9561692395
7248959266
8055877840
9665032455
8069156717
9922339088
8669501537
9823377600
9823541810
8069156788
9373124155
8069351664
9423593928
8062564001
8263833678
8082808127
2245737749
9920911061
9137272650
8828826222
2225400103
9136480813
9930592323
7433958000
8591538306
9820048369
8600874557
9403933731
9850990529
2536698484
9822649596
7447595091
9607619191
9321774418
9920965671
9594203236
7779998763
8383989373
7208117797
7021941719
9692742081
9320692999
2225339111
7001663948
9702666061
8652616105
2261701544
9082175829
8669609343
8830320106
8390583904
7387742696
9226245313
9960202886
8668730454
8080004247
9422761680
9372595984
9922720019
8275314311
9011055553
8788340664
9227980336
8779537563
9075215967
9967292996
6378669807
7709499369
7208684948
9167300600
7738431433
7400151382
8788009508
8291053549
8411089945
9923151505
7498007129
9307154560
7720035553
9209254865
9579665678
9158315766
7768836371
7066077667
8806204440
7020026892
8669660702
7588888037
8828883175
2262841000
9648905926
2269489999
9152333727
8828124730
9137939146
8828883176
9823973323
9975777047
9860464247
9175913195
9822473363
9561161498
7588886786
9373422822
9673009603
9922160106
9960442233
9822889888
8527920916
9011101888
2532591820
8004190094
7021007683
8600803831
9619844572
9920836691
9819156176
9870314048
9321516196
9689594811
9284595960
7888121820
9823038670
9730176915
8850268663
9664444216
9969242139
9619962848
7021106101
9975594771
7588615018
9146447448
9028139995
8779617575
9823752762
9764416484
8956108100
9359749586
9326965389
9421778018
7020786287
9867136255
2512730363
9321633042
8898864446
9372898098
9820320200
9322030770
7798565643
9325331344
8605534755
7122444191
9405446633
8669990344
9370402861
9028513640
9730979886
9403062302
9503727716
9130249338
8237082317
8208626445
7507937037
8149486395
8149199301
9011229500
8830348983
9021244764
9405335138
7972429132
9921723510
8975367270
9923136279
9822737557
9326007585
8779026367
9833548630
8369320119
9920375991
9967300907
9136711634
8380012803
9090701470
9373114747
8329177828
8624000469
9595801017
8007109060
7774924141
9209007700
8788441488
8806069656
8237091108
9689772863
7709946926
2532970121
9970167462
8975681101
7400299976
7039535477
8286846888
9664757384
9172978549
9821719121
8928914861
9000910031
8655274490
9028912025
9730000494
8459243452
9850964812
9579837055
9326647411
9769765073
7888040343
9604121000
9527518591
9823818612
8169633015
8605636858
7888233233
9082198613
9930034388
7788998850
9205130061
7039308393
8169312887
8291096421
9920820926
9552555739
8850076647
7020117650
7715932442
9960165465
9371236980
9370044844
8380044844
9850353036
9209070026
9423074468
9545588820
9373514555
8830781810
7028231111
8055306463
9067778005
2266160214
9850038156
7304176892
9819224868
7977491574
8424020105
8879432829
9769923899
8928458122
9137261600
9662928111
8767612344
9987065797
9136263344
8291821712
8657172039
8850274244
9665636748
8779504388
8591334476
8452002170
9011401111
8551885123
9260334567
9834035582
7123506766
7020045879
9420251647
8208448630
9819206191
9579794143
8655705424
8071889632
8657736953
8976911840
8071889626
2533019224
9922946622
8045479105
9404215050
9075512345
7798888786
8411983595
7122529927
8055433577
9890601539
9423406989
9850854151
7122782919
9371002233
9822555872
8767552328
9552283569
9893222320
9226696641
9209400709
8446511155
9075392373
9284882527
7776854334
7126642999
8329631199
7208587466
9819796323
8104318802
9224181818
7744944477
8600563968
8208733226
7499253864
9822722625
9518306511
8806668667
9405898228
8087064602
9822461380
9007965541
9970943631
9595276596
9890624290
9890127126
7774074733
9881328060
7387386333
9130004692
9755667792
9923570984
9970559373
9422704934
2532342047
9136618161
7972176347
6262989804
9096208118
9372691231
8999499930
9764030690
8042781488
8002669899
9890177523
8888223669
7122222945
7821962914
9970370070
9890199990
9156953895
9403112563
8421056789
9552790357
8068426557
9028000840
8035469468
7887885475
2532597744
8007787555
7709956456
7887881274
9923338047
9503706455
9284418150
6304478164
7122561584
9359138987
8007400500
8087414687
8355847995
9870142431
9967662670
9967943355
8433741520
8459619259
9822993584
9822556963
7769005909
9112233735
7498246799
9870252244
7126613650
9838511594
9511665512
1146464444
9076363030
7304129074
9004272012
9152346335
9892352477
9967802529
9757322901
7718080957
9920952449
8879007940
8108664422
9822213147
8459401655
9881414587
9372028464
9823726789
9595197700
9960560233
9422559920
8329626512
9890632328
9028379995
9028142324
8048031601
8275908924
8956075102
9423532464
7798742577
8779224343
8888124624
8767630334
8956075101
8177954623
2532571252
8830482765
9137858585
7506553049
7977256550
9653485707
8828092172
9860784739
7977134655
8425895015
7777079199
2532314090
9422784400
8788928457
9511873122
9823299944
9921324365
9158109613
9225180008
7020693750
9657569774
9850569644
8806120052
9552264500
9921547850
8250755629
8286907014
9820806510
8356077535
9967329449
9021619494
8002333533
9075555235
8928280009
9423683335
8446012737
8600944061
2134738398
9970642818
9960695572
9545841592
7122226778
7770013822
9579051170
9665269104
9359706818
9011178740
8888432128
7719846187
9923943658
7122546833
7122545010
9373284136
9768592786
8080433232
9803085085
9773435543
8898783378
9619572777
9371160678
7038444566
9923693707
9970516406
8668206614
9549308309
8657096326
7972053045
8551077996
7122245600
8408807770
9923173534
7057670439
9920993506
9920226345
9321472542
8149706930
9970070747
9112431716
7666754493
9657020387
8010054067
9768634855
8459848746
9011108724
8208158782
9822641326
9309844331
9373717827
9767774569
9860202736
9766919393
7770005965
9960619135
9423240337
9175955579
9167517011
8082226549
9579657456
9079029004
8956703060
9923988165
8788144794
8275583354
7305424448
8048041048
9881583336
9158277666
8999734961
9689708425
9579575155
8432099595
8975912630
9371364447
9970923646
8976667274
9892678068
7385059396
8788346484
9325686245
9945125485
7057636655
9158577877
8446632161
7020951530
9373594209
9922555535
9373118208
8483002909
9371200712
9766454966
9028910799
8599991718
9881370044
9665028333
9765480188
9096705566
9096916189
9422274599
8888888726
9225113123
7776005678
7977176590
9833043455
8788091087
7071163163
2532465436
9146707657
2532514235
7588703072
7796777401
7770002222
9561458667
8600040180
9011399939
9922992903
2532319113
9518533731
7030000861
7887621520
9075448403
8999735845
9067237451
9922325070
9767992086
9561677716
9112000332
9372901509
8624936792
8421132896
9096319993
2532340956
9822226992
9823014360
9096082616
9146746787
9373108584
8087890713
9579046629
8828289786
2532580164
2532579865
9403340334
7020895789
8888885210
2532315777
2532970058
9686145603
9822556988
9730477176
9503786527
8879095941
9892814565
9511284392
7823061246
8208519073
8073404752
2532311877
9822377366
9620415935
8830032955
7020596002
8750646517
2532574524
9552520104
9890662382
7498694428
8408937000
2536639700
2106107013
2532315600
8208137382
9923097855
9004290075
9920944195
7299005577
9979777748
9923850500
9958298424
9925867908
9010559024
9657519990
7020171307
9579040669
9307744266
9823020019
2532592470
9822020996
9021715821
9168240606
7045001320
7773952341
7126731251
8073606884
8600044435
8888815633
8767538360
9975150531
9823162383
9370231461
7122546059
9730660000
9028360464
9028683282
9021556643
9823646644
9623953320
8788194258
9922901115
8071178580
8421535352
7000981983
9371078789
7620180227
7276334778
7447695505
9370417359
8275869647
9607428536
9890366694
8928408774
8208079166
8669666866
7767087049
9130092932
9158687005
2532598481
8433765651
9833340502
7738528088
8850756214
9970057423
7020066466
8830618150
9730579169
9370712486
8888838551
9730031353
9309741876
9226212273
9975875199
9545356000
9156181345
7387645237
9167687491
8087234251
9518365788
8855096390
7821867350
9130087890
7709209025
9405603400
8830271229
7507562373
9209279143
9881301235
9822862646
9604741140
9820220776
9867804808
9819281559
8104968238
8591295447
9819221205
9004290923
8149712247
9821071848
9820233633
9833834508
9076195353
8037530225
9766909786
7028118980
8600250212
9881012187
8398076204
7219021655
7776965681
8888755554
2533551542
9822876879
8999824591
9011330834
8390348856
9552801404
9420361199
8956497464
9820941094
8454018680
7304965005
9860287901
9890924473
9422247384
2532500661
7887800066
9730597062
8758003809
8983636562
7507000152
7841044236
9422746825
8669998189
9152143770
7122745091
9921023631
9373262760
9527292232
7083043273
9822200860
9833798016
8055610012
7122994446
9595309025
9923780093
7122520061
9923290100
9370475384
8329585851
9975892787
9604688468
9850093961
9021708518
8446214434
9503500780
9766437234
8055722221
9423017039
9860081578
9373900539
8888097088
9987528282
7977170418
8657388340
9326762195
9869376238
7122243162
9049408075
9503786808
9758109659
9922226366
8080011232
9284116190
8657722498
9822465110
9422107181
7447423191
8956028039
9833960143
7218066093
8788699647
8806053830
9623511589
9890650510
9146868683
8888451116
8421096518
9422249274
9422261147
8975649351
7387366808
9665158777
9404517494
8452017682
9347895645
8459709935
9595076767
9172102838
8401415111
8788503149
9370279223
8291075232
8511288011
8484856158
9730952985
9511252084
9021644447
7387459765
9588692947
9226898706
7066209007
8484013795
9881410204
7720036222
9527015511
2249749405
9321244219
9405137894
8485099084
9373187704
8830891635
7888005889
8262880155
7972403325
9119443360
8691887993
2532990297
8421429563
9665620255
9172448833
9987982464
7228885555
9769305406
2225342746
8591906552
8007861632
9767575506
9011441306
9834653480
7987093224
9370453721
9766353413
7942542856
9356980647
7028917456
9579238788
8668456002
9765662383
9823086226
9322155294
9594133230
9920083604
9029949663
9987237099
8048054247
9623833672
7262823205
9307248162
8669388317
9049329919
7774063500
9763610055
9930879688
9326969648
9833811154
9004455758
8097099709
8805257538
8329065843
8669686606
8888864157
9834938889
7770013322
8884314555
2532462512
9422259058
9552508782
9146699990
8530226262
7410550645
2532955455
9769519166
9969460387
8779981673
8104581016
9870337841
8850180152
7900008664
9028320328
9960428264
9225364000
2532411745
9270331230
8421264289
8104278086
9167346776
9766218408
7738802266
9969058711
9821863649
9867877156
9029226157
8369953204
9892749148
8805155129
7737451555
9822460558
7385690862
9226561152
8857084337
9067633111
7122543250
9726443871
9076055099
9326050781
9823133828
8042754853
9146677297
9923089190
9518767898
9527336677
9422109714
8668384885
9326790099
8055005000
2532310351
9960480059
7066066009
8888843768
9226291611
2532313172
8888797972
8275254519
9527764500
2532471733
7030995995
9833443759
9158133798
7875006633
9370722330
9373939993
9309178829
9970079373
8624077980
8208885450
9764780018
9850951707
8088900900
9604015000
8698189234
7122222712
7122551088
8459814485
9175266870
9689455430
7270080078
9373771377
7443500037
8830771575
9022378689
8001030055
9167292699
8850840080
9769047012
7032752970
8888829597
7410057999
8888893364
9145114441
8830256985
9890571313
7122236448
7507775866
7888155550
9096661002
7058444148
8062179437
7126632425
7263091007
9795044639
9822473143
9823625317
7776962899
7620928833
8055671971
9545002017
7949121224
8047759133
9665424543
7972384905
9607666678
9766385872
9764172622
8087010152
8087244540
9726000068
7350406007
7875033033
9404237036
9423119650
8551855103
9145555851
8484952735
9730448503
8669600333
7588707359
7021606890
9930590985
9769471436
7738544550
8422038193
8048127005
9021703030
8788254430
8600000658
9960634010
8484884155
9823118144
8830674372
7666512956
9834403962
8048036331
9766963495
7738700860
9284048967
8999987161
9860574154
8450934419
9623166078
8888415502
8010677105
9272570977
8605858187
9970436557
9823021615
7387674666
8080771694
7887838250
8888958650
7715872342
7506961343
9870205441
9822233004
9975793284
9422971352
9822935060
8308364503
9225786503
7517875668
9527395264
8308817858
8862066576
8956810708
9111001234
7350133335
7126632808
9552211363
8999568216
7350394716
7770077013
8329274378
8208647816
9881411205
9021217430
9890219555
9594433335
9321795016
7122243354
9172988869
9923658222
8055740727
7122249293
9527781744
9970066936
7122233430
9823179050
9822763947
9595379135
7620013364
8459316306
9860595903
9011558854
9420690487
9819204232
9702662848
9152858090
9137003362
8879097365
9004705154
8605576736
9730921314
8459138163
8048031370
8698130469
8888841517
6265253531
8766586301
9209408066
9595244447
2532504595
9527738801
9372720898
2532315051
8956195944
8446697883
9371520316
8087669596
9373104557
7722044461
9823084566
8010124295
8956195945
9225106460
9890269891
9822046512
2532510605
9890736690
8484899592
9881111888
9619831327
9766635472
9767198511
9503390506
8855884989
7122522382
8329616332
2532454545
2532472727
9987369898
7744049989
8806068888
9021333130
9595873395
9284491259
7122612081
9028034009
7499575458
9172006497
7030599919
9822504049
8888886757
8044186775
8104974057
9421409851
9309123146
9067077977
7447682876
8208415619
8855885511
9823688839
7020230539
7741898588
9518569960
9619678307
8048031319
9822368552
7620441120
9112266070
9823522552
9326189048
8208560211
9225104199
8623934113
7066335062
9819443073
9970210280
9766886862
7045464718
9637674470
9225108198
8046046819
9011001213
9511611701
7722001133
9819243673
9930789269
9765831249
9422801567
7122426230
9960993199
9325424146
9372630409
9145415508
8485898620
9423064642
9579953981
9595904990
7499643234
9922969673
9923243220
9011967844
8805603706
8275759991
8484040769
8421054885
9209009626
8080923402
7350384827
9011090775
9768115756
9930000238
8693064111
9819486001
9003030130
9356971031
9823125515
9607940070
9325676577
9270507958
7722000604
8830036206
7757018043
9172156656
8879045627
8668336933
9860922524
9623483688
7887880570
9881899876
9860120070
7875171011
7030552277
9420003666
8855066061
9146033033
7066040713
9209343312
8600584476
9226578740
9629768627
7887882818
9209667081
9131560142
9890953541
7588906083
9665772233
9371616199
9022619926
9960019509
7058358421
8308432454
8888062332
8788332267
9423636154
9371107100
8928779465
9619118921
9030986790
9595145251
9021293985
8605803344
9823739334
8329309809
7758072372
9316757370
8208477147
2532313226
8329284102
8459839568
9766188377
9993532169
8484829129
8001800027
9073048024
9322144357
9372839642
7875020365
9371941799
9371060195
7122721971
9021063545
8208532031
9371058991
8888728872
9370221778
8983556982
9326693151
9822698186
9890106394
7249440602
8600002726
9960196199
2532953777
8530178383
9923273444
7028676777
9373372089
8459402325
9313043864
8796981786
9172493399
9730597666
9665679019
9823610264
9766886014
7887889430
7387711117
9373900349
9766178747
9623399007
9028519012
9623723388
9552807747
2532411758
7045240767
2532464037
9588462936
2532472006
7588516516
9766122784
2532514805
8329246378
9130492737
8446408219
9822020859
9096207771
8655669966
9820783867
9768759888
9702445000
9372347556
8097155250
9820886428
9004538091
7039995212
9145274241
7741997012
7741031213
8793790134
8788411441
8237877014
8668905048
8983117158
8149269120
9284833432
9322563582
8007863594
8181878189
9822834600
7588410317
8551918131
8308577017
8554884050
8888094448
8956020021
7887349143
8692916170
9167270027
9819271329
7400252823
9967273655
6232332327
8600485380
9970888387
9175911440
9822456686
9403932866
7517511133
7276073535
7620552601
8483830905
7350507869
7719917799
8237627339
9699222226
8852007007
9076249999
8828228213
7899160555
9930913333
9619771197
9359888231
7710099026
9891772989
7304682281
9762955064
8624907636
9643911911
9146744538
9684031393
9503821010
7400414806
9322799399
9152441400
7045911801
2261701331
8657406316
9503636125
7738460001
9822582503
8669420408
7378634101
9892309531
7303030440
9326969232
8908382687
8097234824
8006969090
9892021565
8953258991
9324315656
9930676799
8600623221
9265124538
7021700200
9892836844
8585857798
7722021215
9766477033
7222959999
9860689292
9822115824
7775000223
9158062077
8446127105
8788946040
7559312447
9021092399
6294018171
8291044058
6232431970
7654126070
9323070712
9004134212
9764002501
9096607027
7277509509
9823937016
7755953499
8379981030
8002676070
9822940633
7276863257
9730034030
7499237423
8983002663
7887900992
9923423222
7830109020
9769523434
9152925252
9991118374
9769423456
9987345860
9321534695
9833263155
7208227443
9260933632
9833183185
9324481303
9029944558
9892154976
9848597778
9324569850
9869009721
9870341049
9137278522
9115731959
8591961723
9892556695
9819059455
9152111139
9920462675
9664832598
7276335565
9970823392
9975724241
9881008070
9371809990
9922275217
9403634107
7620949838
8087772872
8956658164
9890087988
9834827356
8767135991
8261077008
8149222572
8888845146
7020831406
9422292436
7977674456
7039293319
9152910505
7738921265
8369358935
9930208960
9152792599
8369881386
9370590605
9967674926
9529739256
7126638325
2532573541
8600023781
9527315599
9822318248
8668308438
2532365433
9823165367
9850096954
9130009832
9604777900
8108000171
9136161465
9820232572
9152573373
9324663462
9403452788
9820059711
8591365527
8888179598
9136921406
9371490079
9860769876
7498521750
9109000635
8459723835
8446137271
9923491961
9168457744
9372165679
8928510362
9850561736
7028046885
8793758320
9930944701
9265720067
9869343241
9769097847
9123062332
8850242177
7709672116
9503311889
9689575632
9867252143
8291493938
9960999215
9152951336
9131570886
7709948064
9175571424
9359349088
8788171462
8237043884
9529511269
9422253382
8796664440
8830355387
9850356801
9730891424
8263851897
8149370074
9922796541
9619899406
9167396141
9967439470
7738571441
9833999702
8422020050
8657500625
7977655378
9322233536
9076484714
9322242347
8488880607
8591064252
7841916934
8446341473
8208947493
8265054183
2532987193
9860448004
9860719379
9552786261
7387336860
9422750690
8275354264
9860788897
9561856363
9766916142
8080846921
8275116821
9766115639
9607188088
8421926109
8390957742
9356259468
8806511330
8806754042
9422246332
7387220027
9322504746
9869420936
9819108161
9322650204
9869550714
9167007478
9869113821
9664375590
9594815960
9372540620
7021134508
9970701101
8237772894
9902770937
8668568138
9403892060
9607690600
9822264212
8956608660
9422707301
9022194988
9145414537
9527223778
8830147368
9067399192
7304414650
9869812833
7223857609
9920232262
9769763068
7549496666
9867530386
9823276062
8208984473
9511266168
9822717967
7270072777
9373784056
9284097095
8793739676
8379822982
9175259092
9822990025
9975338260
7030000146
7875248992
9921144447
8007888992
9819199919
9323014736
8451833686
9699082026
9324958431
7777003356
9821121887
9967063878
9111813999
9619916814
9930336434
8007910033
7709863098
9890259563
9372642397
9850058390
9028212192
9922852444
9860980979
9623760665
8380042146
9049087788
9372323156
9890887761
7122424434
7887829271
7104237779
8956586089
9309982913
9172760612
7387436738
9850153853
7045981221
9702217586
9987709781
9869812665
2225972710
9011366666
8652648280
8779363205
9423105504
8779971407
9892183737
9152864659
9921194376
9373511522
7219490488
9833790229
9890265856
9156004287
7122242648
9822044346
9371131657
9850266747
9975017505
9890368420
8484802006
9821159489
9987438437
9820506085
9136819898
9769922035
9702958001
2240384747
9321060821
7397927315
9890634426
8048060961
8828993832
9595769615
7757807220
7620076148
8975942117
9823304799
9607126797
9373121236
8181818532
9820001860
8879178897
7208724943
8453447777
8233354466
9823498509
8452096993
2249682007
9967433510
8668621804
9867236666
7416671838
8329840083
9960633330
8626023735
9482382756
8080072352
9637519685
8624041205
7770026022
8793370701
8999586764
9860001660
9370373534
9953658779
9702613731
9702951570
9892822325
8422882296
8108361154
7021647495
8453117777
8898619371
9967437253
9987666276
9892527803
9619508222
7506902970
9209200041
9320031910
9594880123
9422332610
2269814000
7304857959
2247483764
7058052257
7272005252
9850262202
9763200300
8452849191
2243455555
9372895892
9137097900
9819698184
8668688341
8407958618
7020717889
8379895467
9767716432
9999991878
8793607904
7020919349
9999993976
8459868968
9307189425
8928288113
8806088066
9319276964
9933333309
9860428956
9493087788
9892019055
7718882427
7021340160
8169403794
3862282772
7977241010
9892154502
8291867743
9594459292
9033511141
9619090666
8976628028
9021450662
9373928792
4872425275
9325438555
9850331780
8600400400
8983144257
7057524585
8208463507
7020928644
9860074833
7387896496
9172166589
9370327557
8600777666
9890977366
8069028737
9370207770
9405751859
9768879526
2225403833
8879065386
9930640555
9833112435
9022301955
8355910129
9076019865
7977402820
9513238110
9594306080
8828385611
8291733733
2221723333
8070454444
9082897077
7400061361
8928555956
8779787774
9930111144
2265360000
8303333939
9967997019
9167707711
9321945190
8424084137
9870618855
9137721708
8857869717
7738389913
7840982340
9867450796
9975833022
8698303265
9920119292
9833295654
8169994890
9833372379
9323000111
9987170606
8591881304
8080801205
9769589513
7977774890
9773435318
9158508922
9804423423
8340632699
9811462717
7219722297
8956485065
9930812449
9960695989
8888466668
9096234342
9075739319
7020329280
7104237772
8007779959
9518576780
8767095463
8830109837
7499032939
9916658207
7122779451
7122612459
8982673283
9850161560
9766773595
8484991132
8087768639
9373170250
9881359451
7122240970
7620608070
9822296183
7109278371
9822567928
9730386388
7972898280
8329843118
9960560907
9422444714
8446012601
8010209002
8484075121
9422102107
9403301917
9011244844
9373065237
8668352646
9923614280
9970424999
8668511252
9373201558
9146811215
8600349631
8080840014
7620638475
9595922877
9923666229
9730733060
9689832432
9175781519
7588013566
9892882555
8879204558
8291745551
9320051512
9082375562
8804555565
9869112827
9763235796
7066335575
8484828809
9021192849
8669252859
8263815314
9373322913
7219694201
7499209308
9975381230
9561412648
7448080580
9822506870
8788069242
9579454996
8275443366
9024200200
9075431016
8356088018
7715880879
9923005071
8459824810
7020482081
8080310541
8381051941
8928888800
9730911145
8169350756
9373558837
9890652042
9373201999
9922073489
9663462929
7262018111
9920811498
7304681376
8169895831
8928357258
9225119588
7888084443
7303335212
9004786555
9373114781
7666840935
9145311105
9422944672
9422268395
7620832181
9921231909
7038807943
7021492680
7208635051
8080811111
9967977662
9892233116
9819501484
9422119444
9821525555
7822821282
9967675920
9987525157
9076138066
9226163190
9257123123
9637095846
9404579831
8698112211
8855953168
9665094320
7798573786
8805141095
9766832334
9405701139
9561611115
9850488660
8888934377
7219070026
9769661105
9619563555
8693032403
7414978808
9702432721
9152100060
9819363236
8108544999
9702712267
8454869184
8108293394
9152052953
9619571757
9594439778
9054790592
9022260222
9323983048
9891012311
9821377550
7710858505
9769258788
9766331037
9713842814
9881562685
9923459907
7276797506
9372576021
7276539630
7972237285
7767881995
7888071223
9833967178
9167567878
7400328055
8828123345
9892651353
9819021124
9355509973
9766072987
9168421136
7248918992
9284026294
9309096314
9373211212
8767263398
9975437981
7678033947
7774937903
9890243003
7977704669
8369802100
7738663996
7977815041
9867088657
9833709105
9867271561
8356912762
9769671230
9867464062
8552829977
9011176211
8390216187
7057581048
7738940795
9076332202
9819181896
9167120570
9820288243
8425012052
9579086879
8329336240
8424085060
7506925566
8421464739
9404951268
9823289701
9022249583
8452815833
7058386261
9619108503
9731103803
9209158087
8446288029
9423962538
9123705384
9226858587
8087383745
9423111884
7122510883
9422758730
8108261203
9322701008
7084310075
2225376642
8779622267
9821548004
8446853378
9029100051
7758857182
7249330899
9623444017
8308583478
9923366662
9921914350
7057405058
9960321267
9930459038
9420830195
9820866116
8898148888
9029232020
6262292994
7402801234
9082906660
7304907730
9821229899
9136926163
8828226688
9004700873
9920426377
7738555501
9104911234
9156496363
8369091170
9422106108
8600277497
8624934584
7447788555
8408867786
9420857421
9987928241
9158787780
7414914529
8698718299
9021368688
9130499188
7745048901
7020974413
8767566325
8451942001
7066011808
9136212670
9082873991
9773788366
8689855440
9004645627
9930779959
9920692617
8898899216
9819969892
9820261104
8087875515
9763404884
9922981984
9136931664
8767672833
9372441620
8669249478
9579052999
8793783984
9021339141
8888845088
8698602781
9503228128
9096806690
9049508000
7218516898
9820887245
9022559999
9664324542
8082539326
9594501227
8291267018
9890700007
8668958210
9869868489
8062703179
9699282387
9579023536
9326622123
9136209609
8652587603
7400413275
9136519070
7208448404
9819676551
9987130519
8062703269
9768791310
8062703190
9869765445
8779340051
8108090161
8898585555
9324211364
9892618124
8248389869
9881149362
9422249581
9371555025
9975095367
9890227950
8237744341
7745823813
7020018235
8237245077
9130010050
8149536578
8097089656
9769676476
7878785656
8976207306
9820626422
9029398942
7506357813
7506774888
8433842767
9970410617
7875743046
7875877753
7756858565
9224242266
9422391275
9370613285
7276519090
8007564444
7236940383
8108920146
9987546010
7208909120
9323963315
9967079911
9326829631
9819138033
9665688838
9112233769
7744930177
9860784777
7276398767
9975494615
8080626582
8999047903
8369792865
9921142155
8668939417
7972810558
9665035143
7720835102
9859435435
7709670276
9689109546
8208237833
8180881356
8010200332
7775085787
9372439929
9518570871
7709048447
9373643624
9860736090
9890058746
9890807496
9096701211
9975448080
9527585994
7796990278
9168105012
9226778335
8329270289
9970632481
9657487549
8983237729
2402301298
9552435739
9049137003
9890270629
9730290760
9011079374
8421654881
8983841456
9545896683
9765205786
7588747420
9823116332
9730558273
9762815581
7020990146
9850070648
7756954572
9579150779
7058352733
7499606858
9136844997
9822088675
9730761033
9604172037
8857832507
9766214343
9665587571
8888130050
7843020100
9322665166
9834800081
9028886620
9579911540
9822580707
9595489997
9890147299
7507932031
9822066115
8087308336
8087796075
9890960821
8669024752
7972695110
9172937738
7770017666
9823948939
8149301455
9922245406
8071499556
9422265143
9028088333
8282989805
9975760136
9923088683
9325495645
7743960952
7387346271
9595154875
8329738060
9225123482
8806043444
8855881164
7058369151
7264002424
9158082626
9552858985
7773977335
7558737237
7387714442
8605210592
7757044980
8888389441
7083089838
7720000612
9823550660
9975401782
9511721971
9881944757
7666406674
9689224217
9881144693
7020910644
9545590653
9881520297
9422042791
9730012952
8422013363
9029101561
9029129193
9221871213
8530858222
9819406744
8850027750
9082806730
9619806088
8779436779
8208871806
7276699555
8265034750
9960587047
7058284704
9512357598
7387426664
9075554929
9130368298
7040360009
8793797127
8380811911
9890915380
9822876452
8830207040
7709920097
9503070800
9890822031
9307973658
7738392177
9850022033
2402351124
7565821062
8007860403
9822403889
9921571179
7972005700
9850244722
8788170727
9860143948
7058848290
7028234569
9890317075
9822992698
9422096558
8008891044
9860971348
9765238289
8888889203
8888869180
8007963408
8208373551
9890175444
8554958271
9970020562
8180045674
9823850739
9736363434
9610776754
6261978906
9822786258
8928917089
9423904024
9595337814
9807761008
8037908109
9421653497
9011741161
7038441514
7020142995
9175910747
8087208158
9422190917
9322409064
8408907365
9370783528
9822416799
9881266967
8380039444
8329141960
8888533555
8007867244
2402451101
9890053998
9561264140
9160572017
9545351156
9156785222
9404173930
9372594706
2536644000
9970468415
9819749602
9405577276
8303688981
9096243124
9595942137
7588553440
9822828420
9373413189
7028598132
7743992176
7083982690
7972239462
9822035061
7030210001
9823237773
7028703225
9922527880
9673296754
9881301308
9422203008
9028928097
8788571696
9119527313
7769033290
9970132304
9823721232
9002100296
9850456661
9284065608
7798866178
9561056868
9096357288
9270160566
7448178122
8149518478
9718744453
2532318758
9822252973
7972694144
8698900020
7350277899
8483085808
9860212085
8055511113
7666536066
9897709042
7972597342
8668279609
7020686067
9422834248
9373144356
9420829672
8180041442
9822555520
9673007484
7350540800
8551860147
7083361213
9373348180
9423069138
7122655055
9728000802
7219511794
8975190175
7057768651
7387695911
7720066618
9822612223
7066915583
9372314956
9373084663
9403059753
9822995752
9689907525
9373287661
9423148151
9607226777
9822552644
7719011311
8668867617
9552110986
9595232363
8788171515
2402323079
9970707551
8788794274
9960852573
7020577836
8530758843
9922575028
7972939100
9970809771
9075152003
9529624509
9067951109
8669021850
9996665820
8421934519
8261864467
7666439693
7015042146
9423773203
7887830100
9673873125
9119513737
9637536155
8983452381
8788735610
9371517193
9423311166
8329979438
9637754475
8421324519
9467727587
9860199933
8080613163
9049951283
7972214695
9527711253
7722096622
7709702989
9021985696
9764405181
2249255555
7709446610
9822057040
8830820124
9922983334
7020084138
7588838316
8275267680
2532502272
8788217560
8530051221
7387861260
9860806840
9423185615
9595380759
9766424108
7875555570
2402359011
9422712860
9175086428
8308830142
7057939453
9579788744
9822576963
9860971836
7038751573
9823611156
9975094182
9420840416
8983438118
8999677343
9373819583
8793287785
7721976035
9822479675
9326636732
9422096449
9860215514
7020922813
7028136855
9420838519
9404722404
9975827876
9816694924
8668440671
9767547444
8806007555
9145545142
9028909314
9689560370
9819395527
9175192950
8369601548
9273755926
9822018236
9371857555
7020645855
9527593949
9604430025
9403529555
7776959369
9075520936
9145220220
7387779254
9699534963
8668439345
9595449059
9921881866
9096178442
9511231777
9762347745
9689255199
9822174615
8208397392
8975776947
9975658760
7020659169
9665033008
7249404704
9981933791
7385997450
9890270745
9373939337
9021441278
7030000923
9922173598
9822660945
9921885187
8390984242
7122723378
8668344959
9422806724
8767503628
8007489520
7821802909
9822898611
9637884928
9021228440
8380924386
9860961184
9429691473
7387609098
8857990768
8830450561
7378761264
9689896355
9921049040
8446449426
7769869923
8698388389
8600381406
8624981241
8149345723
7030000788
9890702222
9370560208
9822222530
9359483863
9022709534
9158645081
7066227027
8149341965
7040182872
8055459200
9405109019
9850990474
7776073131
9765277114
9096477532
7021540921
9922322226
8669077723
9604468382
9921049186
7719959111
7517655356
7972256268
9325326643
9673992350
8655808317
8007829143
8855858452
9284878490
7262802030
7030979264
9112205455
7499440507
9850826171
8668678366
9112115115
9798884141
9156436864
8983848591
9890697881
8857863123
8983175458
8208169698
9823290970
9990036560
8446085554
9975768751
8421737387
9921496852
9673334228
8482864820
9665783668
9359438407
7058449258
8149489289
7972617978
9146204282
9309122724
8380838185
8623936277
9158111116
8975015886
8888558649
9096858067
9805006566
9921445678
7020016912
9420231332
9422267707
9767884394
9373258484
8055159348
7507778070
9766712005
9823255972
9881598109
7972655424
9673585348
8055310528
8530269223
7020882686
7218359528
9595050955
8788179820
9325624929
7722044500
9595635577
8624867361
8805361398
9881687971
9552955240
7875608050
8600988464
9175099759
9657721125
9172969399
9822458080
7798791277
9850950288
9011797979
9881182549
9422733366
9877433993
9096111130
7020539729
7888000262
8857902605
8888139189
8149452943
9922519328
9881001696
9890478915
9604022327
7066663607
9422203876
9022363181
9158248650
9049770773
9970764762
9822283995
9422201253
9881869856
9011016278
8830939110
9168176789
7387191063
9503066166
9960154936
9975582516
7218568945
7219224515
9429690581
9699810183
8620000333
2532396618
7030944992
9049688819
9595718686
8484828827
7385439999
8788519806
8830949360
9145680577
8001022233
9637523852
9822231725
8275861958
9673333356
8080131295
9822966925
8446321456
9881252163
9860025662
9673114444
7038224443
8087777086
9225311957
7038832273
8788418104
8888810066
7556610661
8624991842
9370790200
2536641600
9970719050
9762321924
2402336592
7798551111
9326856977
8208076295
9960279788
8149401789
9325134042
9822150888
9096173833
7350020777
9405284980
9225141611
7798961685
7972035044
7972696987
9325533355
9850126598
7507020706
8380088817
2536616333
9923753622
9890979259
8956665377
7391000748
2532305872
2537115555
9130077877
9225138718
9423189995
2532380940
9819575428
9922872228
9823150727
9922544597
9168013339
9960345848
8329131484
8805641269
9834657257
9371818764
8600335252
8830223152
9890840072
9665993872
8888560478
8668494214
9930007255
7385556989
9561718155
9422779044
9970155823
9730318583
7058811911
7888028484
9503257249
7588054526
7798935859
9762384116
7972334779
8766763528
9967229866
9595237222
8928948431
9325452585
7755950285
9766040346
9284123374
9372395102
9764472971
8600872925
9158809292
7887888161
8788429281
9765698666
8888022201
7767989292
9404124875
8788001631
9975147603
6186154906
9175514916
9621345050
9421408497
9423581475
7276185647
9765874888
8180009888
7722001146
9370548454
8668857881
9145721022
8275151188
9175311168
9225122214
7397886786
9657899559
8007681050
9607927997
7507540231
8669893192
9423000202
8007592194
8530273379
8788831601
9226954008
9890895379
9022716109
8605256389
9307065559
7447557691
8459933136
9834292571
9823464080
8605907729
7304644491
8788360547
7875774327
8928943535
9595407363
7620039731
7769976555
7264019428
9892711769
9765560212
7057451751
9890037600
8888795875
9766725735
8080503739
7219851089
8698271300
9921990176
9422291397
7774001700
9823291495
9860721439
9822063682
9850402303
7757021143
9922000619
9860137176
7028333341
9762181910
8282836162
9158927922
9890648989
9689349937
2536604376
9421390301
9373097143
9226758611
8007707839
8484848768
9145052030
7888046613
7020984598
7798546782
9156422286
9422721238
8888668086
9604971357
9673071706
8446060608
8208879063
8113861000
7066006622
8806789000
9561084894
8600888777
7030430585
9356583880
8149430460
8554855553
7447883161
9372398372
9595420816
8600030270
8329774423
8657983525
9422284376
9422253672
9579993142
9822427336
8956302905
8446699977
9689191968
9325977794
9730006233
9372283535
9096111138
8668671527
9225713534
9158529605
8806431172
9370329233
7709073263
2402100590
8669647679
9011022226
9421807725
9765634288
9860553185
7276541656
9518965112
7387696339
9156204433
9860125786
8806373317
8329078983
9822669362
9822072742
7770018732
9890645985
9881059727
7798221818
7028788088
7507193488
9960329991
9970819555
9561888601
9822219350
9503060161
9325876006
9325575299
9730782009
9225317203
8446844672
9975221886
9423436362
9011170786
8308303340
7722001148
9922777581
8262953861
9112652689
9764466088
8087577777
8668335926
9370602162
9146122002
8888391008
8766586086
9881937030
9423179568
8600653569
2532582514
9545175987
8237111750
9822219477
8668926638
7039169629
8805012956
7588401438
8149007545
8767422799
8879898151
9822844644
9637060350
9518935809
8799915955
7219536445
8237107999
9860409076
8668695144
8806272333
9049010005
9617953236
9172346666
9371759513
7038374277
9373125859
9822202469
9923004360
9665469955
9822690785
8048055207
9860442427
9960745100
9021165431
7276441846
2532391879
9130125956
2532571386
9422754309
9762289704
9766167877
9371593131
9850885135
9561060333
2532313327
9923140079
8806198798
7972502412
7770027746
9623215789
9561555876
9075715638
9922411187
9021263689
8087669357
7057319073
8087010155
9130731152
7507006379
8446345942
7276021277
7720066789
8010322683
9823153051
9423292912
9082552880
8668703184
9270729449
9370327988
9322385517
8007700122
8805142490
8857856623
7507387373
9637777445
9922113222
9537575766
7447424286
8793458116
7304999752
9860842488
8380895196
9272627262
8446190396
8857022540
9823499000
7507844397
9373900084
9890333374
9011000540
8062703146
9860765276
8149998414
9822190128
9763510759
9423557156
2532504443
8062914385
9689127127
9167582037
9226919759
8113862000
8378099710
9764759090
2402337228
8208251936
8010372904
7416666666
9860251057
9371500115
7776887294
9511622182
9822018420
9960602273
9028881090
8668772155
9373912574
8698888663
8071889627
9665786880
2532570987
7350636369
8552886242
9156060246
8087833481
9822467173
9665052990
7776072277
7041591632
9822983829
9309081741
9028137768
9370922220
7517323355
7385209392
9404377880
8149625236
9762858874
8888864671
9850498185
8055518708
9823841962
7248966846
2269710459
7397831553
9823103169
9765412319
7720071337
7028627913
9607737137
7276511090
8600700244
9096373243
7972879220
9370699879
7122533239
8830974876
8600812814
9833702933
7745075986
9850968828
7558766806
7122533765
9021929294
8080530221
9921230426
9028982982
9604169604
9096877377
8055123851
9511874988
9561112403
9923521305
9403813753
9607979333
8275943810
9049137147
9175599550
7741952292
9372251665
9404671520
7972367425
7972759248
9403576882
9860840720
9226959676
9011800204
9545993924
9611450058
9860224444
9595932478
8007262001
7350487857
7387458959
9359063549
9021842346
7558751393
9175515858
9511958328
9421330832
7020236767
8087227794
8275555557
9860003637
9860505998
9326693233
9075442078
9518365192
9673332117
9021840322
7350600639
9130355667
7972958183
8857995977
9657190339
8983522096
9370770880
7249767505
8600691102
7028869520
7020948453
9372271000
9405039007
8805994545
7350946073
9422205651
9730740119
8180069915
8857852343
7038282192
9326347799
9890604874
8080466162
7122420261
9049073777
8600025114
8888260212
9561371702
7666890643
9766007308
9702300780
7219780076
9146775781
9371585066
7350771820
9765499900
9067886755
9273999957
9623939572
7057334335
7887663020
9561852129
9309754519
9309359699
8668267368
9422049410
8421645143
9923317755
9762516871
7888166112
9175050211
9158073303
7126663786
8975946267
8793959350
9175796284
9422439711
9579834196
9373225748
8421010602
9822971123
7276519945
9421777745
7620492076
9372502300
9881531598
9823539997
9421203645
9822189893
9552598929
8007099196
9822427492
8830364434
8600401025
9850148889
9527211313
7775090117
9049317078
8888888090
7774977511
8087000638
9090737348
9416140800
7083793165
9860430101
8788247427
9890207778
7875006655
8180001597
7972906321
8390801030
8062689480
9096732584
9975253872
8482929256
9090102038
9158513666
9850042950
9423283815
9588633273
7031263126
9511943324
7410743060
8605603231
2312665585
9860060666
8767812557
9096943302
7350571535
2402334216
9766485484
8263985775
9130016000
9960246568
8329984408
9689689031
9420485272
9822899592
7588584495
8237665500
9850121470
9604212188
9764955770
7595069026
7875317999
9390183040
9922573463
9528171177
9545162245
9130345556
8793648793
7122420855
8055585352
9422134157
7875602414
8530635656
9923564439
9921404449
9579659074
8669670625
9822074526
9850990130
9960344693
9860370846
9764599906
9607611008
9527402771
9371827508
7588197392
9209772438
9421681587
8432091100
9371675893
9923785050
9372854486
9823176730
7122511741
9021315768
7770007617
9975485943
8109036580
9423100254
8432451442
9422115202
9867457653
7383177781
7447444763
9822639121
7499599970
9075460496
7709334600
9404259770
8879244132
8975121415
9423030104
8856957793
9765264779
7588563800
9890816160
9423689010
9075093594
9767746257
7770013943
9665154847
7875856348
2402563810
9225551111
8087335001
9403827778
2402552702
8805553425
9890579628
9970071650
9158310267
7122565976
9322087936
9370120121
9158922992
7304305252
9266923456
9422802884
8975698902
9860619149
9167345273
2312530309
8412000083
9822657819
8888124039
7588268800
9322959559
9326622444
9923460636
8071935204
9426719454
6262623301
8291965892
9021161905
9975286531
1244330599
7499890845
9322539969
9730307712
8600888988
7722082226
9175313802
8080259414
9168549444
9823369690
7709662008
7314591967
8855880998
8010277013
1244330578
9209403411
8459035480
8459789408
8788880219
9893411411
9049044318
7122544566
8625961107
8037014144
9823491829
8046512197
9130031991
9822637010
8037014202
9356825206
8888344665
9922252311
8421812111
9822461110
9922757979
8668378542
8956723967
7020740996
8788727563
8855099995
9168550888
2402478302
9405069538
8793637310
9545305949
7385629694
8888886355
9890777026
7755992779
9822556035
9324934356
9923013065
2406481000
7276702758
2406625614
2402472191
2402552240
9373627252
9689894098
9763646456
7249199711
7744059989
9970112272
9823180751
9822488688
2312520100
8421574646
9922335299
9307190586
9146564057
8698454528
7666959411
9423809423
8999473653
9922996310
8788100465
9356700544
9689046937
8956104004
9970030777
9405973633
9579701811
9112166105
9923888891
9665555432
2402381011
7823030461
9404001570
9356957630
2402646363
8862025587
9657707897
9175153199
9359532212
9890283319
9311587744
9209771177
9595016858
8485060560
9860649110
7020301045
7058890750
9156475503
7620004969
7971271394
9373657272
9717435998
9096535114
9172014300
9850015826
7558302153
7620111329
9822451920
7588641010
9028798916
6281653898
9665819016
9209093930
2312654781
7755958493
9028896289
7304217494
7385150748
9225937740
8308944949
8983631705
9175006655
9156333141
9371112070
8605950005
9822597128
6126711299
9822453544
9762620055
9325688887
7276767138
9561186350
7776022202
9272956183
8600268969
9689629862
9922111993
8484017619
9284623325
9270180800
9623937277
9923023065
8669148074
8830249590
7218895158
9960676067
8080373991
7709264652
9370632922
8600006301
9921000655
8080276779
8421322215
9373714003
9372888877
9922996122
8484847666
8421173002
9422412695
9960425959
9175592845
9552670486
9955265055
9822654044
7744889191
9405699393
7385024050
7387762094
9673380001
2402452828
9309737039
8047095760
9860890484
7020318064
7420993590
9359458590
9167525322
8237666622
9321511909
8888323933
7972902542
8669017363
8329720652
8888424216
9373114373
9373223331
9370107177
8657147444
9730758599
9021722786
7774877001
9850510425
9370021486
9929548001
9860943773
8007048578
9822345943
8411991786
9823862007
2312545522
9970733073
9921334299
2402646401
9152690158
8484816484
8459354609
2248931467
7304567567
9890055565
8805429510
8408007601
8485809713
8999600425
2312659898
8007144451
9960508017
9823664988
8600005777
9922446281
9850145604
9595855705
9028232506
9860484848
9096054098
9595956570
9561355939
2407964059
7767983092
8668481121
8928028089
8767999826
7387081489
9422063659
8208317037
9403557910
8793263091
8605009355
9561105313
8530511711
9834064432
9545338766
9922633416
9823206484
7558409735
8411882723
9225802708
9822737582
9359311892
7588033711
9823737738
7045931656
9373286388
9373238353
8446229101
7219586677
2402366101
8888877882
2402485228
9822032062
8149562705
9822557085
7517299119
7447777800
9422733122
9765559929
9850587555
2536614327
9974094801
6301409972
9175121291
9665303020
7620642929
2312521742
7057250002
9890804183
8855060097
7770003923
9890035300
9325923434
8605500422
8552974710
7972016787
9359406743
9225807779
9823740419
9673215569
8855884561
9730587392
7888270278
9549708965
7066375470
8888505666
9028629235
8421372427
7122242995
7276717973
8983427797
8055557556
9325212183
9699609113
7122522841
8459344894
7447282244
7122543833
7249023966
9021291394
8412939024
9890022011
9326194008
9209250023
9503831004
9860689702
8065075055
9422044437
9175404030
9890693176
8483895499
8888969637
9767187813
7276981198
8007849920
8087867262
8108872541
7507768077
7038668487
8830864233
9860338000
9096020570
9284709054
9673291000
2402323726
7755990335
7264999400
9422731585
9823050621
9423054438
8149484870
9822930031
8657885645
9921316419
9075089089
9922880564
7126532099
8484841948
7066018888
9060319393
9975442209
8149859580
9011171874
7276087797
9156362692
9762428842
7218127111
9225131588
9226199753
9890777115
9860726359
9503407796
9404587786
9028555251
2402360151
9766334477
7757907902
8055786973
7028492305
9975723070
9665096510
8645322052
9890429347
7028355159
9021963747
7972464953
7122559803
9970454670
8976909870
7875551459
8459577854
7028240764
9588697517
9970079728
8007269999
8485802889
9765962974
9371727229
9588602649
7517640490
9765654403
9422660906
9322038901
7350747879
9890315370
9322340726
7588821191
7058690111
8766577740
8087212888
9822416711
9823450449
9970005960
9881373355
8888151759
9960089957
7709011129
7841095705
7798904898
9822352064
8805519551
7776918322
9359294516
9503005015
8793188229
7038336698
9518330754
9226644784
9121000549
8149441436
9637374247
7020298831
8668688205
8830402208
9096710288
9260060482
8149778484
9225829323
8329157196
8552905155
9075770675
9922525049
9860970881
9112052008
9575091011
9403553322
9370275277
8062914635
7875434408
9890641125
9890490311
9421290346
8888742702
9175333400
8862096565
8208692121
8329912284
8668976066
9595916767
8605926565
8432767878
9822703018
8062914286
9370919170
9807897171
9921794396
7507129333
7774044318
7743904904
7499442424
9822675216
9960336989
8637722031
9923662524
9511205060
8087507172
9970399894
9403126763
9325210516
7972781255
9096412775
8208536490
9423456517
8983505201
9306443734
7620051048
9307582665
8380963506
9881020807
8446322822
9011319338
9326859912
9372469922
9421879786
9923202330
8062703264
8062914612
9021227786
8062914127
9823162391
8062914017
9326879843
8180003392
8329080345
9922156719
9823032385
9511717967
9960747300
9209100022
9011198811
7743919628
9404089400
8550966813
9881981198
9503568369
9049180052
7350810528
8144817987
9423907256
9011422163
9822992383
6366527328
8888853489
9373840011
9579950530
8600086866
9665510055
8888212413
9764143780
2312672073
9923129977
9922230785
8668752914
9175745759
8484094228
9325480208
9881158186
7559344771
9373504545
9423140011
9604438873
9561320192
9730262694
9970627776
9822035689
9730844832
8806427146
9823051302
9822108775
8805620187
8806235838
9860355479
8600111236
9767888667
9156852908
8421124023
9373101946
9325227122
9130035519
9730250455
8042784776
9552278188
9822466696
8071889781
9764896464
9420455551
9665784568
9156044824
9970755966
9657788775
7028643356
8806676168
8888444113
9028948103
9429690267
8625826435
7770009044
7410022155
9028046902
9359201312
7507959164
9404466316
9921153147
7775077248
9011000666
7447305964
8888340363
9545951008
8421512181
8237440673
8999214945
8275322618
8208162056
9637828283
9970564949
8830256110
9860856096
7378949966
9623967777
9422074362
9850819973
7823032627
7038317038
9956577979
9822442817
9158900866
8484033188
9405484808
9975421406
7620889775
8010722846
8668902034
8956889204
8806716936
8999072391
8087933180
9595820007
8847749952
9764284823
9158470105
9325110270
9011099329
9922386690
9175094664
9689891902
9607561247
7413929777
9766962674
9423516407
7030112604
2332303221
9145294663
9823335896
9923664433
7447445798
2402323583
8668913182
7972569308
9595669932
8009444598
8975113009
7775814887
7972063183
9960239044
8149966003
7774054924
9822097500
7385251649
9765743028
7498019053
9881178378
7700022628
9423392191
9921288099
7773920351
9356954292
9011133047
9665464578
9860073431
7507393227
9172882222
9604801140
9764280027
8694947070
9762441100
8069015420
9822606972
9423148547
9822543553
7775828557
9922361177
9049144777
9561433516
9146474109
8686069898
8007002203
7676763756
9765666865
9145504040
8830297639
9175001813
9637375556
9545894694
9028387666
2402481065
8208943898
7887889072
7767807924
9513238223
7030407822
9146124426
8080073017
9970786264
8888256117
8308200440
8983377250
9518548556
2316601585
9890215030
7798991122
7744819595
8975751066
9049989596
9168727374
8669145144
7844864486
9049882424
8180076060
8390210210
9422721124
8446601710
9607557070
8208287081
9665120111
9665799970
9011099770
9175821154
9970851861
8087382763
2402336969
8766055297
9545495959
7420028820
8551082832
9420926407
9822634432
9923264545
9890465111
9623510789
9423209494
9322745796
2402351529
9960257440
9373416711
7720032987
9405444683
9975017617
2402342199
9175572777
9518382839
9890086328
8999759126
8983202419
9730568923
9919382677
7028788103
9209209813
2522675400
9156012360
8983325795
9595509553
9049053359
9689622327
9921587777
9588411301
9111215050
7774083555
9403410999
9422230494
9833087765
8668216976
9422203266
9823311753
7276474151
7719897423
9960222881
9175712525
8888777351
7620555605
7378760802
9325432564
8888836448
8830265880
8299562775
8999574796
8766863191
8483841029
7743965145
9209525689
7758881879
8767323170
9765200157
9028222278
9922212776
7720979765
7218455488
9561770305
7588157557
9049187458
9851815171
9881888908
9764220676
8459792370
9021827457
8484941034
8087449399
8668601175
8483845336
9420252568
7276730747
9881555500
8983144371
9689568903
8796813092
9422212540
9719915612
9765763981
9359178922
8668755589
9370466650
9552827793
8788286935
9970333439
9763341991
9028035863
7030379933
9764861999
8007897005
7299880500
9326995111
8956160085
7020608223
9689517102
7276999281
8177809687
8830839622
9503505544
9881323243
8788955114
7028940511
8037500412
9923737637
9326209151
9765954565
9765555999
8069229746
9923807770
2402345057
9225665512
9607080606
8459236658
8999277500
7798265004
7020420031
9130835420
9225317222
8149999369
9423781867
8888480771
9309950068
9822059339
7588812082
8983904705
9021033780
8888216638
9130297871
9011898468
8888137727
7447407786
8767511236
9823772003
9028576918
9960717110
8421222135
9823380777
9595652229
9970721873
9595954646
8446241670
9834895046
8390522238
8208583039
8408852728
9172186838
9834714098
7666641553
7507088833
8329842969
9096295655
9673309596
9028338779
7588697799
7517732945
9960445958
9637372210
7070416161
2402332259
9049003283
9373368481
9028247634
9850442267
8767407254
7887547343
8408020205
7385085460
9503041755
9637831343
9850051188
9422211476
9225315594
9834043810
9975001111
9730468982
9762579625
7822989199
9890920333
8625081924
9096949909
9850461796
9511554444
9890117503
9421162384
9156384839
8830655830
9225530728
9527633982
9823194311
8806391690
9823040947
7058464981
9325773941
9890050638
7756850359
9322180680
9284004544
8600737208
9890381313
7276639941
9270581095
2402321868
7841808808
9923261111
9834436700
9970503705
7888150602
9970662663
8208710046
9423059639
9822085073
9923138096
8669073429
9834608779
8975923084
9028272856
7775854222
8007959974
9175998596
8788698534
9011122473
9834779697
8149111181
8237332379
9046734673
7840977255
9420301501
9960233222
8888622096
9372032805
9075030333
9422707512
8082694646
9730936843
8177818157
8177889908
9423211111
7756953804
8080903363
9822357585
8007074568
9307720494
8149538879
9513238188
9890669963
8767217069
9011061050
9890644141
7620728448
9503175787
9922273491
9860715553
9175430936
7798427572
7969991827
9860905848
7264888275
9823633404
7558365793
8379931773
9960826464
9423779156
9325295397
7757020410
2312664477
9890485165
9765158158
8806003999
9284129499
7097355553
7272873730
9372945858
9049111503
9922422229
9552773143
9822777228
9595958035
8087478798
8485847951
9529123371
9021228095
9404615946
9370288849
8446446000
9579707007
9422390483
7249344196
7666267729
9511947757
7066917801
9699446182
7038385451
8999915925
9270508272
7387332988
8855900326
7507302500
7745091234
9960992887
2312637271
9850339900
8379852121
9657673252
7517460909
8554999777
9422554302
8668763423
7875786924
9423393352
9822677869
9130394091
9960779008
9595814646
9823095737
9822462766
9168587372
9960012284
7058202122
7756051573
2312656505
9860452612
9021072140
9371659002
9922554461
9307490742
9422703003
9765069023
9881848956
9765255559
7841001555
9702855807
9417294616
8380829251
9860997687
9764968040
9702447862
8669515192
8484000165
9595957766
9021425152
8169107203
7733884472
9921776117
9890776957
8624905376
9890003538
9112172382
8956199971
2402368671
9823107715
9225744396
9420561152
9922531531
9850471150
2312650322
7030861199
9370701172
9665420707
7607609888
9518751551
7888030099
9028392211
8008906290
7020043292
7264951837
8007912772
9604582385
2312601433
2312620431
2312609424
9226803835
9970848835
8451848535
9130531212
7397972829
9673089940
2312641224
9604268513
8668961580
7219181051
8668320885
7588977199
9422713349
2402554207
7972890083
2402482451
8956969556
9890056004
8446060237
9270704198
9270100170
9284751317
9860618850
8600175985
9552388167
9823139998
9405682525
9923249503
8888809085
8485828274
2312667429
2312626251
7775034000
9011099338
8411999191
9175108784
9673446806
9607007365
8237399871
2312530627
8459686885
9421551924
8421122160
8180818074
9834648252
8668712114
9021333333
9637200258
7711998898
2402554830
9881014076
9420246727
8275682227
9309917269
8087110909
2312528777
7319195577
7745853535
8888939939
9595851024
9689891901
9822054400
7262884466
2312535122
8087730153
7276038505
7887452206
9921819997
7620384032
8454945756
8237243318
9975848611
9673856525
8080875082
7559122518
9588616767
8007809040
7447595947
8830828726
9028761769
9730005320
9175525566
2312696101
9371102880
2312668654
9096239744
2312608000
2312609000
8830680317
9422041268
8482974505
9370652049
9921816663
8698085949
9921816667
9673693331
8097163240
8055227718
7249666609
9225563122
9833329243
7030122152
9371000457
8655936420
9921816668
8766079134
7378414400
9970824404
8208643792
8983363956
9552539192
9511817060
8308606677
9373896468
9096664246
7888049666
7219518191
7641909090
9225301777
7507010579
9371185493
8788566912
7669487112
7038231119
9699139573
9860840507
8149689791
8668441847
9890787460
9923182345
8149495620
8888167322
7385603050
8591937488
9595073679
7499445817
9511909620
8097212212
7385815411
9172303288
9623450065
8550951198
9325470381
8275063532
2312666195
9325005617
9371669638
9922221333
8040611000
9325005612
9049494989
9766530276
9049479436
9834419044
9158281279
9422209072
9112076607
8055565922
8047017463
9021025095
7020738644
2312644990
9158893012
8007001007
8879968098
9167167076
9422008879
9604609618
9356538380
7278785555
9960060303
7888029666
9822930558
8983898623
7387812666
7381113111
9823041049
8999098153
9158188585
7721059393
9067780210
9890613918
9370675632
2402343900
9423761753
9822091427
9881136155
9325425222
8698287566
8037907814
9359551756
7083902115
8446623629
9423865102
8446786679
8956566213
7020060921
9175286811
9579693410
2316616722
9921171983
9767117317
9373002121
9209185405
9881072628
2406608888
9527752383
9850001117
9423042873
7447429377
8484859595
9096765027
7588836422
9172320171
7588462112
7820891328
9373959596
7041672653
7890095005
9146153377
9975591051
9890907123
9822029310
7066458585
9850059579
9225859225
9373235604
9923126605
9890426515
9325435483
7038078859
7385841366
8421532300
9022868361
7875757526
9518538993
9890465685
9270240611
8329945223
7020589759
9766425952
9420816626
9730506951
7057617979
8668944331
8010031623
8007945965
7448030904
9423028337
7709322333
7385023456
8888238208
8485038383
7020054727
9130000391
8669167679
9096636855
8888641491
8956266929
8149446141
7499575996
8446660007
9764280022
9172596459
8446884320
9860222882
9049274407
7775938629
8793039999
7758969292
7428096975
9689236455
9028784382
7410559707
7447429177
6366527230
9604604104
9632152193
8624882498
9606247175
8180808818
8408999939
9028027888
7057572298
7387761400
8275238369
9225362060
8766542806
9890981265
7798404515
8055777704
9307957780
8446104898
8888200091
7447797860
7083191407
8857920285
8830213275
8888942815
8888565646
8055331022
8805029969
7875398171
8237197885
9860763505
8459142236
9923111934
8055387979
9370048080
9765000155
9822552780
8087098774
9518989145
9552873676
8087515735
9423762662
9420417430
9623395548
7784042222
7387276876
9890908168
8793846657
9175426655
7028880222
9420893677
8071889777
9823237615
8149002709
9822221412
8087255573
8484872407
7057293039
9860102727
8087237241
7020164809
8888255133
9823378573
9529573348
8329208358
9545433339
9930508926
9975574856
9326601146
9422211344
8329522259
9767150295
8668516604
9545817744
9595500170
8275861835
8799925169
9420010495
9637969620
8484845040
9765260926
9421240290
9284602286
9527624343
9921023169
2312537397
9822571265
9860190967
9579023170
9422493590
8828300862
9657183178
9923175678
9028035824
9623951255
9823068869
7776957711
8669744444
7875250846
9158539152
7038002969
9172220879
9011927410
9595053530
9975147308
7588400884
8329863002
9420249112
9370125353
8830333829
9970732227
9657564034
9699264244
9763525498
7972318971
7030538777
9146284774
7391075553
7020360966
8888838415
7972301256
9890074969
7387868626
9595703322
8459305865
7410154646
9970326696
9689683181
9028885536
9022056070
9665525108
7387658447
8598859853
9834120715
9763154820
7887800025
9405725472
9527588634
9175958093
8626062338
7385553995
9850643525
7709993964
9823273936
2402982021
9130511999
2312629421
9371229755
8951395075
2312668950
9822763646
7420980171
9028017162
9922424499
8805004221
7498011296
9607563009
9372691761
7517890020
9823478722
9860739801
9158630300
9881060807
9823474049
8806509036
9766806070
9767413232
9420135742
9067151795
2302487383
9422460874
8208642751
9653250300
9096285228
9307218351
9970799755
9881673896
9251484950
9420910406
7722007995
9921096215
9607070734
9763548092
9049231445
9049218108
8208073996
9130082287
2048555390
8087114001
2402311616
8055248744
7276391881
9325220081
9890117281
9765535059
7038073737
9623318317
7820959131
7030706868
7391919375
9921456853
9503825491
9503758576
2312684422
7722067477
9284575535
8390983131
9970989133
8830102195
7798700304
7387722809
2047170167
8600164111
2047170030
8071890711
9766192427
9834954368
7040157002
8830700214
2402351925
9975107057
7020965403
8007981227
7588627117
8975122753
8369854242
7276419600
8208731294
9850055496
9112918891
8855069083
8888340833
8806088681
8485087766
9324326803
9822344021
9697353510
8149922932
8275908348
9028429108
9552661252
9021340825
9822303472
9823164778
7030355227
9011342233
9146474545
8625835588
7744078788
9258385460
9579962373
9175841813
8866466215
8975803315
8888062177
9822985979
9699985364
7447244664
9890352952
9595998885
7038604376
9923424108
8904833821
9112717179
9607779495
9823039473
9922453833
9975661995
9067330110
8380840048
9923986343
8390226941
8055993280
9975789081
9822844669
8850347344
9422202339
8626020153
7218461444
7058232228
8554855923
9922558855
9371921352
9325486529
9422711497
9158000029
9158620000
9921722226
9637745555
9595511227
9168948484
9272071357
9146110784
9637117979
9823067680
9527244143
2402970373
9822413988
7972520329
9075717973
9168408480
9923468819
8411096387
9405076050
8888102107
8275037493
7066080009
7020833575
9503879639
9421902009
7218427007
9421210778
9834642849
9850975722
9028179384
9850527111
9371111197
8805680001
7887996363
9923424077
8037016562
2402351511
9665585355
8329346064
9403412335
9226864212
8007101727
8087359291
9309952345
9284319715
7841872567
9881177222
7875251312
8888432468
7745013641
9130657571
9325805305
8855027466
9284418995
7020633035
7756083432
2402482673
8668615311
8007639506
9421304991
9923576310
7020950380
7843029703
8071648487
9028546093
9226129848
8855968513
9175032286
9890284800
9922650640
9823670111
9764355552
9834995331
9890489186
9096203659
9763442390
8657657777
9112186677
7722098440
9822289989
9009002000
7798888819
9960634559
7276263372
8048007198
9765567505
8856016477
9850553383
9822633886
9552557108
9421299637
9096840758
9604970697
9422518028
8108001455
9370112252
9175757003
7888071510
9922278870
9673342517
9096338840
9527198080
9420243037
8788037285
8432932085
9422264916
7588197630
9325183270
9595562223
9881948143
8055845508
9921227878
8411001010
8378997997
7776036389
9595141511
9373291434
9960779010
7066236999
9923111112
7888285846
8600969501
9923727002
9422278828
9615224040
9545933032
7350222492
9823327272
9175017021
9595475575
9307521163
2312650925
9890729757
9604057474
9975440590
9422580321
7057609965
9226560347
8862060839
9076977829
8766897864
9421306344
9766580487
9595559993
9225311816
9665967869
7028686590
7972055736
7620202052
9890222229
9594820102
8879806953
8830281119
8857962079
8956445441
9860665736
8668476320
9420193155
8600989001
9822681004
9657790079
8069352358
9423395040
9850103689
8888850078
9604771819
7972095545
8788042524
9422703804
2312652704
9850958685
9822085253
8007865941
9175472121
8087290784
9766054262
9637795579
8069828012
8766736162
7020216493
8069352436
8484888800
7387399534
9604088899
9607099409
7875755578
8698419001
9511871098
9545005803
9593786111
8888170099
8329192188
9637607084
9372093189
9860223632
7719852421
9822396480
9404485570
9923143411
7030595959
7499886569
9665206208
7720010022
7744831280
9423041577
9823777676
8208307678
9766602844
9766310540
9422706183
9423155421
8483829574
9767497776
9503058758
9326908733
9405830798
9773341357
8698340084
8446639680
9503131415
7028412354
9922094477
7276260071
8446766137
7902279033
8484823617
9822273918
8037537733
2312523232
9764500908
7972888860
7775080603
9370935111
8446040644
9860961347
9823707080
8108172754
9823189394
8037759673
9130809090
7218603653
9595662411
8805583558
7758845600
9769546649
9860479995
9890059194
8291054076
8055555081
7057055546
8318339442
8308776776
8888314829
7219516657
8421288850
9823636073
2406451588
9422203030
9665556999
2312642482
9890029568
9049961173
8484028299
2312627447
9960890190
9822546781
9890981555
9823353434
8888801380
9175382671
9096967429
8421271111
9766778669
9595958981
9594820370
9594820350
7039127683
9767333444
8888824217
9067010077
8149094999
9356560838
7391090009
9373263131
9552531785
9359195991
8767221514
2312642242
7517715000
9604691438
9552965671
9322249669
9423276688
9765632506
2402332641
8983828287
9423396581
8055594037
9970088800
7972580828
9850609858
8055154500
9028282171
9975141275
9970799535
9595034888
9923146059
9699305710
9372687144
2402325394
9156961414
8600601713
9850194614
7499569639
9325825206
8459997047
9960345499
9145770085
9579914321
9552029192
9370303192
8600577889
9579824240
9860845905
8888366363
9326187282
8625811170
8623810983
8329395851
9132327111
8007878610
9767593391
7057579500
9881339352
9421762760
6281128770
9420623239
8888785065
9970185658
8830372592
2402486333
7774000801
8275058699
8698984646
9422868050
9422158702
8087525266
9860112269
8275170741
9881278888
9922527052
8541875999
8624079992
8766054924
2312661814
8446390790
7066312444
7083802022
9153190999
7447311343
8485027982
8329708084
9270986193
2312666664
7942810769
9970500877
7276298592
7588532131
9822888879
8149612996
9028540800
9922914258
2402336360
9890787004
8446718075
9923333005
9970876728
9890189745
9158904444
9405660036
7058305855
9657553333
9552578711
7447366969
9595177669
9970779759
8805099268
9561943391
7517322212
8888677931
9881594124
7588505425
8793758414
9420808383
9561463513
8983250545
8806232512
2402330588
9422202601
9503946267
9822029653
8975015861
9130627474
9405912592
7499853085
9049570729
9860970824
7767015741
9967824309
9373228336
8655365405
9112937031
9112921710
9145050500
7709022691
9130904237
8806663001
2406630129
9325201744
7499209475
9923790784
9175775772
8806663016
7227863579
9673393323
7057575878
8275241616
9067244111
8539961212
7350014499
7030031138
8149439080
9890098688
7796077477
9637515500
9403070423
9403052136
7058882111
9960904478
9822598578
9766280295
9405968158
9422663642
7303248036
8788905825
9604650128
7021007702
9403070352
8432210046
7378759777
9763448137
9529064884
9405622455
9823269143
9156786677
8551064322
9158880944
7218457543
2312655770
9923445447
9370559737
9607604295
9011033545
7083182811
8888572020
8446665111
9765115978
9623144404
8928686007
9529322665
9881187575
7744918999
8484032016
7276664666
9923296472
8007224796
9049307233
8446602446
9075095556
9657844443
7498427219
9923343800
9028100066
7028702855
7071070707
9665553316
8002128060
7030163467
8888889667
2402333029
9503033399
7219693252
9022337200
9049777002
9158030409
9405819556
7744006800
8055465651
8446202075
7276143391
8390039005
9822051707
7030996611
9890735716
9850544443
9960204993
9525272525
9145334433
9767673021
9881032222
9420401920
9850145902
9371509001
7066161072
9226797411
9130333302
9960172462
9272116302
9021440033
9890654711
9822055825
8087991990
8830075890
9370983352
9922208003
8668299659
9860603442
8484862586
9307309270
9527045557
2402381657
2406637444
7507014444
8625883230
9960630081
9284804087
9172990364
8484884114
9730153671
8446239309
7298980808
8484008092
8830727864
8600390266
2402346287
9923012800
7888272666
9763515197
7774062929
9921326447
8411935933
7057070505
9421912999
7798819043
9420272427
9606322060
9921127333
2061930306
8048007195
8655995026
7755976739
8329499047
9921215441
9270545947
9021992889
9766528261
9422204177
9767844444
9322528933
8698617979
9529820915
8767358991
8888764800
8412022225
9823206664
7558287615
9545656243
7743831662
9309926211
9604301212
2402614800
9423151132
8071496423
8071500154
9423063353
8793506090
8767955657
9356297565
9823271717
7588255957
9922415404
2313548320
7666659566
9850422002
8149779494
9022133182
9545787945
9890465505
9129079090
8208613260
7775859595
9892502932
7498431375
9765577600
2312651225
7972867816
9763060055
9004726844
9156579090
7350499430
8087213440
9513170833
9422281456
7942759760
2067121212
8071891602
8071891723
9423148709
9405191727
9595909994
7387459111
9823917778
8623912149
9922909976
9503081817
9822285465
8482965547
8001231952
9822004750
9766333817
9881454980
9970329224
9850839983
9860434445
8181061001
7410707636
9623222022
9423242519
9890460085
9823033033
9860991008
8888819017
8956072175
7507100013
9422202319
9552515198
9822560812
7350371502
9730032224
9860835257
9423041265
8001022192
7947467736
2402341774
9272727274
7569015814
9729297272
2402349015
2402341904
9673587766
9420812928
9112266777
9923274120
8002680000
8002666444
8806008806
8080809380
8793089107
9822787405
9168163339
9923904426
9730945949
9422044388
9689987990
9763074734
9860738853
8080722422
9766869499
9822604296
9371315533
8975641797
7588196108
7020086416
8007399644
7020666384
9518326290
8484065927
9970111120
8668266250
9152055699
9673977772
7972500858
9107475475
8888296699
8087951762
7038910965
9420277274
7700907372
8999547311
9881138901
9921215227
2402989898
8652225725
9890001072
9284851217
7755994060
2312621054
9923673731
9503037878
2312690863
2312625514
9356630667
2312521200
9545519951
8767459868
9021854070
9226240048
9823544757
9960952541
9371335333
9764445170
9156314833
9765729235
9850511466
9673330933
9421991551
7823870063
2047170427
9823156565
2312549089
2312627012
8855900998
2312652232
9730370454
9967637811
2047170065
8805195555
2402403229
8879015504
8652726968
8007770138
9372728723
9623333123
8208818409
8082121819
7263891882
8652778152
9503208351
9763381762
8275269012
7218811825
9511887711
2047170429
2312530101
2312651207
7249837944
9423992039
8421553154
9850336999
7745012200
9371110036
9762549596
7507106271
9422707236
8087000143
7020512478
9657067497
9359134926
8291474958
9890400893
9881565845
9158354445
7972271770
9767853240
8888187794
8208528225
9209711788
9607519255
9595688671
7666279633
9881156620
9860014610
9916490248
9422416330
2312541071
9137978889
9595330505
8087738530
9404408881
8888192806
9890204683
8830373798
7743965443
9923992366
9049999104
9226878502
9922333011
9503101999
8459957783
9923094141
9579838584
7410177171
9822333122
9923468500
9860619003
9766843033
9665728171
7057843140
9112189850
8055565362
9766940083
7972351321
7028003106
9049400340
8275780910
9325695656
9423627860
9850500581
8551995521
8956079238
9741030646
9011767005
9421100100
9421202434
9423041911
7977552350
8237091121
9175676921
8482800605
2402379111
9325988417
2048552479
9145033400
9823198586
9270366186
9028476252
9766740353
9923207193
8147568161
8999772660
2402372393
9975578585
9270081128
8459834370
9822236100
9423782420
2402353103
2402339203
9822365247
9421342135
8237045898
2048555387
7385701868
9607261668
7276399599
7841943333
9021128484
8007817917
7272016565
9503562486
9665148587
9168139693
7249105382
8329521648
8956819017
9371525712
9011699327
8888575730
9956530909
9975944474
7276466566
9309249500
9595616295
7875054585
7722054585
7020564524
8390220999
8037759501
9273499950
9595991234
9595759560
9422451826
9545463111
7057215486
9373838313
7559315756
9822119928
8806911911
9834935396
8855853601
9763900014
9021985257
8459986601
9172185839
9503859164
9595679595
2402391274
2402485627
9422706282
9075581581
9922009352
7745877457
8181802727
7040727156
7972737240
9595012863
9766769123
9371108406
9711989221
8805694476
9637679966
9890634240
2312520818
9766577703
9545061444
9011811625
7083275557
9923077280
8408882226
9225319068
9730772645
9371588377
9604411444
7798745224
8757524801
9922181999
9657172500
9284828423
9881385776
8668378790
7709737126
8888562220
7942728607
9421317925
9765012345
9920560612
8237373757
9923844576
9823999956
9922009348
9975669253
9890681999
8600142235
9225334457
9423456001
7588641999
8446659453
9545954000
9422209106
9503555151
2402654200
9860812529
9604118989
9637002905
8069351912
8069351901
9028472073
8069352394
8069840383
9022102790
9823046565
8069351782
9822109992
8275001566
9423679285
7040511861
7276748359
9011276014
9423782026
9595727736
9509462325
9922527047
8888669980
9028402415
8149888808
9284944414
9595659910
9011326461
7875819542
9579968467
9823682386
9823122704
9881235115
9923102111
9270301125
9422203525
9577774731
9881050527
9921935252
9922910842
7028171952
9028172183
7620084848
9552531559
9272311411
8484817174
7057112329
9665897969
8421727312
9767496392
8983408073
9588424141
8412995600
9518778283
8975591515
8956033713
8805030598
9373462979
9860855585
9158444188
9960978233
8080771973
9404988451
9823051811
9673991048
8767301672
9673754666
9767276707
9823042786
9421670253
7875105105
9823086975
9960049118
9403638154
9260255555
9923792324
7039128068
9049636668
9823361064
8625069990
9325784357
9049452525
7507088589
8485860070
8008898565
7057041313
7620181515
9511424227
9145262727
7066786353
9766441442
7888037888
8080440715
7038229223
8788835967
9822290883
8788634629
9975606556
9595272819
9021817401
9021201363
9850550810
9049658484
9341100458
7943444310
9595944816
8071326762
9527862424
9822654391
9850567077
7218359658
8421352906
9595451233
8308881234
9975623435
8817211937
9604373949
9822063930
7843038344
8062915247
9890495673
9850133177
2402329176
9922444349
9404022443
2402345055
7304811101
9960080049
7972809693
8055862991
8669413841
8623851731
9112139542
9420087869
7030153884
9158475253
8668805662
2402348595
2402970299
9888530555
7249643408
9850353088
9923323232
9240013977
9765649556
2402240003
7058081283
9325193425
9403682767
9860636263
9923277866
9420050496
7620753955
8308000795
9028887457
7507927714
9881111288
9021378702
9289922308
8657821612
9970674005
9371624585
8149232020
9373586555
9371129650
9854452222
9730545556
9820067392
9850788866
2312523311
8530330706
8421526116
9595959506
9960064947
9370222231
9823278739
7498267822
9922745700
9823651007
9766648059
9764284808
9923394544
9960505907
7769860271
9595599482
9423782336
9822678382
9158778787
2312656520
9822598515
2312693575
9986603647
2312666661
9823592778
9823770030
2312651107
9405832510
9404605441
2312653876
2312657740
8055392929
8007766020
8484181806
8329397274
9890477775
9823716505
9422565911
9867930766
9923515151
8149177718
9766597777
9922499707
8047759147
9673939012
8862035417
9130628080
9823635799
7769913557
8149681963
9112096001
8888721119
9822521253
7678034451
8888386181
9371215555
9923444423
9922116273
9881747727
9403004784
9021191689
9960028804
9960250321
9823011001
7719991888
9075008050
9822866273
7775967861
2403577896
9922791617
7066336680
9766643432
2312536353
9373786555
8879100292
8888129817
9372857957
9370380998
9673768421
9403121100
8975567574
9577994455
7030306611
9850266612
7030944842
8291030049
9767960007
2312653930
8805107474
7314623905
9881762487
9881060340
9552577797
9066190461
9765350214
9421661592
7020330603
9270063552
8758006971
8796621966
9420673568
8805008868
9423782707
7276727210
9175046584
2312525270
9284123656
9890179984
9372956739
9503054516
7972903829
9021332570
7058635333
9028031446
9529132525
9665308786
9403022299
9764894327
8830883690
7720081162
9840065866
9665269985
9822088998
8975540402
8855868533
9561053995
8208757915
9822409087
9405553405
9765988888
8432850203
7479757676
8459677890
9665566882
8482933351
9766678744
7083255022
8956111007
7719933771
9404050345
8308144740
9860602203
9370547919
8806540775
9371069556
9922282509
9325212661
7020743568
9545093460
9403226132
8698989882
9158971234
9209637245
9970101402
8806083881
9921258515
9890238055
8062429564
7391822211
9657691234
9822587748
9552317217
8605693215
9326381892
8975111020
8007143123
7040707747
9921990996
9373566077
9112120060
9823883366
9822019638
9021149409
8698340002
9370072022
9049270445
9923378094
8767875844
9108788242
9049862433
9422418333
9881425712
7558435177
8888171234
9022336601
9422424110
7020146606
2312651445
9405669420
2316622555
2312664405
9422203170
7276765096
2266954185
9028906511
7887428605
9890023533
9075289777
9823266647
8055805542
2242459800
8378878750
9823026120
9422862454
8962645559
7373055252
7507706868
7721903300
2044444121
8483000400
9510375789
7387005077
8291075365
7499426290
9028047888
9960144742
7776993020
9850075895
9422046501
7588465941
7709299960
7517999191
9637264429
9595880555
9823013441
7420895865
9146939469
8999987519
8640040062
9730541115
9673866262
9960191991
9890315669
8421203037
7768066169
7942876906
8001022355
2316614444
9860273462
8657511056
2312625587
9372007600
7030194629
8668549022
9408560331
8999717656
7796862566
2402472281
8830838903
9822268996
0103045499
8071496355
2312665229
8655989235
9519909519
8010114949
8002109900
8329988641
9930512426
9822791090
9665106885
9225801286
7385237220
9209765239
7942760774
9769249519
2402381102
9765448536
9860044104
9545415111
2239487500
9881237872
9325666050
9049999900
9657918945
9325465401
9518564366
7875209291
8421684040
9021705233
8037603568
8037117762
7798964685
9850217374
9762517079
9370704546
9763222336
9822324539
7588812290
8460849947
9175997599
9423207887
8623868690
9860069749
4442984541
8037470074
9731072567
8002000400
9823408667
8857855422
2312659522
8044465481
8169858707
8830966177
9503105866
2402478787
2406623750
9823270026
9545691966
9422581157
2403669008
2402371394
7972902478
2312534142
8817176565
9021716047
1413110268
9333343434
8055623736
9657532031
9503329977
9284292546
9766451414
9821332155
9730343479
8003093333
8698688886
2248903009
9850049400
7028999400
9673787593
7378700010
9731073623
8002707000
9922995531
8446238385
9604577771
9011211454
9021444443
9372351248
9112922962
8888828645
9921938724
7020036287
9623952222
8551989634
9850525670
9011641085
8087937118
8329978067
9405302829
7709021137
8855881548
8308077417
8010775538
9975107576
2312646399
7387633101
9766922093
7588161373
7943443106
9921218555
7875442347
9823067808
9326949788
8055774459
9422167906
9028222080
7028137525
8530497222
9890008484
9823922228
1413110267
9373585839
8149481164
9175141693
8069866229
9850148005
9325201010
9527505475
8044465419
8001208800
8001036001
9579999890
9822813010
9420801800
7972160996
9175793201
9850767655
9767268008
2402337364
2402337565
8956991696
9822617167
8698977100
9521330182
9422707074
9970359330
9665719515
9033823957
9579338813
7776084309
7875723322
7559488929
7676357041
9021031850
9860070756
9511665370
9595144143
7620909067
9420370530
8087953049
8742947484
8208488848
7263983233
9421691309
7768851999
9975740286
7276100537
9922773637
7045652445
9307679187
9225305223
9823340304
7208981680
2312469251
2312641707
2312672500
2312656977
8071889978
2312655943
9225800504
9881914748
2312535355
9371931314
9175267626
2312656109
8805949400
9561576789
7030603233
9765808999
9822276129
9922208321
9028234526
9011338496
9423780081
9822284554
8806300666
2312522546
9403601334
8007021060
7588577082
9175057465
9766155566
9922337300
9970006363
7719935777
8879608946
7796646423
8208350300
9309807509
9559687898
8483824820
9853298534
9527258582
9529900697
9527121685
7498858833
9890311160
9970565644
9823554355
8149421511
8668895565
9970084484
9356906592
8600140757
2402348189
9923666136
8830729003
9890588444
8009017070
8177850755
9267944839
9518731367
9527746632
9096588878
9960267674
7385082554
7888030472
2402349494
7798353300
8888303023
7575959797
9595858546
9730862310
7588442601
9158991583
8007084100
8208750957
9421310011
9834129533
8956787887
9673217048
9890178873
9822299089
9740564359
9764352525
7058176150
9975250447
9130066428
9767195802
7755934502
2403521234
9372360150
7385213966
8237807958
9423285445
9028187993
8087162665
8806470000
8080640545
9284734389
8446142146
8796209376
9823883388
9423103726
8788201940
7720008084
7057138125
9325402330
9373091537
9527807249
9511634698
7620177773
9923777001
7249813685
9823468275
7888182831
8767573335
9403529012
8180989962
9604722517
9850831531
9923612829
8380052665
9823242466
9881571313
9167577279
9975539751
9588652314
9823031539
7276835355
9822663743
9423287848
8805124268
2402332472
9665332582
9975387538
7070242401
9607992777
7507278492
9890067661
7507382441
7385594166
8668268126
9850004518
7506406464
9823202842
9819535412
7875820216
7030587101
7219836903
9607006884
7947130727
9730129120
9158204084
9545450116
8007522003
9850715436
9860157266
7447869358
9139959698
7666629612
9850464645
9404295885
9881764181
7666420475
9689875609
9604396332
9960991166
7350477598
2162233954
9422402804
9870424425
9420773686
7447233015
9028090431
7020758588
9973396486
9881763995
9226783224
9422039383
9156602553
8806999908
9067447709
9545774497
9860201219
8329711713
7030523030
9112316907
8208849261
9766615666
2162232175
2162298181
9423865929
8830429231
7757985797
7057486142
8087973346
9665618967
7066252223
7058858013
9422038507
9527675726
8830894547
9404111050
9923244000
7017288758
9763561143
9975071068
9766707584
8446439599
9422039491
7992263088
8237709342
9021014230
7875953155
9011041358
9595996074
9146166555
9822775723
8698473203
8329643340
9604872317
9028465125
2047138766
9920903000
1800221250
9975536633
7757962804
9552195021
8447912523
7066649556
9096370308
8087212356
9689004078
7020321553
8369251720
7020598463
9970133092
9421927158
9421177677
9326971111
9923730011
9145848486
9766166466
9975173008
9226319725
2164271462
9028412259
9067444343
8329971168
9881859945
9175325733
8888682631
8766782520
7756001345
8600567519
9860180054
9172756112
8879078068
9766441766
7709051909
8062916923
9322236969
9922533467
8600002069
7387070581
7757918619
9890903097
9689735435
7385738257
9604499883
9011890118
8379945856
9834785193
7709997772
9860818832
2162222238
8888173812
9922690561
9822361814
8600128448
9921558896
9067439597
9503111115
9975399677
9421212637
8446823293
7620862981
8378909333
9422607658
7057598495
7058054415
9822210209
7276482307
9922899993
9763027886
7387898936
9860002979
9823666642
8329662833
2162230636
7030917020
9422039291
9069700100
9112172991
9922018909
9422038680
9272080808
7776046672
8055529195
9822844492
8983311229
9011569632
8830547035
9822284100
9067073361
7738444659
7517771279
8920879028
9822596134
9225347977
8767889882
7499101753
9096878787
9697492492
9765633444
9503030020
8668389214
9850037379
8380075151
9422038035
9423035096
8484866166
9890683140
8275822373
9423866144
9850723071
9975523006
8999851988
7066880416
9881029988
9822455552
9561410149
8380059968
7020409035
7020068143
9619981413
9156356577
8308537284
9922815376
9172752222
8208593885
8788844829
7757945250
9960125057
9021216170
8048073634
7775994466
9834805153
8855026260
9527642596
9762275202
9028479976
7720019990
9970804166
8668556008
9422401702
7219664559
9503886333
7276677077
8983653924
2164225328
9922812302
9370729727
9405551473
9226367172
7057290930
9766245416
7798919910
9421207808
9607884242
2164272414
8275346347
2164272701
9975762821
9356909999
9860036252
9822835855
9422039372
9518332400
9168771379
9579815637
9226520925
9049604560
9134003454
7057200555
9970350000
8999965108
9273311711
9422404248
7744054201
9960202258
8275030166
9665586138
8291032830
9607391717
9112113393
9762739449
9822525318
9822021093
9371507666
9730927790
9637316768
7588864905
9822494776
9422039626
9527677575
8600549954
9004200691
9923377701
9822282244
9370745516
9421483434
9167104171
8208127354
8975419000
7875113003
9922955333
9423033137
9923793380
9552430087
7769087547
9511966444
8329471518
9850000231
9975147766
9975077410
9823286075
9766407756
8317289876
9545293259
7558509196
7020577275
9766558673
9420795215
9763727377
9112609609
9665408013
9766988343
8062914021
9822081200
9860666600
9673008008
9665278681
8669958313
9653374574
9945410730
7756803160
7447446624
9545456661
7972736729
8788618369
7058861488
7410071298
9730030378
9665679865
7767000143
9096771551
2162233299
8412001717
7387242737
7722069421
9561151175
8149246566
9881350825
7385499396
8655214884
8956183973
7875057576
7875010115
9890777742
8805833271
7020822921
8421565592
9850563803
8669963495
7387863963
8830290575
7709645632
9923877285
9881250026
7249853735
8888330386
8600330802
9325856311
8087632583
9766856901
9067554445
7620798265
8956273122
9922620768
8087203103
8788746364
9309764436
7057115556
8007899500
9730208007
8767383707
9226714861
8087981663
9881197348
9403394352
8668760415
9773898402
7770071199
8793849653
9881491011
9028790096
8483810209
7507152567
9822771599
8037377116
6366437884
9527189464
9822014939
9922002150
9890927002
2162233857
8177922977
9822131333
9421378037
9975750007
8381084759
8888732973
9422400178
9423260203
8928070020
9923202757
8390905367
2162246821
2162244236
7709054041
9881219637
9623490018
9028822117
9822665199
8999035146
7875695611
9834348911
7038536701
9766079359
9561339270
7028741578
9921338339
7263889494
7709911777
9922779707
8796879112
9860808472
8796649769
9067290738
9860039043
9423263163
9326305001
9850202777
9970200766
9356862239
7020004360
7028316998
9996690933
7039118707
7350622900
9881870552
8421445411
9175110210
9765568587
8626095242
9850717467
7796615249
8055580422
7499670237
8115815353
7776840837
9021460740
8149233424
9156191555
8793197989
9096409470
9604057740
7972249177
9421499722
9422034412
8999499677
9923506035
9529120233
8308827805
7972617164
8275870580
9307841526
9325860307
8177972173
9307081765
9823486513
9420485700
9834819723
7721048554
9766521691
7249491944
8625998098
9975757857
9175786600
9657072666
9890741199
7057817758
9552554553
9923261851
9561204043
7709824904
9657250456
9923495624
9422038074
9665422944
8485842535
7350737389
9923794545
7028988807
9326092002
9423864854
7410013004
9175742887
9049041632
9172048397
9423962102
9665039399
8080289023
9011143919
9822494406
9620037007
8530099583
8698501919
7972804817
7076306090
9307354265
8788881684
7387873056
9970745555
8805116442
9420631004
9967300569
9822444361
7798885833
7709088004
9657808188
9730933133
8510071065
7083762016
8898336876
9421925592
8888099497
9890334005
9967351875
7447438987
8605052100
7248994121
9890426123
7030955755
9822601819
9225832199
7709313259
9822232768
2225429257
7207247731
9881136391
9011380006
8291432420
9890009852
9422221361
8591336970
8655591604
7700906669
9594676861
9082894722
8451870298
9930757094
8356054953
8767908121
9833386836
7021232989
8898577577
9930823670
8097850234
9670079154
9771877007
9004790076
8850539523
9082943090
9324575013
9920594459
9137071182
8957023264
8898940707
9323342083
9833465034
7039726468
8652351432
7718976678
9820433825
9892299638
7709696228
8898896660
8779752664
8369789047
8286448686
8080707989
9372874753
9136443408
9029276622
9930788126
7081782703
8108524715
9867161307
8652262252
8108643849
9819667411
8450921692
9619043511
9867196370
9869973828
9820276898
9082499036
9167521336
9819491622
9819255646
9833898334
9833744718
9351365667
9136448625
9769701314
8928567460
8850714596
8898354327
7208018451
8041295561
9967203844
8071499658
8071681291
8422020946
9920251237
8709403176
8097970974
7700098773
7066263786
8591544113
8108802764
9029166826
8169421699
9930742021
9702731386
8879839777
8928877228
8879665550
8928439345
9029157619
9323831868
9137422263
7709461616
8767699901
8169541219
7880564366
9076090790
7887884455
7900003866
7039398199
9819811113
9930944717
8355981779
9992226593
9867134433
9702270822
9967311155
8879480099
7021666936
8828660818
9987316048
9930647730
9867973870
9892308608
9860005147
9892529251
9029596931
9892583252
8422003247
8693868083
9820163483
9040038535
9930953888
7977582372
9594448238
9321852594
9920567497
7208002829
8698080911
9819121474
9920901669
9702722705
8806580880
8806802801
9004096915
9819990435
8048989921
9451697740
8976271112
9321157618
9819915112
9664288646
7678076707
7738310238
9137222282
9820029229
9833347363
9619539124
9833436243
2265886462
8450905818
9326357138
8080565610
9969627993
9920884782
9920340828
9137833428
7620848271
9821274457
8108006969
9892078766
9820260911
8169315669
9920952293
9860924939
8104372403
7666066272
9653344538
8097049666
9867338808
7208104399
8097559400
8003641858
8692060252
9167053411
9769713539
9833388803
8898558304
9967730135
9152991731
2266494444
8657615988
9321080822
9833722508
9833510523
2516693800
9820192041
9619072308
9930557123
8169429324
8104408300
7000800069
9819054725
8898605777
8898323579
9821519240
9370706890
9870010248
9820994127
9819492050
7666723228
9702038891
9167004856
8419922015
9619205915
9619773983
9819252019
9821215826
9372793796
9920974589
9167133504
9004594565
9930081836
9321876260
9326574312
9767244445
7715920602
9967719515
7304662677
9137336778
8108074930
8655672283
8169727819
9768399704
7977825160
9822803055
8898816734
8655550707
9769785888
9870621025
9920793750
8850194988
9702970970
7039432353
9619710492
7977586932
9892405258
9721064714
7768957800
9690794674
9768337254
7570019770
9967313035
9226900186
7977702631
9820241227
8108307707
9004021574
9822289891
8115129145
8898191869
9082290608
9321564693
8652057785
9082020365
9769160596
7499884212
7028666569
9820800481
9082558270
7875809070
7021521001
9987722399
8104646651
9305401469
9223373963
9619693676
8828332713
7420875715
9819437455
8976169669
7021066315
8828580855
8922900168
7738518161
8693017255
8669960113
9920524888
8048036212
8454986084
9821269370
8879181407
7977459170
9004544391
9324403379
7208163945
9272305039
7977398027
9420066333
9326666008
9768108428
9870507399
8425990330
8898225399
9082732339
8692872231
8691969817
9029778358
9930300476
9819719576
9029813934
9167083270
7208888528
8828352932
8355913950
9594052736
9819154152
7304576061
7045730292
9327826365
7020328415
7055680502
9702127487
7506795680
9594758949
9325766046
8928303217
8169888625
8369057484
9768145680
8828770202
8691979923
9967757915
9930355384
9967821948
8879948999
7738840221
8655260991
7304808777
8693817679
7558417909
9220161411
8591440702
9820968634
7769004567
9503730744
9967020815
8698586986
9870747029
7977543839
9156999084
9029057405
9820787987
9833073264
9702604034
9967938370
9920531562
9907590523
2512871737
9820393792
2512976720
8295150210
9967855631
2516451717
8928224292
7021143470
9920777575
8108109608
7400200793
8652148930
9594368666
9821206899
9892065379
7900045001
9004063651
9702852544
8459166165
7039015069
9136008226
8808188062
9594962013
7770048032
7666866676
9004130222
9326014648
8291236599
9890110679
9664362544
9699666655
8976758070
9819020957
9014182316
7738008651
8976853734
8108719741
9833777924
8080669007
9220825887
9867901273
9136121894
8356087743
9769209766
7558432945
7869255561
9224177820
9762030028
7977286995
8108781977
9152001718
9594380438
8898964405
8084447866
8424941893
7269047703
8071499557
7738138799
9326745180
9594977121
9970800343
8108885519
8307509411
9324780959
9594710260
8307512146
9819121405
9137511549
7400300742
7777043939
9702567451
9604021050
9773699113
9967804254
9028700030
9594716677
7757890774
8071889620
8369118705
8828076971
8976607702
9757002525
9892447717
9819432620
9021422995
8425078742
8452018599
9082744016
7777075570
7738290708
9594811703
7678004697
9987495142
9372483476
8208919981
9372945611
8108546430
9619733255
8779749770
8007788563
9699041664
8779554096
9619801373
9082638382
7715972171
9167045161
9137290194
9004106008
8976279293
9322063149
9594952492
9821106692
9820224857
9673136445
8657085754
9987644684
9172038006
2512201011
7276143704
9029182965
9967884749
8850326495
9082078567
9594000369
9653223652
9833722680
9819535251
9326894326
9664555000
8693844642
9326700657
8433585417
8884978971
9967405875
9920444270
7719817221
8879525332
7021337338
8369066630
8459135089
8459043278
9321281045
7738669020
9930204323
9220864249
7303196056
8080578566
9920175737
7498459495
9967674854
8369555816
9867772712
8108467131
9987471588
9833134804
7715909496
9930677230
9967920124
8180800800
8928185274
9004714643
9819617421
8976012541
9323022948
7304362327
9619955377
9769578243
9029171993
9892203324
9930437759
9821501716
7045969811
8655564977
9920102075
8286021453
9004432234
9221760124
9820600684
9372493540
9930141349
8308839497
7666659598
9833744888
9820946299
9321857070
8169810568
9869229890
9167196183
7743870920
9860717674
7558359165
8983002220
8208704391
8691090004
8308888191
8879460615
8484081793
7448239866
9021476725
9172680707
9004723701
9867592929
9892624412
9321390986
9067202306
9892418073
9967410862
9890312306
7738433282
9869311402
8097537020
9167140120
9223231396
7709098888
7506183836
9920511651
8037838047
9892704746
9969085687
9930332287
8149915849
9930293933
7385110949
9890565233
8108383532
9324477435
9653467488
9820467596
9819396311
8554076947
9821613336
8828422385
8291934019
9766789010
7666103143
8080948484
8421214158
9920051307
8999329772
7350014727
8855989036
9049494938
7744009795
7972000194
8237578283
8600203188
9764751160
9850165529
8898858159
9136323938
9594389222
9619617539
8097330363
9892110930
9619666030
7045901087
8879663390
9594747081
7304805907
8108207938
9324274026
8169697915
9664351386
9137439388
9224020758
8976007880
8689999727
8422052177
9594772991
9930719190
9320174497
8879795657
9967599894
8169153441
9920065143
9004164817
9320049805
9513731440
7039526666
2512203621
9769699269
8800945960
9323498084
2512991770
8655552221
9653474445
8104583778
9136891666
7977958104
9920141336
9167111509
9920294574
9820121468
8048976797
7666818252
7066531037
8369036406
9619065277
9082560165
2512304712
9728546183
9834557388
7972354021
8585854488
2269553615
7977105449
9702302776
7347786257
8605904245
7054438414
8652427735
9867068859
7249504900
9119686687
9987651472
9821019398
9768355083
9821959014
8291030082
9833558942
7738424428
9930562999
9321798576
9819365555
8600366600
8424813029
8275034786
8607955407
9920696747
9034989890
9137008554
9967472823
8149669626
9167009978
9992000219
7988495019
9376692766
9209230219
9323653263
8059776002
9821990133
9820416375
9322234603
9323455444
9975633612
8104870331
9892878505
9821633825
9152137390
8046059850
2261471919
8591275253
8454079666
9930688249
9768702030
8286867682
9082635059
8454955513
8169314760
8433932288
9870418402
9321658735
9326249315
9892736407
8424825999
8169096651
9833357005
9594540770
8591877267
9820712688
9967367533
9702183893
9969480804
9322212041
7208080050
9702949000
9820261344
8652647569
7020731680
9820769438
8169104612
9967861852
8104813551
8657516533
9870663915
9082402003
9920044336
7709199916
2248966466
9136524629
9768871110
9104910420
7506333693
7558691197
9004860143
8286255042
9892746703
9324561006
9029870166
9167906036
8108872337
9930069866
9137395718
7798271539
8180001638
8879005005
9833565860
8108569630
9821488870
9096865000
9967343174
9033319613
9773756798
9664746466
9004371850
9967695452
7977193370
8424086104
9890272589
2512319751
7738149129
8037537738
8252100100
2512200234
8928026745
8369134523
9011354777
9167459090
9769056298
9323560851
9769110077
8879111313
2512316111
8454986563
9870000046
8080561310
9833749630
9773397700
7400474017
9870046698
7304719010
9372827143
8928901081
8329955990
8855904810
8898869647
9082531927
8097797673
9136831566
8828129384
9819387142
9820395621
9116592524
8983180639
9175868189
9822260313
8169034534
8237663366
9960603835
9323885811
8655125253
9881847492
8856970868
8421185059
9561176172
9890822204
8668297463
8037528341
9011386488
9653442481
8888059000
9860294885
8530254705
8287056581
9970751651
8693893333
9260363328
8329962979
9890134216
7888100789
7798262552
9920065489
7040275840
9860235846
7773911829
8446222702
8087604067
7234039488
9323520135
8887575812
9561885464
8421018187
8806365559
7499575306
9773600916
8956006443
7058829888
7620671053
9890988980
8530877490
8097469266
9545180040
8308898643
9920025205
9890967848
7304141888
9960765959
7021651645
9284486866
9270939993
9653655517
8796764647
9970913103
7040259643
9167070796
8625841606
8793888996
9987279584
8600210500
8855018097
9096242234
8421108332
8779435133
8237631841
8888524560
9096844468
7770077324
8668828587
9860991282
7264992701
9730153716
9881185662
9011142068
8983144582
8007076840
7977967769
9371390913
7020830803
9323001798
9519222422
9359447860
9021447616
9823518610
7303036555
8484068822
9822214269
8793212340
9819286875
9029566675
9604114266
8104974985
7666788537
8329150246
9371012405
8857975257
7770013002
8600054354
9096081101
7821956273
8484976150
8446769188
8278829258
8369271227
8180899855
9860063574
9970313160
7888111072
9320524097
8446010774
9579171448
7020303619
8485813356
8591650819
8080281483
8779020886
9833286269
9860646433
9112111488
7045654688
9370165518
9330545457
8669977461
8483926351
9833154223
9970693363
9096573888
9923252574
7387314315
2522223878
7709449878
9820868685
9172137204
9082595095
9223550116
8591960059
9762267802
9324260718
7666082668
7887885759
7385656683
7276857650
8097471738
7991319423
7775995153
9820067422
7620844443
7208841122
8668536757
7775002446
9326379504
7666339808
8698145993
7744015615
6372352301
9730440040
8976662256
8180011030
9682460386
9819792021
9158800517
8071499756
9890876168
8071499661
8286222230
9323382410
7276434252
8459005576
9822293814
7498017352
7020620398
8208901475
9324245164
7304087407
9022057777
9850962275
8898844693
8291734735
9323682041
9545273273
9595535415
9240210011
9137337494
8108282829
9833111115
9594627373
9920864080
7977803381
9004038321
7058882592
8530372800
8976785247
9224711692
9167041980
7738373526
9967357277
9768741972
2512300786
2248902967
8850929674
9022279187
9967939858
8828133423
9322876924
9702954505
8999741475
9322497509
8108579457
8425009009
7900005990
9769893131
9167543131
9768016786
8208731133
9029018628
9322180591
8446960555
9920336099
9209644445
7021660748
8422044445
7666739813
8291333124
9355410322
9819342219
9769503450
9172102304
9619483758
7045866060
9307983955
7758883634
9527514197
9356912377
7709690800
8879334233
8788059839
9146644514
9175990721
9420116101
9623441160
8888836902
9028539004
9552512245
9766409102
7720891826
7499476144
8999733958
7303249831
8850880260
9920856750
9209770004
8087790557
8655465617
9834480992
9022965737
8446366160
9029750362
8087207821
8600330394
9890732888
9768277786
9324201779
9561172251
9820584204
9001526510
9356180953
9766662943
7972928305
9320954531
9373740000
7821965923
7304335501
9323778852
8421515072
8108468019
9112200046
9156187775
8446343454
7821007939
9284711090
9820002019
7757869169
9028810180
9405262258
8956527809
8446748810
9623220220
7775948270
7875085258
8114002187
8668264853
9545301435
9890435216
9373978566
9004678116
8655325555
7506364912
9372287920
8433546631
9819814553
9137553208
9920548854
8591349887
9769094653
9011072479
9004795672
9619897213
9022324013
8779718075
8006005688
9833232924
9869718013
8291867331
8424009406
9804499099
9967109983
9859862020
9167096981
9969067979
8369661833
9819406235
9920784261
9082014066
7506296307
9892012855
9892502325
7678241900
9967702427
8879410762
8446601825
8459100467
9321931515
7841892600
8600401111
7972027429
8999677225
9545532674
9975811087
8983981997
7028870758
9890013564
6393280313
9322040140
8600598786
7208999914
9769567959
9764788088
8862005566
9322230222
8779500440
7057898333
9970735005
7066605000
9653632058
9823240280
9004549700
7507592080
9370032279
7030139095
9158529000
9561612111
9323275033
7276749992
9022731721
9136413641
8698992612
8308016222
9867436649
8169451110
9604384050
8007683383
7249533983
8169112566
9029619505
7666299907
9867932399
7021106577
7021111969
9920023221
7030342131
9922833779
9619911862
7666745124
9172777387
9890977855
9822119832
2261235353
8070040466
9860591313
9004341777
8850485403
9069061606
9665380901
9766339196
8087772726
9029141611
9323227708
9673384824
9168884737
7887656729
9028619017
7276457143
9029018355
9326370953
8425844901
8888309830
9821886467
9579022647
9987756356
8805951626
7559128320
9867115635
8446955728
7666320211
9096881203
8805242771
9284514420
7887698501
7020200961
9310241633
8668423969
8793550030
7977879415
8208108857
8805390451
9619470696
8928750189
9370321719
8424054056
9769307576
9359006238
8655671928
2249623854
2512972866
7977652002
2512222023
9076057135
8850040364
7977744769
7738173460
7020773749
8652200155
8450944373
7304147193
8454845155
9029137339
8419903485
9762732513
8329755747
8591663408
7738431901
9920044433
9867483281
9967111783
7208361480
8928470997
8104845843
9867923091
9029230660
9082276901
9049051248
9833221400
9324768176
8048093083
9730240306
9702040500
9152298008
9004050277
9029051319
2267204989
2269622225
7666403443
9833235046
2266662040
9702752096
9167327149
8708273074
9029706697
8949380575
9022614694
9890986874
7294876935
7860511307
8087894247
9870356202
7249309291
9975415963
9028764310
8668939676
8793605279
9146299934
8888990086
9284070835
9987662290
8668474756
2522277698
7459852069
9036200045
9511629045
8369749906
8779703884
8788388506
9960758484
9511343227
8306668725
8177962738
9136019001
9326168616
9136210881
7737504982
8450931314
9525511001
9011677781
8955581557
8369224822
9892891008
9119159911
8983566828
9028259142
8087984037
9794415566
9324465356
9890132607
8208326358
7820844966
9967587810
9028935569
9322691918
8856949444
8796855198
9920159015
7020852087
9225877594
8080783050
7666810626
9922000775
9518946901
9890893444
9175193493
8087566687
7666616837
9730226311
9762178322
9130154915
9527481665
7775993308
7972695386
7738855377
8097909989
9881117125
9820191540
9309101986
7888121651
9130203142
8446979559
9920292099
8087974198
9076066222
8390997108
8767734726
9136754814
7666509734
9011073617
8180959779
9850869679
9960969315
8208828312
8424022416
7738074168
8007596714
9604528837
7498653796
9004399555
7021141744
8208166741
8668609011
7757978795
9922559228
8600642620
7709140758
9795906919
9512397616
7249544373
9112625406
9130537828
9226902362
8957802268
9156974542
9923330038
8208244755
7559260413
9956819588
7045089608
7387143285
8299754861
9273167783
7977595252
8087273549
7718079444
8329665196
8600977911
9970594919
9594703960
7798733302
9372271662
8767956623
7385270687
9930034988
9322008803
2512676999
7011840337
7276709192
7666727617
9970540986
8080552665
7875828079
7709410646
9022480825
9819344101
9730584763
8668503172
9833771972
9823114753
8879876424
9004053839
7030899739
8108881772
9921227744
8291888222
9890033424
9561064722
8378034520
7507443366
8080078585
7977280728
9987876601
8483931544
8169831064
9004610789
9130812673
9029155564
9545518985
9503068188
7796493955
7768837562
9822198284
9082658157
9503276403
8291329928
8976156591
9029820284
9822824861
9321152918
8484043611
9960221557
9767198788
8779089892
8850233096
9892552977
8329927426
8655346075
9921120826
9096873129
8454973484
9284627320
9307088303
9158482586
7796700571
9930256428
8071681378
7723040341
9834032883
8097552822
9860299915
9529996252
9326133287
8097085480
9890511453
8828674511
9324654649
6386647049
8080179108
9936812626
7276332717
9173476329
9657899476
9503986417
8261079863
7208380720
9702105402
9892321250
9325609608
7738016768
9819840264
7387161936
9284116095
8459894734
9850400977
9892140387
9664774269
8888547022
7777029287
8108809206
9766417737
9529453682
8767351361
9021436613
9766342189
8080846597
9322425170
7400483787
7276565883
9960625726
9773069084
9022251525
9970022475
8433842728
9870094748
7498036030
9029795990
9820255592
9004242432
2245766700
8080070211
7718820320
8652756753
7678048641
8655807249
9326050669
7045850453
8652402463
8045682551
9967788396
8433837943
7762850599
7977185097
9167825940
7208604984
9867076443
8828899925
9967788789
7387533859
9322816829
9819503877
9819555101
9821252911
8655669920
8850138934
9821999414
7208993401
9969977499
9821861447
9082129233
8108852976
9220090108
2512315124
9820860539
9773727087
9699093429
9326994462
9967164616
9819907774
7349673496
8767071081
9372450784
9049046611
8605433732
7276822961
9156622455
9552162239
7738630273
9823899341
8082754467
9005579009
9890999448
8381017339
7745893603
9730366141
7083011994
9822179982
9922234639
7385878291
9623212023
id
9890022218
9960334414
9320137512
8793670663
8655223559
9271359659
7028172186
8788167567
9881191172
8856060754
9820155693
9769587902
9921480693
7070934992
9322112651
9960397914
7276690775
8446655993
9082355524
9975580287
8698859524
9594330870
9867753886
8169140659
8149108465
9321782759
9565660032
7083539510
9890131416
9890177484
8668810250
9322605888
8007443242
9529766096
8850067615
7559153356
8097701500
8433595900
9324946274
8600518820
9820881077
7875008276
9146851216
9004986555
7083631923
9870824390
8727028737
7448000925
9224671831
8308606000
9359045374
9309466960
8177997379
9322702020
8087778070
7745855018
9822048714
8080341848
8600508639
9175710982
7519786777
8669677465
8104754168
9767925651
8788697802
8888996104
8999606121
9503010100
8793681863
7261914068
9422661995
9850020420
8454028164
9860061626
9320451698
9768664996
9324242555
7385219178
9270156442
9594339059
7758857185
8452047853
8591300433
9158794852
2512201860
8425945622
9029798912
9850811917
8433768857
9819631646
8291812429
8779223818
8850622771
9137338678
9833165672
9572621553
8956813569
9892362790
9619536665
9820979288
8976839438
9619535748
9960749504
9373057775
8918248415
9766601629
9702028025
7977927252
7666109274
7719983539
7721815012
9323818785
8830306966
9975665843
8007846056
9076104090
9960780422
8830634230
7744829262
8329503041
9561319187
8830165057
8669049971
8328044602
7666451305
9834946368
8149575027
7350509295
8329053383
8856060608
9175391118
8976576212
9323006081
8087317627
9359218484
7709717134
9851268009
7709436081
9226189411
9820282819
8007101973
7776863086
7028199129
9561021657
8208612623
9623596260
8806592675
9699443051
9970901803
7038546372
9604972189
7387272665
7057227117
9819994526
9307724717
9834924980
8669849084
7387555776
7219359909
7758884909
8698039015
9029230427
9822508344
8707886712
9029621125
9892318311
8600450934
9766583525
7798539942
8052674604
9665325242
8446119237
8087266119
8788177276
9321390055
7028297581
7888143333
9021146352
9890568033
9372219997
8411881422
9004800853
9156951365
9930145003
7028592398
9226773408
8530528127
8999700736
9028903905
8668359921
9987402616
9970858424
8898898821
9336060417
8097150310
9136004567
7972514636
9762622268
8779155145
9075414267
8999110386
8600722098
8932908920
9730610927
9028847737
8291579779
8295560219
9322632094
9029101752
9350672954
7400074743
9769898205
8948898697
7756099134
8698638081
9320884460
8007147781
9920019259
8115902480
9604986529
8600689984
9527052545
2516565666
8007008080
9175562518
9699455157
8983852723
7719022790
8788746160
8055624810
7972254980
9850198026
7276707978
7028980544
9820488656
7972382009
7517343207
9156375412
7385442532
8600466733
9168521023
9022210023
8149685683
7066502334
8931945575
8411014032
7655933966
9561783440
8071499579
9158402010
9657669553
9673412312
8071499657
9896817978
7378491284
9022789325
7385584273
9082759504
9323025779
8530728989
8692854683
9823549132
9890682644
7758889836
8788864976
8208285588
9665500083
9922980435
8830871140
7057771900
8083002299
9637482641
8805002867
9423965785
9322769970
8045802868
8806547972
8433356287
9226975251
2512602696
9146088179
7387153143
9225183897
9373218782
7276310407
9860791650
8600630603
8005322829
8698288793
8983710522
7774822618
7276687805
2512607883
8983848100
9860312524
2512620056
7387965106
9022109263
9322757794
8291001320
8669866278
9765808515
7709580065
9822652653
9765369331
9823624241
9922921128
8983131311
2512701591
9168987700
9028140172
9004285600
9545579792
7745885974
9022484204
9987412399
8554834397
7972999937
9860333140
9822031507
7776040830
9702550439
9890173434
9867931712
7028251465
7276182772
8806255052
8237158548
9922287828
9359155459
7387540417
9619797272
9021725202
9860060336
9404228880
8149666248
9322600422
9309560513
9850207035
7666821633
8007266267
8806189966
9082033369
7798807449
9028356506
9594996697
7021517145
9022226123
9175451510
7666911191
7620308632
8983464068
9890250501
9561504179
9860174603
8149061947
9082206194
7063946962
9146091468
9975087861
9022726359
9930922171
7710858598
9224175777
9028298829
7208227339
7219400560
7387222835
9594608689
9168800233
9960751076
8037839278
9967851354
9619701322
9665023466
8976520225
9890356442
8421525001
8446335836
9823172554
9699844880
7700080677
7666772787
9372008494
7715015485
8104745093
9167575577
9870888760
9987004688
7039270779
9768087073
9324346658
8421448268
7719937497
7972578726
8788358310
7410775744
9096541273
7709175902
8856005471
9860374222
9372346374
7769963111
7083014036
9822556622
7775054445
9623282333
8668952006
8087547711
7020954009
9309118539
9004191955
9822799212
8888840481
9145544766
9545555109
7875829224
9403210721
7385144038
8668643844
9011071199
7823046339
9272441230
9975515404
9595613531
9325275275
9150057700
8668423472
9673659130
8850204675
9324364000
7744913090
9322248760
9922551500
7498264443
9561433195
7599999992
8208074958
9422663766
9822340348
7987243968
7208831270
9673957733
7709170028
8530346467
9503888841
9370242581
8554097295
7038953718
9970819109
9372731357
9322330743
9545004945
8625909145
9892618724
8928572643
9822841000
9320888801
9322282822
9130010666
8421034561
8080414114
2512709411
9511789520
9321549549
9822675716
9552205994
9323435000
9096475594
9323656955
8087008297
9420807951
9322226026
9594664970
9766301674
8446661866
9833651234
9769326754
7710848006
9822595929
9320009555
9820360477
8879222858
8857098241
9309115525
8080444936
8237364515
9140020312
9930096432
9960289665
8788833199
9689655174
7275699130
9637593383
9209697541
8452045279
7718874570
9004638435
7379265989
7558437559
8669154676
9860649213
7264977666
8080807550
9822114038
8087989430
8830356071
8976777733
9702595065
9665241351
9355058226
9890519098
8806278440
8329155093
9579210500
9321584231
7276061043
7620777791
8983705584
9307269004
7798669739
9545224448
7620099521
9021712341
8208892066
7020287676
8888036009
8830288629
7249653525
8263822763
9175534865
7020162163
9370501808
9766021292
7498990389
8888222009
9822092303
7083217815
8956260693
8888225058
9960482854
9922004225
9545614014
9326894090
9049555655
8855927621
7887980304
9730826002
7775983753
9371783735
9822457647
9890228772
9881082888
9767590707
9561321365
9921014632
8983838346
9881482858
7058015012
9022600047
9890866229
8605400907
8177851121
7620131908
8055544777
9422781840
9595775120
9511906919
8149494983
9763111321
7972682637
9970439439
9423366826
8888168620
9322771467
9890854192
9651640151
8806798380
8779127057
9422577947
7841089410
9028664349
8888666851
9890733606
9156156023
8087004734
9822296222
9890644266
9323896903
9175466996
8380816707
9322329038
8956797696
8421109946
9172271878
8788923494
7234964114
9503287334
8881902947
9320731122
9867366565
9960604400
7021320600
9890458115
8080003000
7745834332
9960821863
9765477702
7774813395
7897480251
7020332700
9765119944
9822113044
8623856599
8047947045
8788061318
7276524850
9890854669
9890372926
8983268020
9225544734
8104042423
9766000993
9860756664
7769965895
9820880471
9881639214
9769685649
9822244307
9321905509
8071889778
7066593000
8451908916
8329376764
7666237447
9767897993
2512730306
9225475670
7385301802
8080885353
9619190019
8329304880
8108495929
9224621555
8855825825
9822213228
9850719988
7249742795
9960254285
2512720434
9322753750
9890844000
9890144641
9767728530
9324927701
8850826401
9224838383
9881999918
9890812880
9822904873
9850487957
9324762294
9822796262
2512564891
8080805595
9371444858
7058699919
8149929989
9527843016
9823222380
7020207980
9619696667
9822206218
9923506666
9595777071
9404416242
7709984771
9604943822
8087079908
8308932826
7126684222
8087118714
9637852603
9403375334
9988301111
8007587597
7875574073
9423120131
8668722768
9421510850
8482905575
7020224420
9637351451
7074347074
9867401613
7588168939
9422961053
9545919140
8999236917
7666403956
9764630448
9404305070
7314409052
9922333359
7066155355
9422839243
9657999929
7840934845
8448440567
9970403305
8261033244
9834764809
9404015533
9503399763
9552864689
9960905066
9372366894
9168006100
8291092516
9923457898
9028414673
8796733968
8080899928
7745030555
9321656871
8929400479
8806835422
9834752800
8452002494
8407999444
7278888848
9004393900
9677188720
9820487378
7385823828
7350422955
8451055329
2522279000
2522662090
9664319505
9158152577
7219053919
9513237706
9324744938
2269888000
9321237415
9004815678
9371144878
9175493955
8605961319
8087974319
9022206437
8879400010
7378910037
7039000421
9890091360
9323454317
9100933500
7815855555
9822020532
7488986758
9890632078
2266720200
9511946058
8169450077
9324600564
9326470024
9869135668
9892551357
9167030780
7841068277
7208598340
9324878887
7743831483
9619195393
8108809060
8452969504
9004394441
9594113377
8691072212
9869582584
2227452377
8080186094
9653129962
9324394292
7973260766
7045466848
9372278914
8433591958
9146149650
9890989239
8879900496
9167744546
9137343615
7263909665
9819125671
9987985970
8652610486
9819472385
7039219584
8390309610
9819392782
8087772579
8879147999
9152110439
8422985406
9867585926
9920856860
8655738343
9152949336
8422099425
6354634247
9967492241
8369008104
8888124036
7083762904
8999738995
9325229625
7020984292
7620633437
8484088546
8788998820
8329408656
8208970380
9421203485
7058018939
9823698235
9082336507
9823420555
9158852222
9881124440
9881060088
9595009191
9422646480
8956701008
8308232644
2172733450
9673160515
8888413660
9049664885
9325586678
9850077283
8788845445
9921555678
9822037448
9175031397
9028807402
8999703679
9623085828
9960480847
7385419755
7058937469
8055459337
9595183010
7378687258
8855007738
2172322539
8668402952
9766157083
9235353636
9423586908
9373423736
9039035034
7888248587
7038106006
9175894116
8698119922
9833221715
7065309526
9819268988
9764000005
8369167428
7276131313
9890225314
9022494944
8888057312
8080984133
7350700601
8999722931
7775926806
8668722753
9822423762
9371057626
8087455666
9322267222
9422666124
9552194654
9022223393
8080658329
9503230400
9822099882
2512734669
9423080247
9075655311
9545480066
9822886600
2512733021
9552147614
8983611321
8855087550
9404551313
9561001000
8446709077
8855819234
9529406606
7276664440
8655011611
6262114848
9096485737
9890191817
9699995979
8390334488
7777099709
9552744799
2332300901
9028802444
8421330696
9284923536
9970081111
9168002741
9588644516
8421666288
8788622187
9762833077
9404303700
8010060212
9422458080
9822071503
8459763568
9326263395
7566975311
9404917867
7745861889
8855936132
9096061188
8055514368
7264832832
9545119991
9552400433
9604145558
8623949517
9422427981
9372634450
8888041452
9117511777
8329493651
9767315137
7219098082
9623335522
9325013005
9372293755
9156940508
9422302464
9156055999
9922995757
9096773380
9422046000
1725089457
9423263075
9881374348
9822374561
2332620377
8551054439
8451074302
7977176244
9653293682
9152730602
8108636738
8424035448
8291778023
9223151779
8591326587
9890913035
8828668188
8048123762
8879701906
9833987946
9820157154
9137726361
9769877989
8454870633
8097689064
8828061449
7977481884
9987874731
9137070870
7710843022
9137266255
8850824673
7208280113
9594389926
7045548727
9619812425
9867453400
7972984087
9821126455
9527458116
9324143212
8097935406
9076211548
9819133381
8928661434
9323674989
9322870666
9833467986
8286854428
9869861552
9833663199
9324270253
9820315569
9324435835
8850317620
9323485562
7276655499
9168568102
9833658778
8888646149
8097217713
9137433779
8976775641
8002669944
7900050700
8108670370
9960187047
9822272951
9222311101
8605692226
7558572888
9819156871
9881774449
7700930555
2522243395
9975012678
9158741205
7777010673
2522661513
8048767042
9130222618
9822273878
9987168693
9820646393
7888383788
9594997460
7738246010
7821939232
8484845400
9588499371
7350459997
9967416144
9890310585
8390268078
9325513565
9372281493
7498375012
8850408062
7410109097
9096942026
7620779175
9028803309
9137496196
7796060788
7021127528
9028466820
9552185962
9420353452
9049319431
9970074287
9270860883
9762241708
2312520646
8087321279
9552589294
9158084864
9823989893
8668544783
9960187255
9172071866
7058937448
8624019949
9518931525
8788992086
2172315151
9890864657
8208423505
9657180766
9021967890
9049325111
9860804421
9096655180
9422532826
9834827670
9637001265
9890925996
9420332137
9067738233
8446222326
9579097946
7758888979
9028509080
9226528628
9545152059
9529545617
9423589804
9175570080
9325342686
7249858595
9545288840
8180011188
9834464276
7249280217
7843021241
9130196630
9324622746
9326732532
9525923577
9822058191
8467085705
9021273590
9767415107
9323272123
8087417911
9324962320
9022333330
8048102368
9579653273
9355058238
7066144000
7350447700
9324712365
7276061626
9834278519
8222927222
9326799522
9990571115
9220888999
8888282272
9699686491
9324725071
7719944499
9324194341
9922779980
2512569404
9819460462
9920116612
9920166944
8369849246
7666639696
8652180810
7977457639
9702431288
9082185850
9527073855
9819380795
9839151259
9930383544
9221761274
7039612728
7522081886
9919785755
7021332785
2269449800
9987992959
8355844808
9930376945
9819148383
8591290571
8286315158
8828578479
8080080850
7977876249
8700068066
9137835934
9324212822
8108951360
9029932345
9769010506
9769298484
9321754683
9769870841
9067145755
9773397154
8551041881
9730002209
7045490155
9167619307
8108015011
9607002140
8591127223
9082056568
9930903614
9769354111
8046984916
8655588375
9324627391
8104521805
8866673776
9820898270
9819269980
9867663436
6746172566
8356024944
9819187077
8071499615
9323457801
9321562932
9920104020
8349007084
8104337224
9768057193
9970860061
8888527141
9423588528
9822660121
9679180555
7840907897
7387541883
9175448654
9730494949
9561704676
7507655643
7798418020
8788525773
8378809663
7507036666
9145031222
9130646448
8446889966
9082552657
7385138589
8888222664
9090010139
8623947878
7666960678
8047250011
9130486705
9422066287
8237241997
7539025555
2172651863
8485082999
9700093759
7028636380
7821045675
9405624412
9607554242
9096288255
9607334242
2173554632
9881000999
9405011293
9325732180
8999451545
9021516191
9860097260
7020414764
9921481494
8830128066
7774978118
8888222445
9323493975
2512600031
9322248129
2512581500
9324644100
7218051985
8767567789
7028547146
7775884621
9307436398
7447421503
7798779284
9235353535
8007970044
8975201355
7498301307
9409349274
8551818555
7499041632
8108325237
8591040816
9930870979
8668769025
7744084479
8693092223
7420965684
9324358568
9821072513
7276669144
9320658734
7727031777
9637760666
9768666686
8898407615
9773770956
7387175888
2512690335
8108180809
8691850610
9665030230
8369731197
2512611935
9890450310
9075480986
8788897374
8956662500
8384901718
8080804588
9096742984
9822065614
9923009657
7058555101
9404515692
9890328313
7385344044
9657055701
9527220643
9175675433
7387422490
8329640354
8698877771
7972956744
9049513755
8482980338
9049517555
9850833937
8208479599
8421626262
7304098211
9156662854
9822515634
9326677665
9890903522
8208255815
9921684777
9822681080
9850373857
8485851957
9322058178
9730178703
9372127001
8983539295
9673665888
2332324464
2332310655
9119939711
9422613908
7447456686
9096048193
9822524313
9890177867
2332310455
7272039494
9422942252
8698720472
9975630357
8856945900
8369376705
8898798381
9096679678
8655761018
9323290567
8898919905
9867146034
8169323415
7666266161
9076646550
8356952612
8065486145
9820581721
9323789575
9702420702
8433511791
8956778076
9702098685
9639357889
9920806480
8451950705
9172898006
8108156947
7860544045
9508696261
8286036757
9565336849
9821122618
9323505960
9930252512
8928209627
9892756409
9975344786
9967615133
8045949996
7785817404
9699000039
9867990190
9137235313
9699831513
9223287997
9372466984
8233119455
9594929994
9930082897
8482843422
8828029300
8605141485
9096112992
9819599821
9559550957
9322871176
6382849261
8149335280
9372083634
9561895233
7303603039
9004363253
9768046191
9987112606
9137386487
9270731345
8149621379
8446982443
9673739868
9960289564
9768100325
9082046646
9850673535
8806339921
9270106804
9689476438
8767501170
9867067498
9892444655
8888600057
8793775942
8149639983
9960146302
9890094295
8655470157
9766720333
8329515412
9765358584
9923448428
8805687129
8898720990
8446944282
9834845499
8149682825
9136898606
9665446026
7757807342
7558407845
9634380695
8550986395
8955698048
9975059898
9049081755
8421597851
7410072833
9172890424
9860560143
9309179819
8983151022
9922557500
9881332771
9075585468
9970911006
9552047021
8956262651
2172603221
9823237023
9096257381
9960960944
8600480074
9405900107
9665169198
2172373456
9623544632
9822802587
9975262099
9421478741
9881153453
9619938721
9503456147
8983389407
9422460834
8956107689
9890697351
9892398671
9970085429
9823278122
2172325671
7588608796
8055509999
9975212686
8421302138
9158368038
9175583829
8055436967
8180018190
8408060801
8605550909
8669791238
8600488422
9967231518
9623998929
9324492315
9833024667
7505008890
7304538888
8600044079
9768511344
8828716977
8591586874
7387872335
9922552728
8879366476
9421886561
9422276663
8002091415
8484878684
9209529193
9422775750
7588517281
8693870004
9623859276
9222230400
9765160747
7972355865
9370912380
9284219790
7208145812
9920140311
7506224678
8308365084
8080807062
9769701133
7250362729
8450976115
9819991517
8879312729
9920750095
9594848906
7208035513
9167702352
9820853054
9322674851
9867651007
9967921431
9340333035
8879727846
8369966511
9004262369
9324694912
9913713246
8839794800
8999217321
9892548775
9569120885
8433533060
9359109336
7410862341
9323663895
9665643554
7977770167
7798045694
8805176684
9673136775
9326639598
9860952488
7021224645
8208465893
9028127768
9699030094
8788896097
8830565803
9529820453
9158519235
9673665548
9022404530
8446604877
7208700348
7507206581
9960070918
7276897515
8956668681
9322568909
8208197413
9096012144
9307104949
8299247100
9307189873
9730166688
7276230844
9004600970
8002477286
8600119041
8390071650
8291643874
8788509835
8263932229
9011118366
7774807898
7888111761
7058041845
8485045855
9890090914
9096343655
8421991744
7020409277
9970160758
8850906469
7972897192
7506372401
9136899199
9960285333
9637131191
9011202878
9960059937
7757910501
9511949667
7020571638
8450988476
2222692839
8240178283
8796812862
9404070011
8149194210
8669995544
8261828949
9146191912
9579476053
7021302319
8999496660
9373742525
8452954016
9421916456
9823456784
9860980947
9545344535
8007227575
7020409423
9579540927
9595923131
9870621405
9372149577
9921992002
9834778563
9673241256
9145653599
9325717299
9011293700
8830257210
7620575756
7875361616
8669254242
9226970805
7755995305
9325681560
9324633590
7827418988
8329158546
7972017708
7387745054
9529543504
8983939885
8369736902
7303879944
9730421999
7559397102
9967430388
9730282289
7666421665
7559365262
8308922985
7558252489
9552328602
8766072034
9657440022
8108741211
8446346099
9588625446
8805906858
7770019761
7387469204
8446488865
8983039583
9545254242
7021479216
9422074413
7218894573
9850703931
7391017359
8698893783
9765409003
8888651690
7066996476
9673672767
9637944437
8149130140
9273870785
9322374480
9819492402
8828291378
9325706656
9822902201
9096705205
9226124501
8378040192
8668244072
8208398683
8605077177
8657741010
9881453567
9637653735
8108658986
9221802797
8806767474
9922502567
9146200417
8007658880
9881419142
7057163486
9028825777
8788984172
8308899819
9371487145
8698885667
7666664665
9881646253
8999717808
9021255102
9158855833
9970117085
7350571391
9921034892
8698251984
9423886901
8788350292
9922407644
9420118822
7507760400
8046074922
7620722561
9067474360
9561116449
9822032330
9823267333
9673790009
9890526440
2162283191
8390830077
9890661457
9096320031
9987775007
9324634008
9594189126
9004298511
9161368360
8655584438
9336870220
9082503286
9320257681
9870997108
8652080575
8898928901
9819008998
9326464186
8779919513
8828297071
9594868264
7039604698
9594919017
9082914689
8127331783
9870804844
9702110635
8652181189
8976841714
8652305515
9594582623
7304285625
7506372987
9029266023
8080992991
9833529671
7977446760
9326861211
9867819154
9324365071
8356036360
8000068118
9594707231
7400390584
9983653015
9355058219
8879349009
9594489195
9004481760
9019724106
8779511249
8793414001
8291365955
9699100390
8855800137
7400050999
8600769938
8010544771
9820124920
9892233858
9975885646
9146834086
7057715175
9821674316
9823564546
7021722787
9767204678
7559334968
9320893417
7391916522
7875444468
8550998811
7045208474
8888950555
8208363943
9860734478
7066527959
7045075805
8080699681
9665540009
9067530988
7058441042
9168722227
7767821003
7776966600
8600222995
9420158029
9987007496
8080222210
7710065068
9320088453
9022898909
9867978186
9137589931
9699365745
9967912432
8087165651
8975003635
2268863607
8956576901
9137751286
7506252520
2332226746
7058846445
9404128090
9172848777
9009864656
7798320342
7796010100
9423868881
8482992079
8208663846
9822378867
7798364656
9175937398
9284335583
8007123208
7875714718
7774923944
8999774366
9309759243
9371556676
8999989897
9579528358
9637782123
7498981334
8806648867
9657446016
8062208084
9850773706
9766444534
9156579222
9653180152
7700926483
9420595154
9420502574
9222161236
8412945557
8788680323
2332310342
9372108307
8983691999
7083067666
8446061865
9890601428
8097860898
9764476999
9665580350
8459663280
9834611254
9028280932
7775967234
9860897545
9152610822
9702873909
9224292033
9373688907
8080383344
8669153168
9763098329
8108776226
7387290534
7415555535
9860043838
8767090290
7350681382
7796100111
9028195879
7058307460
9082991766
9867798229
7506170718
9067379877
9699499692
8369886741
9987308278
8369425027
8999337598
9323847658
9270599760
8983878239
9930542273
9004009954
9967011513
8830699281
2502337313
9925504007
8010884476
9999291290
8999610455
8830753552
9860315050
7942835843
9970671851
8448832322
9321762166
7798354025
8037404933
9920262527
7040209899
9922264784
7045790998
9881152161
9503852392
7507912346
7028170765
9820133672
8928901606
8690708804
9833697486
7977114616
9833838320
7570848418
6201663614
7666706078
9920090629
7021130471
7405119124
9930826071
8291475313
9920520726
9594284417
9673136613
9850482197
7276119878
7757966619
7447556180
9561433395
6359249957
9315288167
7798468685
9284573639
9011008762
9057366229
9022283239
8446985621
9987225998
8237050621
9082443053
8090403066
7620020985
7558628105
7588354991
7420990440
8087370322
9621216133
9096947826
7860099760
9372008054
8065074302
8071889870
7769933444
8237366372
9022461705
9834577422
9702260761
9371206262
8421027310
7620618981
9850916166
9420899905
9511291902
9834234007
7709799996
7045551523
7972456015
9834979568
7447809226
8668249280
7796570760
8485084888
7798739809
9821211123
9834137094
7276382863
9503092771
7588788670
9730208269
9011314472
7020672314
9970178829
9135116555
7030977552
9860243131
7028687802
9422092540
8048067755
9423923922
9890374654
8624946906
7972629195
8421742412
7767885533
8468961137
7385213203
8788191177
9146828769
7208573748
9767626703
8329762477
7796521650
9112387480
9373206262
9270508352
8600707777
8208330235
9892944915
7666615915
9595113373
9021654407
9029743514
7767081081
7710005781
8208476979
9137599117
9860026259
8080003233
9322323344
7083120648
7774082537
7588718628
9822322013
7798565097
7745001122
7977906847
9930844550
8604509076
9011384469
7875110355
8999946320
2512690271
7700001261
9284362439
7066737444
7900175064
9619425370
7058755338
9665287438
7021854035
8208230987
7977255694
9960931997
7738934858
7756002250
9766889002
9370844446
8007460461
9867457212
9607879803
8433686745
2262154013
8779228496
7030254242
9782501088
9869653210
9372194240
9967696536
8766054052
7498831017
9967456192
8668675676
2502390476
7903344895
9890825533
8652488452
2242869000
7559145920
9990801308
8828264400
9529793302
8263032098
7507626836
9004688791
8459885653
8888235566
9356840887
9820895411
9987063213
8408877045
9623158310
9769851784
9819391538
7045235008
9920662412
9702669828
8286389456
7021838499
8574181485
9820447260
8369436604
8879846499
9819217488
9870551071
7777032052
9892239308
9372578988
9220855479
9004934214
9324582839
8898985709
8850940401
9870290875
8260731670
9284298348
8446841072
7776899903
9136192353
9766202256
9373477444
8329561905
7507323069
8888274998
9970616419
6394550380
9833763204
8796367861
9569940595
8080503610
9021846223
7378639666
9309123368
8521117789
7718957182
7607726471
9935816446
7385810659
9096116198
9518986478
9158207263
9892649944
9226175298
9823221914
9773838130
7507652948
7718929333
8767628221
9323912597
9960543502
9637570304
7303753008
7620211447
9323207224
8071682500
9823330509
9970014274
9130989096
9594729493
9607863435
9890553970
7262846317
9325418807
8446866541
9960357110
9766667242
9699649566
9370186332
7709237346
9922425918
8149121410
9325431205
9595108696
9923735142
9765492424
9503399110
8668700326
9975425212
7875350350
9923030744
8788561922
8484989769
9270227070
9028118834
8485875856
9028969714
7972945269
8411849892
9673427474
9822145211
2413550319
8686862441
9762016484
7720029088
8007777760
9404808326
8055116655
9822288031
9766676378
7385214791
9370983212
9049507923
9403154777
8390234056
9067323228
9657951575
8888895759
7030221545
9850922432
9158212338
9860845052
9270188970
7045900067
8652978371
9258078308
9022826419
9930348655
9870898915
8104023607
9322424414
7719899618
8898175875
9619013250
9356046972
8104931682
7208148537
7710987306
9004019128
9082638950
9320526286
9324451517
8169525595
7304904604
7895637888
9137730758
9768652418
9833976818
9867772346
9029506953
9326332685
7021659218
7977775931
8779721207
8355984861
9892914139
9820026454
8169359605
8652132871
7208433159
9930921105
9594045949
4242557675
8879790878
9920878178
8898200949
7738806601
9167579449
7678024866
9664009909
8591612277
7977669453
7020932459
8485853312
8668897146
7413962777
8468855885
8600090103
9511825925
7040177010
8483805992
8975051228
9765735916
9420494404
9881777947
9890490687
9130496462
9422606080
9673474890
9764406464
7972169979
8623026125
7040381866
9767809976
9823483336
9403166061
9137669266
7558341550
7559330733
9422033010
7507051920
7350687566
7030111155
9423032246
7767864242
8177971359
8421101874
9822799972
9665094044
9175786903
9404233008
7447442501
9595960896
9604077789
7378737007
9356957006
9822503731
9665143813
8956067367
2162281596
9022564293
9822435195
9082263465
8541812412
7588964808
8446658024
8010830792
8446736223
9764455828
9326473530
9607364661
8446633933
8007504567
8421449987
7304971787
9860524040
8421991993
7758047315
9773555524
7888193604
9833545981
8879452171
8422926206
9702770099
9881065630
9029666125
8828126664
7420085888
9833076557
9987862236
9920161001
9561860694
7620225705
8484995512
8104848933
7798030939
9769284669
7972772340
8446116966
9503816225
9923510319
8626026336
8087416030
9325577511
8625833980
9823401462
9359117950
7058970531
9404052953
8055314676
9822261313
9373422236
8484012353
9920757462
9892794007
9082423207
8291240805
7977223317
9270057061
9768934996
9082557453
9769641369
9987585730
7710805874
8928045341
8850051898
9429383225
9892225129
7400253252
8850564504
9867582330
9819168809
9167600693
8779473727
9820359690
7678079559
8369990997
9892091316
8070065126
8898624636
9892095856
7304306717
7021059369
8898444267
9594044555
8976555272
9821436148
7977110323
9004987743
7208119195
9819740545
9222242633
9967151501
8451068527
9819968908
9004123068
9821556476
9756525791
9870028345
9867941820
7218147796
8830099234
9152238213
8983109118
9820967798
9096177089
8793624898
9222004008
9922883344
7208841109
8048007219
9975888286
9323898981
8879001876
9326657092
9766255110
8928801616
7385922836
7977906497
7385584601
9307324014
7507974034
7303321212
7208187405
8530282628
7559423724
8669630068
9158136433
9503999672
7588001115
7208344434
9186005626
9175359693
9146194676
2512620401
9960139290
9420710163
9222892229
7387893405
9860060706
9867699404
9422481711
9987642793
9765054054
9820074728
8617872251
7016459745
9850920666
9022503772
9822020030
9960687242
9130110111
9822622653
9529830211
9021550005
8459002270
8888831356
9921174240
8788906518
8888411616
9890095124
8857869283
9697981054
9665139003
9923399388
9850230455
9730858788
9552891770
7330044005
9823281716
9422736494
8999801262
9922189095
7038865007
9822759296
9146194533
7720993232
9175139459
7218100724
9864812306
9011144920
8956540575
9322781225
9766496054
9890693361
8983192768
8149815815
9822249194
9096126691
9503659617
9604737188
8530073509
8888410708
7720805431
9890906801
7821905451
2412418212
8888075551
7020502145
9657164202
8446447680
7020558848
8002660274
9422796065
7387810659
9322839029
9892458792
7985601477
7758822761
9372857503
8446575852
9022872136
7972951044
8237555323
8983437748
7875949272
7233925287
7350127989
7506252040
7666918253
8830601186
7738095237
9881742590
7057473456
7021291499
9226437414
8879940559
8037837990
9987300963
9730995495
9922973870
7718874625
9823132864
8552973967
9769180046
9920525072
8758001206
9923764601
9695737168
7880631276
9920981752
9730943791
8530010835
9819846701
9112234846
8600067130
8652510133
9172953535
8668273882
8551991166
9423033643
9175733130
9823055260
9767542100
8390414243
9923311550
9049667744
9763583320
7719043996
9881660838
9975401356
9657101255
7083620161
9923394794
7028722230
9049042402
9822302814
7219292208
7410104141
8483823495
9864240250
9404481758
7745014144
9326712300
7020715325
9833375262
9168204912
8623034830
8421412121
8055769921
9766701038
9850520336
9923335012
9595269495
9527271004
9028798880
7767052971
9561930526
9371121035
7822871101
7400023399
7057098111
9130975151
7249502273
7517793693
9823986877
8796355831
9096853849
8369034276
8874357033
8048957484
7385182062
9320787082
9930304047
9970596544
8552957411
7860046275
8600527369
7892039711
8390005920
7307004535
9987115502
8830984197
9833300871
9028287400
7303699491
7666990001
9172234964
8999525755
8104256952
9619744457
7775972974
7499224770
9323037254
7397931976
9284971486
9822299915
7030727999
8087747388
9930211887
8329796241
7770070402
9075945346
8999896425
7068563856
9323232964
9004178175
9665312258
9324076522
9594500871
7972747325
9975672341
9324741994
9545766894
9890096816
8976268696
9220901969
9930626978
7588440700
2412777264
9049317666
9049423391
9225320870
9011372626
2412777596
7769051051
8459656685
2488223037
9890002707
8149305784
9822957269
8956776625
8237701667
8806908595
8390727966
7517087302
9763220372
9356863826
9552736629
7841005637
9011838057
7276400626
9503494682
9423490890
8208356686
9209349931
8788809541
9325483908
8007263743
9960166509
9371270661
9823740732
2572224469
9284838053
8888705424
9405442481
8208687630
9764919930
7709723737
9403232822
8149982048
9021885995
7770033414
8237259844
9545220297
9309316163
7744809977
9892725278
9821990079
8850913695
9987973268
9892742407
9819278250
8088008000
9819199376
8898669135
9029669106
9820769628
8655228711
8693833111
9820076454
9769654630
9820640949
9821186049
9324364987
7038354908
9029348339
8879234239
9768508310
9869664658
9768932250
7977316145
9321565384
8828160728
9619939883
9137973850
8806542294
9137769328
8652131908
8828075141
9326087740
9930181012
7977839322
8369166626
8779577134
9820047798
9870821489
9372800145
9892823965
9867517212
9224320200
8452839622
7666078152
8356939647
8208138758
9763027644
9764489693
7887889096
9970249951
9623645862
7775973317
7741827577
9156783335
8485023441
9970574733
7620828286
9172043189
9881553664
8600918152
9137195477
9359006510
9527271181
2164225500
9673398999
7066447463
8625084668
9823713050
9372222793
7400155711
2164229181
9763975236
7620707082
9359853814
9325814266
9923736459
7387792619
9096820117
9975198146
8600687724
9011163603
9823265353
9284609315
9923754717
9421415943
9823541705
9890071014
8805485895
7350359922
9284333928
8625083490
9860436908
9322914540
9657062052
8976423189
7040090787
8530923202
8108030121
9769758131
9029360160
9930601616
8097542071
7240177312
9867775780
7738784673
9930876833
8983528223
9890210700
9833826475
7373735188
8090074913
9769571825
9870629581
8983461758
8698698611
9820482366
9892076006
9890350034
9209010648
8009342612
7249017100
9960460811
8446328793
7507372961
8879323813
7972648522
8329047513
9764160915
8976684247
9730108042
8530081494
9898553397
9673377133
6390718651
9967723557
7385116646
9096422588
9920099137
8551035176
9029343496
8454871424
9730788177
7385051802
9860414241
9890318281
9320193340
8530005392
9892907602
7083889556
7738810065
9323019870
8655802999
9867104914
9987121112
9224133533
8169192709
9324345846
7400120024
9820639686
8108547771
9892350650
9908835516
9920056587
9503320040
8433772502
8879222860
8898168698
9892308876
8828185268
8655973366
9819379896
8802444478
8369124472
7021010560
9867107978
9920525859
7977934179
9820680857
9819819119
9082179079
9664507183
9967766676
9820490159
9167879510
9967837665
7715873270
7700025389
8652694983
7718888473
9372661070
8655750243
9172002288
9867155400
9619624040
9828244990
9004862670
8788504577
6366437862
7030139555
9881919535
9890797840
8411868028
9822419695
8180868508
9371303915
8010273638
9130001377
8879791988
8554916741
9734511711
7276689011
8857087569
9840765755
9623685696
9834768688
9960933377
9823078726
7875100199
7501988988
8830002899
8484846473
9595953085
9850063399
8421103565
9960914959
9881837277
8830110501
7066996996
8600000069
7272886565
8857094845
9226266262
9890457462
9890986862
9049014138
9029349483
9890903000
7030799968
9511893783
7044727044
9420797468
7020492508
7588029714
9673331414
9226451012
2572236464
8421515368
9975810383
8010938311
2268563241
6353964684
9850200094
9764687123
9764796032
9595877387
9823540097
8484842727
9823046459
8446507680
2572270333
9922213908
8788029136
9011059625
8983843681
9890804049
9209500008
9822066059
9175057505
9595474832
9423913778
7709736115
9325537768
9284945671
8149337768
9422590755
8788925877
9422775702
9960744144
9423772329
9766157746
9172718870
9373831444
9423977200
9673987791
9421545459
9920086600
8888876111
9016621175
2572270050
8007976976
8482976950
8698270016
9479479300
9137986698
9224984131
9096308411
7387522331
2512605011
9967783915
0030006448
9657204656
8975582963
8698985623
7666971986
8208852041
9673533359
7798351934
9834389735
7775980671
9823118675
9022068516
7028024533
9518752306
8097184813
7600069666
9890871889
9834683615
8433906642
9321699422
2246639656
2240159990
9326044066
7499791915
9657381279
8767919047
9930777504
7888222244
9627134567
2512620605
9922503316
9970068207
7767052115
2512620417
8454945874
9987976177
2512625000
7400228320
8046053639
9867080329
1615074443
2512610937
9820496912
8655467727
8308011482
9820111917
7060816470
9559198395
9004326566
9833288284
9987303866
8779215439
9820215134
7506665341
8692067311
9323686918
9821675890
8383068182
9967310812
9820390228
9065923268
9167411714
6393951748
9769974055
9619541402
9129785150
8097758984
9821820061
7524887224
9833427835
9920025516
7021002009
9082873005
7977618255
9320777141
7021687202
8591261746
8655124427
7710831053
8879979540
7039920853
7081640514
9619523811
9930129996
9892140933
8766609918
9321317149
8369909691
8250242625
9594838194
9792294764
9137873627
9137461511
7710044449
9987872339
9890487799
8605213286
7710030800
9892887412
8080445000
9820962053
9773455735
8657270816
9769555179
9819634488
9920942124
9920995181
8652558413
9769348953
9920560260
7295864806
9324679413
9820162165
9819973932
9004987693
9967483037
9917365417
8177834889
8268642021
9167289307
7991870281
9867218796
8976063592
8009141576
9004849214
9892469550
9970966340
8928989587
9833752585
8188881905
7227971633
9773724131
9167703333
9891005512
9667422260
9930999917
9967837722
9769156007
9819042181
7208256055
9223202990
9609150555
9820090665
9923222488
9615161515
2412421255
8554836464
9404700736
9028835835
9145134656
9890533444
9890122853
2412424467
7385223421
9404081423
8067612360
8218099701
9762659465
9890664006
7875382835
9225450450
8600400200
8237658801
9011541854
8308667003
8446723960
9604225588
9371151769
8788335443
9763206009
9822866893
9371051769
9834463450
8007521808
9422228010
7058686100
9890978997
9527585951
9890998283
9272360010
7020692252
9421553943
8788950089
9890218199
7083848590
8767145435
9130000822
9011979282
6262981313
8378079088
8983984999
9028160065
8087932864
7775031209
9588424456
9405730834
9766550033
9422277118
8698505350
8625869147
2572264380
9823399255
8806345442
9689094277
9309893291
9130494754
2562238222
2562299313
9021297653
9226430314
7057793271
9637784142
8087797075
2562276457
9226926292
8329346770
9561670529
8955729801
7058773979
8855022547
9049696594
9011515648
8983803374
9922553567
8484938792
9403117843
7517256100
8446439446
9158465100
9326112254
9372489091
7038982013
2562234173
8788676404
2562275275
8390037724
8087650614
9834181045
9136500660
9619696080
7905893045
9867100105
9821864953
9152188564
9076223881
9987124761
9320560194
9335678058
9662300909
8485829833
9321338821
9969838047
9702612131
7021572822
9594373246
9892501869
8898022801
7208901890
8291625650
8071682281
7400339007
9867428495
9975322286
8071681658
9619767202
8655750633
9372870919
8062689463
7977643544
9768039580
8108418724
9321665717
7718050018
8108104200
7447530191
9833172728
9372025645
9930338844
9967866663
9222045688
9820902729
9833233406
9892865620
9004477549
9920568680
9920673503
9604690692
9004170115
9082536004
9833438708
9833411163
9892223681
9930341718
9819797902
9769803204
9873343460
6263976171
9899442140
9820169092
7208206667
9892424257
9326411356
9930259526
8076793545
9354834496
9636078356
8879049534
8369758517
8928202851
7738113955
9821570692
8082645617
9869333007
9321884359
9820433247
9594028579
8369137142
2226119996
9820853664
9975176345
9004292721
7710934358
9821414055
8047759129
7738740663
9833139900
9821443417
9892908129
9820491775
9821960810
9821021289
9821899879
8779765900
9326030448
9920511634
8888060504
2413581750
9009465757
8149999149
9860707358
8999013530
8855095594
8308882968
9890351213
9850177042
7769989378
8237370003
9822069056
8788744797
7276164466
8600326160
9511677064
8999091348
7020284619
8048034454
9673933377
9960632811
7248969681
9423786483
9657866274
9881313233
2412427253
9975600333
9075156599
7276469008
9403021200
9623962399
8308656162
9604399499
9960700086
9028001311
8446813201
8275452211
9090261515
8806778819
9860541834
7020166052
9405027456
8668304641
2572280830
9822527884
9823118910
9372580940
8956289232
9004586587
8287777377
8149717290
2512682353
9699331839
9323636323
9022980198
2512620542
7770025971
8390823133
8080177738
9869606867
9820319434
7738090470
2512628000
9511939767
2512620138
8879771585
8080782020
8793633524
9850767000
8805615149
2513262473
8448482078
9323942499
7350022000
2512620012
9987526412
2512990528
8830106886
9850796963
8655787878
8010025545
9782075350
2512621779
9767851351
9860084694
7028794764
9175566683
9960966738
9763150150
7821020339
9309950513
9322731889
9320073838
7038478000
8079054378
9766636110
8329606565
9850753111
8898339837
9958407953
9923553235
9967915012
8433673744
8062463320
9987182495
8048055485
7506199713
8390286646
8879250529
9765440707
8793161066
9765857111
9226315552
9823090660
8498861566
9422217279
8037907772
9226438573
9545533461
8879741241
8286263255
9967908921
9222229493
9769001749
9324456661
7021300683
9967739639
8097375097
9867445146
7567548898
8169133617
7977649740
9773682490
9699093818
8070584838
9819489366
8080589035
9324009569
9967749946
9987887332
9172020044
9509738928
9867866044
9833794357
8080007806
9773521135
9819654772
9699823566
7506705108
9545817091
9850941308
9699452254
8830108441
9284103740
9657575657
7410564366
7972239662
8668204023
8087524209
9422281443
8317202010
9764832896
9373240004
8888554777
8767745369
9822143245
9922807514
7875810903
9322546443
9270309250
9309768742
9823171853
9423712966
9423289223
9021507433
9921550226
8698333548
9226889055
9096141444
8007282507
9823153327
9665167152
9422288184
9146433033
7720985136
9960763515
9923388894
9673860200
9730446555
9763837516
9850737127
7020290320
9146822022
6009915076
8668599280
9309970137
7020372339
9822635606
8605241001
8686915786
9630882153
9136065699
9820935173
7738437065
9820407564
9820669011
9372632098
9820324289
9930712459
9860700885
7021195409
9920063156
9821513544
9819867953
8108349680
8340383740
7738016812
9324583811
9956560530
8062463284
9920177710
9820939933
2239652955
9044841555
9819217657
9584747576
9224184503
8898507002
8928653893
9324885590
2240097777
8879977788
9773587618
9819039583
2226770443
9884677786
9820037027
8850159652
9930006170
8080555605
8369941699
9685133838
8779784175
9820275718
9892077653
7977155584
2226734800
9136052050
7387860962
9322697684
2532314470
9372051951
9527515085
9822844332
9422292728
9371030206
9325562488
8767880299
9158468551
8484842880
9545863300
8208302957
7875081805
9421568563
9860615618
9079261634
7588814710
9209250555
7768053226
8055113803
9420113460
2572240378
9579570647
8830000208
9209829100
7020599801
8830788576
9823361689
8459446746
7517321055
8975823026
9028233235
8208285656
8806031066
8055947677
7020534692
8329562791
8275353374
8799871724
8149767637
7387424257
7507365147
7410099766
9423490562
9403269695
8565865555
7588436435
9304644046
7021666256
9833041515
7977054322
8957060489
8169683543
9594518795
9819934260
9653674522
7521013187
8879428779
8976583321
9004856421
8424015082
8097272290
9167575951
9869900991
9987300490
2245771420
9619447939
9819955180
9594220225
7977601053
7977200920
9821351898
9221777053
7977019076
8433728485
7574087516
9869717185
9022149302
9369840591
8828387516
7654516034
9821139766
8454941726
9987732476
8850055983
9322379845
8828144730
9769964194
9594636772
9920268507
8452996707
9833620820
8898916642
9137805378
9867504748
9819613052
9768918759
9822207542
9561882969
9404813848
9421641420
7588351890
7972518721
9699523088
7507677666
8600033472
9284876698
8888813277
9370982117
9822464931
9834619817
9763534464
9420213481
9529044429
9130176709
7219124718
8600783635
9422193192
9730734778
9423254894
7276519619
7028368678
9823645100
7709554587
9158505055
7058304539
7373285678
7588579929
8668611844
9579065562
9372985789
9156696877
2572223208
9823764036
9766626316
8888481955
8007693119
9890043290
9529066374
9673303110
7798924679
9890999788
7620394919
9511669429
9225104055
2572229095
9890174725
9987333931
9324903867
9570252252
7021634682
8655658383
7738771216
7045818655
8655362269
9757395832
9664879600
7400325515
8169328774
2240109174
8779824066
2240165223
2240126611
7021668957
9820888111
9167821216
9167014213
9920173000
8169931454
9820774978
9821901150
9920211112
9819576884
9967112250
9773383382
9769536696
7021424278
9833588251
8828665745
9821018213
9224332239
9372577649
9309779698
9819142052
8108872427
9619079113
9870665657
9819122227
9870676479
9819770434
9892081373
9082076039
8652655180
9757149532
9769216919
9076675351
8369981692
9511610890
9226380633
8007068133
8329730571
9960752618
8766030113
9763535457
8888451186
9823947123
9158120130
9226938260
9175129242
7276834946
7517273734
8600752336
9822942388
9730771869
8329523447
8600433043
8080584266
7030011124
9689748022
7249811391
9028115585
7057276245
7385958895
9822571046
7620524249
9225515679
9923043031
8080760632
9307768316
9822959171
7588746288
9766030909
9823708294
9011148958
9370152075
9011507394
7972168103
9834989036
9172914161
9960688909
9325883190
9420717840
9764055283
9850047131
9307641746
7028236759
9699612130
7738219107
8879091857
9662227617
7506599132
7942762670
9892256828
9372235717
8291085053
9819898221
9044209285
9820780539
8828243699
8451827119
9892411497
8097785031
9820275052
9004364053
7045090868
8828278087
7039065771
9768583779
8369536708
9272141063
9137588603
8554958426
9833802795
9769268446
9579069717
9769297851
8097847547
9372811981
8652101501
9619617343
8108303793
7208845909
9324214729
9920097680
9324320513
9004504068
9324597194
9920889851
8452077809
9987270170
9987490590
8848945552
9892270506
9792115150
8291391293
9569364503
9421533134
7775987775
7588813188
7745060001
2572238959
8605097679
7057202498
9423488174
9309025955
9423185873
2572236259
7480080078
9822289222
9404593355
9561300316
8669084921
8097076058
8888240610
8999597677
8007352313
8485042200
8484003910
8208008784
9049843572
7387671876
9403569347
9823358690
9373557702
9209721940
9403731142
9823207287
9595346374
7620383438
9623010056
9890835184
9270820852
8999284652
9623050035
7020933173
7887650555
7385353449
9767778899
9920204820
9423333058
9834127283
9226969087
7775820815
9764807568
8208002585
9823717172
9930042760
9967287202
7972510391
9920388134
9967930394
9322081677
7900122793
9137962355
9322581773
8369383415
9082401130
9930656738
8080282246
7738801796
9869656931
8879656433
8898889447
9321221516
7265012403
9323241711
9923270539
8779840339
9619110807
8169204474
9321300820
9892808153
7506246033
8976818567
7021078228
9372698339
8369699916
9773548975
8291450607
9833953388
9820063959
9867536075
9152965125
2225919640
9920516313
7718876907
9769076490
9870226161
8369850934
9619520574
9323850585
9892784548
9082607195
8779776342
8591393138
8853082583
7678007476
9820073575
9172661911
9137117410
7525061847
7021055205
8355945078
6387503496
8450984351
9892637156
9594869043
9454090706
9930624529
8104057158
7039937777
8291843831
8879138869
8108894805
9820770579
9833083766
2226731870
7303740472
8779142297
9820743594
9167973322
9820441682
7518616929
9867744341
7309918217
9712349512
9702232942
9702110775
7738149389
9167860369
8429590660
9167692914
9769181451
9967460798
8104241116
9819448859
9137584590
9892272816
9167860368
8045132069
9833593043
7776988465
9137974578
8097700400
9122434142
8275731882
9822281571
9422194258
8668989178
9130204660
9422890009
7767957655
9604017859
9730065759
8855923166
8983028111
9373667869
9967451995
8459939046
8793727113
9623966307
9325406699
9673542272
8999756368
8983469363
9423424104
9130404031
9405521091
9764007040
9284498938
8208081432
8888586600
8530957906
9503312070
9921829585
7216452012
9372672127
9545209554
9545136425
9850502205
9370157780
8856005680
9028128834
8149306181
8668206001
9850334318
9028123251
7020844379
7020114127
8275283004
9420519934
9321454747
9021534234
9372207320
7276105756
9920032424
9922129454
9796676666
8655347152
7709390963
8237808300
7058339933
8071912587
7977028431
9850606299
8087600114
8552920449
2512711564
9975491506
2512561880
8055075000
9371809000
7400493758
9167222220
8080873260
9321961919
7030073647
9860277702
9769020206
7370055700
9699455631
9890337392
7020098939
7620862373
9822757986
9619626811
9699433897
7021988393
8291172393
2512808122
9324958032
5944211031
9768652475
7666994567
8010345130
9890856060
7709505113
2512568855
8888857362
7666282375
8208140021
7021856299
7249837896
7219666119
9356847106
7768063063
7798004885
9823127647
8669222008
7249008822
9881184648
9673231888
9271726694
9823940947
9822894444
8329130131
9336330369
9834258485
7588319544
9823941288
8698108052
9009406945
9922958903
9021839291
8830575019
9881190557
7011945097
9158212259
9822830305
9890466399
9960872333
8065069033
7249051769
9673237370
9168616246
9011513860
9890864791
9595500070
9850831535
9834020262
7666524925
7350622066
9545385666
7057585744
9422790661
8275338452
8484932359
9850075296
9823033847
7887885645
9021429676
8605210044
9604252150
7264803484
9324094733
9987791053
8369946096
9324392247
7021640945
9821915431
8433686841
9773354947
9892204143
9082603313
9930331188
9769766222
9820070593
9867932015
8097627000
9619851963
8433773064
9820782447
2221681500
9819539329
9619078788
8750979800
9987929991
8766995561
9324691879
9820583436
9821440056
9820844560
7977341578
7715959825
9320996605
9821025411
7506737013
9870339942
8960467531
8898898836
8104041929
9820628185
9004519429
9987419393
7977508883
7678035088
9821575352
9152331197
9359838383
8591828080
9594897077
9321597166
9022336001
9767502002
9773912359
9004999783
8130831184
9076101332
9653467094
9152047112
8955058233
9967416173
9819677834
8433874488
9892479728
9867832574
8452048245
7400119894
9136424270
8071681624
9975390465
9819004420
9867812424
8071681229
8369086634
9270127664
9969607176
8657059498
7710906271
8080306363
9991214732
9820403068
9321018533
9136657354
7021391787
8451000181
8104999393
9930556355
9152528484
8657059500
0030005149
9892821963
8898246666
6390152438
8291518579
9026088116
9984627750
9967995204
7045750002
8052723056
9967793456
8874352567
8087808555
7020272239
7507557500
7212678287
9890062120
9021066929
9371669136
9422822488
8208142423
9890967164
9423125329
9096312736
9823666844
7212671456
9422120688
7212520562
7743931660
9370464616
9049210132
8446238782
8459697430
9226718448
9767111122
8830212691
9175966521
7972996155
8793408305
9130636345
7620243034
8983623738
9823087650
7242423101
8983242988
9822116819
9405285943
8446159967
9175993138
7774841019
8485836075
9604040568
9822668762
9890958611
9527579920
9082699659
7410111135
8600451359
7020232954
9082468431
7558488868
8625953349
7710032627
8459208577
8048096235
9420177395
9373306100
9814086511
9226877093
9970663972
8007855095
9422788169
2562229422
8355971165
9730142674
9595963642
9209968143
7719977188
7972047811
9403733447
9222283333
8999171231
9422886667
8108363904
6366437874
8459837860
7745073820
9637101459
9822560442
9730720701
9545232894
9923551258
9011207172
7057445107
7242443383
8080004732
9370310068
9665415690
9822113438
8888783793
8097580827
9603510000
9172614424
8007081819
9112901234
8881055590
8879887778
8421027228
8856097678
9167055332
8591850161
9821061755
9773891569
9172321883
9820505851
9322743017
9833381427
8850769116
9322912179
7977941262
9870014064
9167937999
8104623101
9702666609
8108990023
8692922299
9004305394
8779472165
9821455703
9820401866
8070805959
9619871471
7304039958
9821422662
9967166083
9838912975
8169728335
7710927576
9324411212
9967812456
7977106792
9819631185
9223653651
8655507930
9422093835
9970317453
8421565712
8879428623
9137795538
9224224360
9819500497
9136883092
9867880781
8692065230
9967741614
9867788377
9004400723
7208976459
9967766519
9819877957
9819863455
9920033585
9909980498
9819555151
9004249326
8928804056
8669586696
9324403592
8779402046
7888212021
7039616709
9004167008
2246011112
7738199448
7710821500
7875588899
8451994439
9967400942
8097056795
8767876549
8828850302
8689822171
8976666999
9223360244
8850692939
9819346526
8691920508
9821851098
8850227344
9820333182
9004112240
7977998692
9137414724
9930981141
9769374421
9137955644
9137155956
9004640149
9833512101
9867355982
8451034714
9892394210
7379692490
8369605807
9819191121
9029885614
9920495634
9969759263
7977659867
9209118052
9969362553
9920182449
9819042233
8169409982
9892479121
9819562406
9326869193
9930418499
9819674235
9082017059
9892564224
7700953805
9619808210
9860223661
7045121284
7240039009
9082720271
9404999255
9881036731
9096287016
9423584060
9503333287
9764825082
9356939466
9011302126
8788462398
7378884432
8668596969
9689451354
9975395296
8408049600
9309969108
9146249575
9623002021
8275144769
7721971097
9096871385
9921376037
7773917965
8080286587
7262097693
8857951395
8421146717
7498017676
9021626748
9284851800
9226728174
9403097098
7350374504
8888606760
9921988957
8484841024
9765482266
8411917444
7588001353
7428890305
8010699964
2564222293
9579811055
9422285998
9373436152
7887590999
9667114483
9821544049
9731358382
9823967451
9850288121
8149758381
9142393939
9820286873
9769821729
9325241524
8421732333
9689593133
8623833333
9623049918
9960060211
8055221513
8888535486
9561965678
9822223182
9767139756
9028624118
9284007329
9420123994
9850527775
9766577526
9923868543
8421950606
9637339536
8379991356
7796876355
9372345462
9921608001
8408074988
8149093637
9730883984
8800516226
2512730297
9820744922
8451064077
2512730950
9322831572
2512707525
9699417174
8600659249
9890017019
9146992200
7790003000
6359029495
9987788188
9822530705
8983725334
7262888866
9321820712
8999207440
9323251525
7447555951
2512525550
7378873288
8879895359
7038331488
2512571867
9223232224
2512734940
9730678240
9359676772
7498191207
8888400038
9021973881
8552882429
9096694924
9307105723
9923443390
9325594311
9067850123
9527569605
9130845174
7719906069
7757882169
8888493586
8805564450
9834994660
9325655152
9860615979
7775877552
9579420630
8421035870
7385854546
8010504242
8087433003
7758877153
8983315203
9579113820
8275418855
9730107436
8983622584
9421743966
7387329099
7385383725
8975738087
9890911383
9022914859
9370185095
8888502705
9421955173
7588224447
9823113272
7385828359
7212552289
9370222523
8830627072
9307457319
9823744844
9021088800
9511654013
9960046474
9359777494
8600726600
7066717148
7066917505
9561595676
9922840832
9881330704
7972694015
8355848595
8329406252
8149719938
9890681888
9168728822
9270770600
8485007201
8446585130
7020058974
9850036899
9850985444
9850986766
8805710000
7350758616
7057199033
9028938882
9765244628
8788529223
7038883677
7242429962
9421837877
9422142434
8668284498
8329313121
8044953150
8485868756
7030544081
9370058050
7770077110
7276316047
8668623365
9422924442
7387075115
9422192533
9307137189
7489521883
9420050403
9545755595
9503980981
9372166887
9370369049
9356820220
8830440950
9359117551
7620427763
8279620858
7020118158
9423212008
9834506765
9970843231
9421904476
9011179396
7410135286
9607073332
9822409369
9518321012
7350876565
9850525398
9503035406
8698389797
8208630675
9834700230
9423245700
8600591546
9881679595
9975518009
7030971671
7057143084
9960696552
9922555805
9404685187
7387804888
9890580376
8010765945
9146221023
9689380578
8180877189
7822885497
9975094477
9831020651
8605993899
9607959592
7030761612
7972109889
9834750012
9822513529
7822965916
9765420440
8806310119
9552858888
9730854570
9552330222
7355793432
7738691912
9619677749
9867490890
9892366203
8976195047
7753976563
9324375275
8318156375
9167710808
8898052646
8850670939
8591212780
9004391953
9167989941
1141716139
8866500622
9320971721
9664091186
9137353044
8810696005
7020581039
7666066955
9967212717
9702216388
9152404407
9326294306
8452910174
7021389477
9630809400
9137467901
9518073070
8828437111
9819398936
8655697779
8928310369
9004397810
9967876697
9930033386
9819124194
9920032226
9702115716
9920890741
9920572221
9004928459
9594161707
9137720965
9820996404
8417962692
9867539110
8180081726
9881215711
8087090028
9403403402
9970853422
9421821998
7972891411
8788607752
9422888424
9272353509
8806007471
9403417951
9404671866
9511707255
9284683901
9527780550
9420835032
9860222075
9766692450
8484886114
8698271738
7350831665
7620175236
9730774244
9511842938
9890353225
8788021218
7030709199
7218621984
9309545289
8552042269
8149854235
7758969268
7038608260
8329190104
9763294856
9373154343
9372951606
8007555112
9209766022
9423854140
9579114611
9022120796
9922826700
8888344370
9724788561
9960401845
9766654460
9529096307
9970951844
8898831313
8579938275
9004933234
8005898817
9819628409
8591630537
9892077655
9167888156
9323380686
2261950502
8828477152
9892386043
9224160559
9987409559
8002670555
9920816021
9870800417
9869401697
9833257228
8822422422
7039440911
8779024242
2225624455
9870800393
8828511910
7303050959
9004728903
9967483164
7738991869
9867985227
9892019987
9892262934
7039510554
9820119940
8879268610
8898510880
2225651191
9819104977
9326292421
9326035949
7666764446
2221635611
9987819977
9819636886
9022553637
9765210058
9765259292
9665184123
8208518355
8007123459
8668457691
9822715071
7447779199
9765626735
8275399140
7066697775
8408800567
9766925318
7744055255
9923383798
9850183673
7559361855
9422922616
7798153303
9730096526
9420927590
8806843306
9422932288
9545754837
9420044689
8261980179
8888482616
7709058377
8459819299
9297999191
7887949393
9130010107
9822103331
7709313592
9156565006
9764510230
9975174590
9850292677
8071889873
2112254727
7559363032
2112255227
8830373780
8217790125
7798339797
9595298044
8530249842
9881494754
8055022828
9681889696
9422011418
9545675005
9921431616
8767448661
8390470033
2249451337
2512567670
8788112831
9987764772
9819812717
7875923639
9768965929
9341334540
7718810315
9004539046
9167240368
8369681696
9561034504
9975489000
9222180000
7666577113
9870906583
9371973797
7303133300
8308506871
7696967670
9513384516
9326908010
8080272790
8048007633
8793181141
9987761459
8299258729
9067892700
8087781590
9503676763
8380006662
9321820821
8806650779
9834036854
7499795500
8668973243
8484906515
7977916313
9422734930
7212551334
9561067991
9860353234
9422865474
9604334722
8800013065
7219596555
9870506000
8369764550
7900133099
9820992682
9867396821
9769067915
9136617657
9653147365
8985658903
8097200400
7738479331
9867312856
9987433731
8879481107
7718986894
9967765098
8898567993
7947165785
8329686312
2225681923
2225603569
9322518444
8369838638
8976363665
9702521386
9167785544
7045182171
8828358809
9987148751
7669256560
7021503608
9082118104
8427675675
8788131386
9892270396
9967394194
9967728888
9320402004
8291202337
8976198037
9222244404
8369814936
7030116655
9004534242
9594913914
6389345868
6389345867
7738903824
7400416663
8182838888
7030750500
7030303500
8767587595
8055999700
7083798902
9767939840
2046011745
7588759405
8788017208
9049019574
9890518584
8605594094
9075108216
8080885351
9423165539
9007154555
9767344155
9860507997
7020450251
9130919691
9011488393
9921390567
8669044950
8856005550
7972222856
7420934206
9563611777
9890687585
9096375085
9890917834
9359429842
8263085633
9881437155
9370044628
9763080192
9657421490
8668824142
8668288349
8329736815
9922825615
9764426646
9860155116
9922110290
8378966151
8275553873
7249323631
9028109209
9561470170
9049150310
9022523823
9168618097
8237100249
9552233141
8485880258
9637266663
9823134070
7276388187
9403626146
9552241350
9604144498
9075668468
9096332434
9561610130
9168813456
9420074681
7507905795
8421300000
9021360270
7758816553
9011084000
8069874878
9067568561
8668726987
8888843211
7212565206
7350246653
9970158810
8446656677
9822993657
7212571183
9112056332
9975217616
9579586478
9021315587
8698201056
7875867002
8600708984
9921926955
9503518407
9922527348
7020605746
9112668665
9689331332
8459074746
8668554497
9370335455
9022971112
7969000900
2240097308
9920994488
9820013555
9167333232
2249749984
9834364943
7977349884
9820249407
9820889894
9820926831
9320124484
8779652537
7972713627
8805493052
9579778013
9641771111
9673300682
9922777707
7350508964
8421693542
7822847423
9853562121
9860305161
8600021414
9665921919
9309185700
8007094198
8208817200
8265010298
9767670001
9730591190
9890957389
9763274441
9604019884
9665334219
9326050602
8976911836
9657348181
7517333400
7219307700
9762247193
8788982842
8888985999
9822232985
8698682222
8801676767
7028077171
8035948769
7721035493
8329819865
8208348851
7565905968
9167185585
9920239000
9850035193
9022992288
9881099707
9112463902
8698893301
9892765021
9049891999
8652666457
9604373750
9167245528
9529870019
8806330044
8169698356
9821678048
9328673190
8080895579
9820721881
9821266743
7985945616
9930966387
9892450179
8652440044
9833001099
7399938111
9867246877
9819076233
9920554371
9082202318
8652875786
9892254608
9322050897
2225690367
8071912356
9819310001
9322246349
9322244710
9773888057
9969056479
9137801132
9773705056
8779703343
9220025585
9821165983
9930983050
8080805657
7588121818
8767455202
9022282656
8796680605
8446622585
9028290098
9405353949
8929100751
7373061111
9146144555
9049433433
8087660141
8983337331
9766001517
7972911480
8275726017
9423887090
8668359647
8999945682
9168145082
9921543904
9422137342
9922717137
9511821082
8975331144
7028781447
7972130751
9119576893
8045682665
9371594360
8446526106
9552660110
7776969462
9021037627
9420707207
9823651265
8087960606
9970383914
9370811902
7020395398
9881331553
9359390706
7020451682
7020514095
9404135057
9823355126
9561388164
9422860072
9823020509
9175893455
7030302651
9322176500
9049432000
8888845331
9527033311
7851021405
9834972896
8759182001
8652166361
7039025178
6353633426
7977808166
8082010034
9029668938
9987269396
9326901110
8097578727
8655264454
7249169191
9322277888
9702400398
7977858520
7777003080
9222237977
2235691901
9768512972
2227403200
8001021003
9198203366
9324227802
8369110923
8433900997
8045571276
9892304014
7039146549
9594160055
9004737999
8422996971
9322122555
7977101490
7208044421
7715006666
7677501501
2241483000
9354992217
8452097183
8080809601
7715896615
9137354851
8080808909
9930306600
8459200435
9614962121
8668489941
9767675745
9923734589
9503104141
8830463193
9765421604
7756025810
9767863877
8007542773
9657178111
8796274844
8788315640
9764449412
7378466098
9762889672
8390729219
8805395028
9552344521
8983467507
2114270398
9373155521
9923417869
8446049963
8796246087
9326069974
7776838140
9049649783
8369168232
8308712398
8208325243
9130363524
9011275031
8421410412
7410190019
7756014665
9370490434
7823877377
8010180586
8177812669
9834427920
9588665568
9890807409
8796465529
9762220616
9284712004
9049347009
8983908357
9156036157
7020705148
9765223322
9422125309
9922896593
9422090799
8686333055
8600843778
9765577506
9975771361
8459439935
9970204593
9420005300
9405964596
8668997583
9422183384
9975889786
9689389422
7028272033
9371708181
7218767799
7350505249
9209922364
9923351351
9822493442
9665503476
9822229452
8007194786
9371859090
9373711388
7391986393
8275832374
9422882855
9960088205
7972117033
9422949911
9860066362
9284006247
9922012153
9175863046
7020079980
8265000495
9850418353
8888272166
7350034541
7253260163
9158505091
7058940858
7448029679
9850686895
9923507409
8625003414
8806090099
9922017137
9922550061
9823397483
9850557892
8983627009
9921048148
8329265249
8828456779
9764976878
9890888139
9022967257
9552344800
9673777108
9881198891
9370720941
9607528432
9762389185
9923076350
8669852511
9766785632
9823637862
7385115131
9822539365
9284980966
8605931381
9673990752
8857957987
8999458870
9921112567
8329828450
9730492991
9765776492
8668716480
8600279629
7066616754
7276493989
7066501885
9022048847
8600770747
9699643958
7722005530
9049499243
9673341646
9112057777
9673833686
8788164816
8291934012
9821071107
8424025520
9821119112
9833613172
2225669440
8080127527
9619230738
8290087447
9167181860
9821170942
9869929702
9821170430
2235785675
7506355051
8655193909
8976001164
9892443683
9967989378
9833597999
8286406301
2225902535
8291226595
8097973463
9892527833
9821960892
9870433108
9920287173
9892191241
7666201304
9594726543
8655649277
9323645967
9217308463
9321234739
7738852679
9321897545
8881800645
9004201566
9892171566
9833656430
9819126337
7738427785
9812733717
9892183809
9819656982
9892247962
9892918748
9664200386
9172284743
9096982332
9921304300
9420708784
8975639943
8149233733
7304096168
8329181385
9011930733
9422161587
7058314125
9325373064
7507895549
7030302376
8793253575
8668573091
7972950565
8446077622
8459491072
9881124156
9822237080
9960469929
9156193402
9420709521
8177995529
8446633569
9049106605
8087553748
7775024016
8308118980
7506605501
9665775059
9049449933
7083431795
9156140381
8830835089
7276707259
9850398087
9623987666
8600786879
9767930223
7888250291
9765244367
9922960305
9822492488
9673779884
9420179288
9922511718
8888334374
9604827795
8265083772
9623193269
7709229769
9881559293
9767671067
9673712637
8999824677
9673866836
9021721521
7083188844
9860380785
9422861150
9922080885
9552309703
7972101377
9371672867
9823390397
9604170222
9422960214
8551820466
9922404451
9922890177
9011281305
8380873747
9545376522
9527511513
9168999491
9822725186
9112750588
9665959779
8668492175
8087085408
9623646113
7719998222
7838579590
7447735364
9850154855
9403085901
9730473513
9823190282
9552088658
9822932737
7387454969
8888523639
8983234093
9175557887
7038295754
9921121259
8329220827
9922784227
9881204125
9921286415
9422160090
9112222522
9270706100
7000024011
8177955295
8983968839
7020071703
9822566447
9373724489
9822235942
9763885878
8380863496
7035414444
8788207263
9921531877
9096750450
8830973349
9921038204
9819215281
8788060232
7385332520
9021776883
9552952652
9822801567
7030834783
9552601151
7709025734
9822716201
9921028821
9420012438
9371799977
9325436500
7057371954
9370777269
7840980133
9423435297
8975562152
9422869699
8329532009
9552588134
8788113065
9021414042
8329271860
8308607775
9822366702
9420047126
8830079714
7507075079
7045803941
7382118271
9324563322
9167410721
9653445903
8169286540
7398156878
9987333857
9767276555
7875695426
7058593113
9075105566
7744936858
9657263366
9822622335
9011523600
9922139901
9767197886
7219646301
9822137782
9657649292
9527827744
8378068068
9623016586
9834197619
9423042546
9763196197
7875303993
9699811427
9890827306
8007664142
8007207222
8275691382
9370161208
9764787575
9822313438
7756008283
9421790064
9890684584
9172969974
9075206441
7276727274
9011556262
9850007805
9422311988
9975493462
9175168141
8071683397
9960935005
9423137531
8652690009
8828890990
7208991148
7021323926
7666739509
2642240315
9773444413
8976695898
9029605605
9619361076
9869235093
9870963474
9594292930
9820759348
9920330424
9164050504
8369252338
8898650659
7030648231
7208070500
8355933544
7039605836
9821885190
8929452432
7977765564
7021399459
9769727874
9967399759
8422966789
9930999055
8657567747
9321800533
9773519052
6370503553
8080087859
8108113355
2227895600
9072290700
8511117284
9702596540
2232257099
9873977672
8369897465
8097183304
8976505253
9819490929
8879747147
7039399977
9823021671
9921615188
9322381895
8857841976
9823279985
8380000636
8888020499
9021185096
9922217137
9822917208
8652098448
9307932133
9923742020
9970751370
9313450735
2114270861
9823775131
9764915423
8806529790
7887880991
8007441723
8605613933
7249538852
8626088542
9527393802
9730016261
8805374821
7038493399
9322436960
7385123230
9021064059
9370722904
7262027004
7756904852
8928637912
8788814252
9823165378
8805875705
9823641495
8007659934
9923136786
8766536133
8551959108
8669685676
8421619137
9922719117
9226220103
9096954483
9552535061
8062365334
9850293737
9823415500
9405944844
8275758208
8483821681
9730129292
9284085850
8308281116
8459218070
8983202206
9049657363
8805899090
8857854105
9623141213
8380045110
8421499056
9766071666
8149300307
9881218827
8412063004
9545321008
9421621299
9325812555
9762199555
7875943131
8380848201
7507507522
9970425824
9112946307
9309195636
9850431100
9890998285
9922556065
9770747074
9881790006
2112224312
8442888444
9763700495
7387588938
9028240728
9834422719
9112359941
9881450555
8446490009
9011464199
8975821510
8888777197
9420914945
9921545220
9860507887
9420369191
9822231224
9766917019
9763717418
9822726282
9403477555
9860013017
9403370762
9172696952
9370810911
8856805424
7350588150
7888119365
7972953959
9284739745
8788173382
8087997907
9767308336
9423433694
8766447817
8830928865
7058076598
8805912063
9850125238
7020864870
9175297987
9673801820
9309004841
8856080408
9403048499
9820566446
9175027275
8999484093
9423664160
9922587868
8999055864
9309178614
9834126965
9850303095
9730078855
8483952062
9404237529
9373610860
7972503322
9403013759
9371115115
8275105189
9503439995
9823502388
9527373699
9518702583
7020522763
7666221390
9325960961
9130873916
9022526890
7719938764
9545894212
7385888652
9168533976
9146083698
9696474645
9372911189
9028150490
9975637190
7517536372
9850326238
8600099222
8411071369
9326596055
8071889629
9359604701
7020678478
9766772671
8983284826
8956903748
8459460191
7020528828
7798544476
9096846462
9226774277
8055156090
7020625882
7038240520
9850309037
9822921673
9975268052
9637867120
7709574761
9834502710
7152231244
9579640050
8550941788
8626048673
8208286141
9689890296
7276119875
7597477790
7276772464
7744088216
2192273354
9552671754
9271563679
9158590241
9326388325
9860746288
9049498729
9029748777
8087558373
9923065007
7776858169
9987465094
9665372189
9637211296
8149312016
8879511429
8108105761
9921947820
8796788720
9867775455
8983091787
8237406984
9423756432
9136641668
7263864175
7775822405
7040356399
9768490333
9834093644
8237492158
8805044454
7507135461
8149338888
9823708740
7738342820
9822597488
9664879847
9372071202
8097539045
9355409718
9619232212
9881408230
8669689909
9284248476
8446105748
9511757088
8071889960
8928387183
9525295618
8591105242
8591608060
9004811786
9869302417
9930072240
8976523559
8591090661
9828302191
9867080926
8001023434
9689583021
8092712069
7775852000
8925987107
9819767401
8882330330
9167273417
9324360991
9870667195
8046078481
8369087563
9967090686
9004502879
9930417194
9820469663
8048971681
8080809588
7039694611
9960671421
9699165536
8369091817
8046801978
9821040637
8818828837
9022667722
9322151716
8850746722
9809009098
9970976550
2227572140
8826966172
8447733259
8104779747
8692037337
8008891100
9119417117
9762061490
7709500863
7040215216
9765596940
9112836737
8600908796
8805012009
9823102803
9604612204
9881162704
9637192705
7385575361
9975950449
8796066824
9324600156
9762145819
8108484132
9673536204
8698964875
9822306030
9112379584
9823943035
8830182893
8380086168
9730170055
8983748507
8010434453
9320093005
9145109858
9881146355
9762275171
9823178091
2114270700
8805109155
9762514917
9657720660
9372535252
9890444456
8983492638
8087683109
9923667864
9823025795
9673880417
9975399171
8983370102
8071681478
9850071139
8448758541
8329948854
9822228721
9049145237
7666757274
7038886593
9890049277
9834239934
9921288402
9689042909
8855885500
9226634001
8800897819
7666254983
9763009156
9921382289
9834917882
9834394966
9762785028
7387733113
9422938749
7058222878
9423337705
8806063118
7841894107
8369481285
8999179341
9762172372
9518738849
8208437200
9923171767
7387738437
9422944084
7741007941
7020435899
8055001598
8208121371
9604092327
9422942626
9850442881
9922165083
9422881707
9595556161
9423446264
9420147249
7517759432
9730973988
9834584538
9359343222
9834195036
9022296145
9326187494
9423399961
9764194545
8390351213
9860034852
8888654507
7499223485
9763197685
7887479445
7588889282
7172251421
9923815650
9579555431
8983762470
9960626105
8888626409
8793228869
8329583905
8806021694
7720000421
9881450403
9850379503
7172276652
9960667887
7020264850
7887484484
9665589782
9822551473
9922316508
9422139774
8551938323
9325926559
9860726601
8459537852
9637318960
9421945763
9822729117
9823622053
9370730999
8459663933
9175302302
9960126565
9370350101
9850256520
9822562757
8446907721
9226685992
8454042949
7841841061
8805062067
9399249801
9226471566
7741068282
8055508974
9156625058
8983222836
9049410975
7066554459
8983766429
9657157333
8007282264
9767755566
9130451493
7219539089
9850914190
9892713987
9637336257
9834859803
8956607122
8828087632
8169502703
8087106042
8600716168
8286666996
7703067736
9822675143
8779692332
9112492111
2250022224
7506037685
9168245680
7757875009
7007021954
8766619144
8080643130
9820313000
9423378026
7276151470
9325633306
9822665685
9819764977
8805690236
8850908101
7066005657
9765325911
9049181836
9119418603
7447744780
9689988998
7770068786
9823353534
9545084887
9309048499
8307507113
9890671156
9311587746
9724622400
7559160509
8657777891
8530435090
9503176301
8291908763
8329229595
9021437575
9130525959
8291525619
9890114535
9518993300
9767795042
9623961423
9322298117
9822054489
7249000753
8999840686
7875716671
7448133777
7498698300
9158662903
9323556464
9823070263
8062904776
8530251422
9850490058
9890150031
8459488147
7620614459
8411904142
9881423558
8830358286
9721666555
7900117893
7020979951
9850211989
9922998095
8390696046
9823123488
9967435555
9527647447
8999588548
7040987686
9890296804
7738706121
7767800808
9860098162
9028242376
7588265114
8087685647
8108101152
8169296622
8433752881
7700978467
9867141988
9969207572
9022044025
8104363070
9967636776
9324808675
8850561752
8108103943
7710932406
9967060678
9137663652
8591919083
9029044486
9773617217
9819598227
8097969199
7506334907
7506025490
9702084080
7208121522
9324376457
9820518125
8779563147
8896999939
2227455161
9594555531
2227480111
8652528231
9322040870
9323110685
9819708165
8976561696
9322861749
2227450555
8422033436
9152429792
9967002555
8104646887
9221410555
8657501999
9820250935
5672297666
9429691917
8308232247
9730816712
9579449838
8065487095
9921118600
9689346396
9322190439
9860243424
9960999552
9172406441
7410737404
9075242974
7066705046
8767166490
9822406795
9822700926
9011758048
9421584970
9175303413
8007447638
8530958040
9011192670
6366437896
9422472533
9850979529
9822083873
9850381268
9588628123
9764477789
9860221843
7620515052
9923724992
9545023535
8208146749
8805928438
7709204476
9766226207
9158208886
9850447281
7620448693
9657729108
9307105012
8625827982
8657005944
9767881251
9890094329
7744947767
9561428404
9167008451
8329226495
7823027434
8856020655
7888023555
8806511921
9960163643
9860528035
8626015688
8605860079
9420304029
8830101339
9890125029
8766827463
9767094859
8668704681
7720061226
8793835363
8421494025
9405155225
9767100043
8888640774
9226120021
7498826594
9766190612
9822203580
9373263319
9420751739
8767416925
9403446807
9168745141
8668758838
9657197520
9511829012
8087801456
8286146223
9579652304
8975404445
8888340835
8308077065
8007024381
9970564997
9271649479
7796082788
9920060062
7021691443
7972970451
9270544486
7030421436
9637533319
9270343492
8446407167
9049970681
9960194600
7741944040
9527265959
9767424422
8433944656
8928292810
9762778006
8605119119
9403337000
9637367002
7021781143
9769109088
9082836912
9209960996
9004251602
7588281235
9975444709
9226850193
8928565452
9820346535
9867113344
8550935353
9272413020
8805944561
9113593392
8983592825
9820111353
9850138227
8828835208
7385444000
8452980286
9763097253
9421737719
8888106414
9970064506
8010294236
9595476130
9423060973
7350800550
9657917189
9422658726
7588862929
9860925570
9324340400
8275786699
9529039627
9890933093
7843093378
9552837994
7038874085
9527374740
8805946400
7219076251
9145262613
9823646405
8552841170
9527157517
9372333633
9112262427
7977106018
9766223321
9423674849
9158250550
7875323569
9595258736
9527964420
8087755493
8329333814
9579991035
9021595948
9822469139
9511262238
9325848194
7769942312
8806122270
9503409749
7769819008
8149559500
7588492449
7066961915
7823851917
9833263714
9623646564
9594043664
9821971748
9820068181
9664266579
9314249342
9112849615
9359960417
9619006103
8766782128
9503727051
9422925136
7385414408
7038297500
9422938648
9422181315
7410564741
8625903667
9920428157
9822770727
9518302421
8698266915
9503311641
9834246881
8180857413
9511422999
9689166714
9552391521
9860280379
9890309530
9822366207
9226338716
7020031802
9096671114
9545657097
9049466101
9767556156
9158905579
7773934041
7872229286
9975512464
9665045452
9960931183
9503889061
7276078721
9850791786
9028610781
9689199756
9975954993
9137279728
9321750216
8308434676
8689852271
9930946592
9820692935
9867842502
9869485799
8828644746
9324106290
9773626986
9920900817
8879159206
8657875606
8070403081
9324572581
9573988677
8976684258
2271512150
9004614407
8045134985
9967706484
8898988530
9820965181
9167666185
8425050976
9860481137
9321133587
7208930715
8070876543
9768773507
8806028495
9764281201
9309768561
9356583074
9172350760
9455190909
7769960066
7905846134
9892195068
8422880736
8485066607
8424024098
8087962613
9503344615
9029221205
7208301941
8626072002
9004567894
8279285558
9817004416
9665253403
9850809994
9766646237
9421000225
8605777111
9527070284
9022514151
9270150101
9768976888
9321010385
9870558559
9764388954
7391855561
9881735535
9325885629
8888349777
9028186060
9284158754
8619133746
9923903777
6202178725
8652224000
8999346620
9823109716
8983727648
8062416287
7448008965
9158112038
8071683398
7420948033
8071682799
9867571552
7758003717
8071682271
8983830089
9960469248
9156674785
9595660067
7668586977
9168185000
9325694079
9503366822
9075070424
9021137927
9766817903
9579210497
9860276238
7774061605
7709694981
9890640527
8208865724
7249845584
9977482735
8999352545
8446242625
7499688400
8390909132
9970882101
8208816769
8208927242
9158078755
9158021677
9561639143
7709968124
8698228033
7355435145
9657768466
9595837307
8793473814
8856076505
8793563955
9168381781
9421152211
9970074236
9822360985
9766698067
9890929939
9075044844
8308226465
8379858187
9881815056
9767794957
9730228379
8087385867
9561792684
9588481407
8087883326
9623572881
9096835927
7709887794
9850241132
8625901752
7972335292
9665202177
7498585412
9175675917
8384833645
9860107986
8237156477
6269262626
9373779055
9260107986
9765245291
8888082343
8087174543
8879731568
9967893592
9867714165
9768222584
8693823913
7276889918
9762398049
9029090158
9272636964
9260383638
9890477213
9766366125
9823306315
9579059005
8655567775
9405271821
9764926100
8149415745
9769997896
9225391856
8010348019
9209862164
9372337433
9967315161
9112451006
7558421728
9004767927
8422014356
9503922601
9604514942
9168552472
7219225262
8069578269
9270882850
8928996469
7972278890
8554845241
7483025619
8855829879
8378882266
9702373280
7030018889
8097021562
8756634252
9637850497
8237424768
9156106978
9028793459
9324753025
9960770088
7972448150
8855839879
8149588117
9518901902
8828680270
7303999365
9892767127
8530611334
7030576118
8446530415
9699444774
8424879679
8007491179
7507843914
7058558339
8080079501
8788223832
8689940896
7770012260
9096055543
7219304123
8767484648
9324554823
8070927777
9429869999
9371567655
7798065696
7447513985
9823393897
9823793146
7972077544
8788084372
9359865701
8408992434
9226883352
9373726045
9028632259
8208837827
9371734674
7304444430
8668812911
9834873861
8698808303
7768064086
9168195269
9307427739
7770081400
9536379666
7972172765
9021086851
9270066880
8055434765
9404955441
9423413817
8055522000
9423415184
7030995738
9689860950
9881858616
9373613013
9922076963
9028001878
9764045928
9920401183
9833866785
7030335255
7039666636
9028977546
9702234441
9860952333
9270058181
8007111421
8401818578
9119451115
8999914778
9967887659
7741002664
9371221603
8329392352
8275557913
9822948781
8149359740
9175608001
9823265512
8624003797
9850303540
9518346295
8999106904
9823344900
9518770842
9028230901
8855865118
9422655908
9823347993
7841005479
7709673731
7875514728
9588698095
7020860877
9403617378
9860931128
9763536236
9766248567
9960989193
9970837736
8149936117
9657730069
8554999786
8007436301
7709641037
7507423143
8855980040
7972889954
9145317665
7020849620
7262034341
8793104146
7774999673
9960856114
7558242319
9421291647
8485856253
8007553533
9422170570
7498655952
7822972349
8855073617
9657919709
7387186966
9975828857
9579037764
9226997768
9011740925
9881189320
9890544563
9765780926
9819650048
9405539941
7385075096
7387028775
7741884150
9420208716
9665145051
7152242323
9325259584
9270029049
8763676500
9373994782
7152247360
9960799299
9975757555
7507207255
7620383239
9822230982
8815653007
9767773788
7709673442
8007068688
8999491669
9284451660
9834792535
9834870743
7020440867
9422180704
9665104398
9370220183
8830272699
9657772025
9623209919
8800976043
8975512568
9325897965
8087498396
9284357462
8010963640
9353180897
9970730484
8149177143
9028618032
9359174831
8550976679
9890989891
9579196323
8308135553
8149214876
7506570809
9373168652
9673276555
6425020466
9860655127
9923442344
8446201575
9764513355
9554989193
9028182853
9881737869
9004438425
7021222589
9920126526
8062916862
9595851611
8237988165
7798783851
9657004088
9325939297
9595803252
9821449085
9762293255
9970699111
9822208466
9136641649
9225110085
9325604525
9325367385
9810022969
7875754344
8087799869
9867933224
7385239298
9881676520
9545671360
8551036245
9049089894
9372215138
8975124246
9325677720
7300111904
9850139294
7039319392
7397809543
9767741889
9028814717
9422094668
9156927331
6746647354
9028444678
8149633296
9850407767
9028663588
9702065157
9209993962
8983767973
9930187591
8888478710
8692862144
7066091063
8563998563
7030483560
9028783143
7304502008
9527788799
8983363909
7219325980
7276284348
9453394533
9168488111
9326793404
9529100717
9890552058
9665719202
9209304678
8007825111
9226435625
8239588098
9404585850
7350057381
9970291616
7021128823
9168777234
8796146415
9270085548
7498178140
9764847892
9699938471
7276708583
9822842642
7279997111
9975127860
9403000234
9011945814
9529432171
9665577106
7020761373
9689203030
9490809080
9028527554
7620624206
7020986388
8007000751
7385475831
9011188840
9175581667
9422185088
9890141213
9422861115
7448193876
9860947657
9493549688
7709990250
9156319081
8459953186
9422185426
9970775688
9890428632
9604502060
9075588880
9822378958
8087264932
9923695756
9881649881
8788200671
9309385030
8605431313
8087903971
9011033625
9890423913
8237245673
7387391627
9158844170
9156209951
8055857856
7743969694
8055732461
7066470905
8208910794
9423666787
8856022651
9370321096
9156930056
9657547865
9822465339
9175812587
8806891445
9021065531
9730030063
9373746444
9422858372
9158832103
9422441676
8976834831
9434776199
9090070023
8007288888
8408845521
9112391529
7038109947
7559309536
9763760145
9921627628
9022838796
9890030623
8624088668
9765866738
9422443727
8149006734
9175970400
9422907667
8208474612
9518306484
7775835994
9881345794
8698184240
9420422126
8788828123
8149920168
9834112631
9112294764
9766922992
9284896169
9763105820
8999423119
8766984910
9623380260
8068301602
8459510732
8007266463
9987042794
8087914555
8446003707
9321192465
9967678602
8806888002
9619492408
8655128244
9870247525
9158560985
9860786643
9004536263
9307047159
7058888987
9833211443
9221258731
8554860161
2506055011
8446349153
9762354336
7030978644
7977711493
8691000404
4152555955
7021375233
9699639875
9644679096
7558452747
7057766762
9209723097
9453810009
7249694418
9350399053
8182006699
9004068462
7757909022
8097657457
7499139848
8356868730
9372330282
9175100166
7387630121
8087078160
9545097341
9511793454
8108234077
8866338348
7276787924
9372135835
7769992569
9765050071
7507495723
9130108551
7798177576
9226767657
8828034080
7756881166
8605025400
9284338581
7378383831
7666046796
9325310166
9209962165
8975733975
9823485050
9028789015
8983160729
7977774907
8446124524
7264834833
9373464431
8390228506
7972728373
8698441646
9822031032
7387896640
8805515702
7798658677
9167244525
9272720721
7066711029
9594440402
7276525128
7798890000
9146352063
7071121111
7020149018
8087823800
8888374990
9011037497
7350889939
9271679860
8421023300
8888842230
9371191038
8080113452
9766233270
9822514509
9011491230
8380031415
8999855501
7387265430
8071265626
7208975445
7709707279
9881342753
9766747401
9967791395
9595223872
9414335934
8080671515
9028657747
8237626956
9503002612
2143252436
8552878340
9075451525
9767720695
9890489762
9834529313
9552955444
2048556262
9850654331
8788484269
9673711056
9096959515
7620666546
9923368483
9309514379
9403321888
8698226688
7558680616
8857004566
9326617788
8055322445
8806475060
9822417843
8888899730
9422175053
9284118049
9273639192
8446504675
7447886076
7020601791
9422493475
8660084170
9850698889
9324287527
9022554789
9326299929
8045950035
2143252464
2143253231
9028539886
8037908142
7977513383
8369249741
9029648179
9322680834
9833123600
9371036310
7770023701
9970241147
9420479363
9309209906
7410724623
7249825260
9423620299
9975588987
9096889266
9226977267
8329248947
9423422165
9819313122
9653225159
8879299087
9545479574
8600588561
9689888383
9420174734
9421818105
8600689927
9422154421
9067711438
9422154745
9309241336
9371734678
9423621036
8007354941
9970534729
9404533749
9921062187
9420510239
8779849621
9820190897
9653168195
8080688889
9665188012
8181888123
8830413409
7028180426
8898410679
8169408305
7769960033
8806159834
7506089412
8149688118
8999139576
7709997287
7757852611
9224131554
7021350179
9730344665
9146777384
9673439102
8830557464
8208430327
8855818851
9768798186
9819564481
8756980322
9665668011
9890586011
8087507773
8318191863
7558677720
9405450581
9175675579
7875454777
9421253770
9850083749
9921073963
9552550123
8237238331
8793808349
9422371034
9049245454
8071499653
9226728560
8879523834
9607019959
8483857833
7083989381
7507595487
8169187100
9226730948
9270318550
9764070907
9067916124
8149994596
9082141102
7304476546
9421265172
8180985566
9689637537
9022474976
8010449690
8108344287
7517523400
9552566398
9767514949
9870790112
7218107555
7977663451
8408871790
9049848207
9890092050
9922269210
9168500150
9823070058
8600600609
9860525396
9673309063
8087875624
7218178023
9011307854
9763125233
9623123918
9096123548
9545498004
9158888821
2462226079
8806367308
8668650349
8956005441
9527526609
7798559044
8062703153
9049565551
9827226115
8308412121
9326862332
9823355877
9325051769
9067725952
9522952293
9028796896
9130173197
9226027372
9660361055
9922496222
9922111294
8668215525
9307657445
7498876157
8014666222
9834827710
8956177716
9579521007
8007139860
9841240240
9766818778
8793463943
8788800400
9823344558
9284034221
9404690021
9860437749
9284871075
9604660178
7132232223
9405188077
9921833209
9403815897
8007151050
9423621418
7972661718
7744016618
9422828242
9404829352
9359731485
9673916351
8149494824
9596869827
9145481323
7507159680
9359533864
8208217608
9172919698
9673383561
8830723793
9673612233
7020867827
9561889729
9325872567
7038924314
8208290988
9923203000
9226890964
9765585931
8928860245
8999394289
8077946706
9421886400
7719977499
9422831323
9834859139
8080521515
7588770330
7249422289
9823121087
9158095970
7385055487
8793240141
8421322582
9137117275
9967906121
9271647836
9860680718
7021700293
8850877256
9405190507
7756968120
9881923957
8108199852
7823000219
9136652150
8879078322
9828973009
8600330322
9920953263
7387212022
7744033047
9922757483
9422690854
8983935332
9224293911
7798055599
7021399254
7040632551
9372210014
9403201675
8180002709
8983729334
8208605927
8421898042
8390735997
8975157876
2141223148
9881682357
9822603856
9823882173
8983096503
8976711929
8689944966
7507700115
9920307534
9922716602
9372211834
9619731371
9833005300
9561162248
9422494565
7066066632
8007994905
7774989972
9970393993
7028997732
9527711002
9226137371
7083198105
7066995546
8010511164
9049666784
9767351270
8237383424
9158736759
9422015151
7414982900
9860911994
9511761680
7020006843
8888255877
9975369999
7709417377
8007888788
8390694545
7972788026
2382357490
7057270735
9822925725
9881435166
9970871643
9545543040
9975813249
8055158000
8857050669
9834203474
9960245719
9595132608
7350387333
9156509191
9730924901
8071889628
7770005565
8956677614
7823808016
9175206757
9975175899
9860031066
9712953231
9172290055
9730158481
9637277449
9850098567
9822010042
9689752037
9881465921
9822814313
7304926110
9323529293
9762772124
9421060888
8554045693
9665369815
2363271350
8104456389
9420931580
9405218661
9404747575
9922510016
9404444186
9168324994
9421149006
7385499930
8421932366
7030418729
8412875304
9922996769
7517676732
9423344567
8412898335
7066755656
9158475932
9423588547
8806464775
9822971391
9422054911
9764060589
7796705647
9146250834
9423832309
8379980352
7507885586
8698026026
9923649723
8169798674
9322068102
7558459949
8329696185
9320591109
9076310492
9762406926
9028075457
9820234033
9820254611
7400487653
8080724433
9890280460
7620725157
7904981662
9819503090
7219294235
9594884351
9011686939
9321527113
9320234560
9967399864
7498799226
9373402845
9619161878
2506630200
9833933303
8446591757
9322490805
9529401437
8793168808
8806080091
9619189618
7972831303
7756822027
9222220996
9769694787
8983692788
8048955052
9152304001
9892619691
8976789830
8793412028
9881110961
9822101337
9322385292
9511630351
7498409905
7620765998
9096577767
9579322151
7447661748
9850136362
9923030641
9168134215
9370133765
7030158002
9923855888
9271535266
9822395271
9823238983
2382240355
9429502003
9834611812
7276379772
9284334828
9970997199
8177818162
9423646666
9326079950
9960416637
9049046069
8857894113
7588634637
8329842921
8698766837
8208351809
9049111494
9922865453
8669692755
9673594234
8805384008
8275462151
9096039096
8806291929
9970634049
9422177559
8830345514
8080649656
7620282065
7378629679
9421555568
8600625627
7720007899
9890279427
9130727970
9421388592
9890091612
9421866770
8779259688
7030817920
9272952543
8762775555
7447406705
8062416331
7276761666
9370580519
7299881818
9881733905
9138004800
2141295122
7058546256
9921551148
8422997014
8208767653
9834813051
7507292285
7498695278
8421395646
9657777666
9511837876
9881950007
8087437022
9930241777
8805911757
9322167278
9028179615
9838040412
9823271792
9552040469
8055880033
8208140619
9372210447
9158603859
7385967059
8669217595
9657260535
7741079016
9921074102
8007699387
9822250250
8446782644
8625061078
9049304120
9028103449
9923037993
9892541599
9960535514
9850750826
8329521420
9637896436
7887306239
9420872950
7385487005
8421527480
8390179007
9421345529
8329142809
7219623443
9767584695
9423855487
9423300773
9579591874
9422436148
9372595686
2363271955
9970548796
8432253535
9096781176
7219435504
9423833838
8799978651
9890751140
9130939230
7774906718
9869952470
8788574720
8554036414
9518594652
2363274151
9420591763
8888005424
9422381491
7498488318
8550927204
8855874215
9422055122
9405099961
9421191201
7977352548
9137147080
9561565365
9403365151
8669845825
9607281999
8262825276
9011868863
9823530090
9420906809
9307610229
9823110870
9325483124
8655364950
8275957400
9970905070
8275566991
9372165978
9021847586
9920188082
9158675007
9960086068
7182252623
9552095405
9823037072
9371221605
7020795007
8329596225
9503433551
9130987211
9977100870
8793680943
9326558670
8668358984
7666871306
8459683430
8600366684
7499429237
9823290415
8552000601
9921188166
6370950820
7744925986
8806876191
9423176206
9823778614
8788584582
8698867424
7798153445
7350956365
8669116944
8983690191
8625055707
9922250454
8887993574
8788447573
9923597945
9158719891
9021179106
9168245509
9900080007
9049827871
9819749097
8855099236
7774020786
8390921552
9920065028
9717357014
9422436090
8788379751
7709900822
9421489204
9325535979
9028965722
9422178608
8928727575
7666908401
9075966280
8408897624
7447290373
9422132872
9373916092
7020652294
9834919882
9960443323
9404213773
8483831198
9518556885
9699482169
7000058477
7030605734
9834220922
8087874078
9404932893
7887682146
7887659622
8007019280
9373642003
8605932278
9960672766
9422086060
8806071642
8830033959
7757842805
9422633329
8668775346
9206936666
8879579779
7875382828
8208832198
9673966555
7400308111
7385945057
9137968663
9637720097
9223344206
8149751385
9730333999
7021661048
9987193033
7666704188
9822684915
8686006004
8002669797
8147021470
7020384364
9225400136
2506635100
7977460667
8468971566
9503273330
9769372726
9987320764
9325371020
7942550287
9820525351
9890778997
8411952084
9821042408
2502338234
7506638101
7666801188
7770058745
8046044811
9552597468
8446900939
9004534569
2226716682
9967755779
7021427382
8045166834
9867716214
7021382816
9561635544
9987295729
9518791432
8976769417
8605678157
7276025812
9637805642
8888782613
9881098662
9920552110
9890270303
9890496852
8424021091
7275032544
9930521136
8097119996
9137625982
9833608955
8976184891
9503122207
9324278325
9167776161
9967119932
8108668668
9768092795
9867747504
7977006242
8169697189
7208277390
9321242085
9920320369
9821576600
9892566506
8104450740
9004103210
8080856684
7303899526
7977038084
8767184153
8779506509
9819409606
7304658682
8097098134
9773268810
9820197205
9699160034
9136914963
8976149063
7777040545
9870371100
9920850065
7021741710
9004657216
8668394397
9657293116
7447856469
9890988594
9175965140
9096961757
9422131443
9404311101
9096366962
9422816495
9665905958
9422133319
9595959459
9623244394
9067901215
9923614367
7020898175
8007725795
9326749345
9075115732
9423673977
9860669102
9545541362
9028459331
8087234254
9970099623
9011902658
9823822208
8329788581
7798026477
8308774129
9923268962
9414151111
8551095673
8329564479
7720872925
9403399460
8830112757
8830852123
8698818288
8275833778
9764477088
9970908184
8728004430
8308772940
8483970019
8888172790
8047096376
7620787664
9527903509
9822123102
8262066752
9552255795
9422055050
8275804317
9423291384
9158155510
7522905468
7875875754
8071681236
8554096961
2363274882
7666388654
9422381552
9423512975
9284035050
7588127771
9120120191
8097752900
7276263126
9890940008
7977984248
9158155261
9011180759
8605314957
9764483903
8411856748
8007537437
9420051214
9637924268
9420204066
9422767484
9772172680
9892254707
9860522107
9118431771
9326125307
9422436800
9403883037
9421991650
7588447751
9637331999
8530943813
8004194532
9372752771
9090979595
9992222697
7719865346
9067017771
9421625323
7887411169
9422984058
9420918100
9226229716
9422886299
8045950029
9404957442
8412842972
9094444467
9356283553
9607410810
9145215160
9423302905
9422379992
8788035077
9545319613
9322349725
9422054913
9860926848
9373870939
8975585111
7057273636
9405632619
9226600206
8767160473
9158997197
9420891540
7385774018
9404776166
9422632350
8071912343
9422054698
9422054633
9860294265
9422485522
9423303405
9422077375
9922430664
8308031390
7057053210
9422435095
9423332017
9822165864
7058303346
7741083155
9421155129
9922654544
7744954397
8766882780
8329334068
8605050159
9881166829
9673112223
9689444422
9767043937
9527582280
9960718726
9822264065
8421236843
9588469514
8805526089
7219358638
9766215779
9766664402
2452228111
9028886384
7020921521
7620758648
9075222472
9511829724
9175761126
2452225508
9511719894
9823772244
7875810372
7074474747
8007400376
9029309491
9595340263
9763378647
9923289345
8483829450
9503386593
8999367682
8888129629
9822886164
7020999321
9970778817
9767267952
9970882845
7083505754
9850248488
7350640871
8788455638
9657598929
9850594141
9970778839
9730355446
9422376617
8888541197
7767849048
7709997090
7875484099
7558499539
9421138366
8806553302
8668910502
9960443954
9579421846
9552733739
8275261510
9130029372
7588900090
7218545997
9370982417
7028599938
8830949158
9637192079
9028782910
7276609809
9284952853
8888725558
9404764843
9975147404
8928732623
9922136060
7498883594
7038335454
9604091500
2355256111
9822517897
9730356139
8080967760
8329809306
8329048158
8446885206
8378993085
8830580159
8956526051
9552231231
9420529646
8177996861
7378797846
9604802559
9987054430
8379800703
9637669993
9665659075
9405475712
8275668899
9860811509
9172510919
7745082598
2269903900
9405811885
9420074195
7709802833
9158435040
9429420463
9226875581
2362221985
9420524578
9423029190
2362221033
8766696675
9673909631
9890199787
7028781537
8275365600
9404445867
9422054781
9404437980
9404943636
7875765019
9834414462
7350128000
7030303803
9637939295
9422633183
8605065513
2362222595
9422633555
7030981407
8004250018
9423302981
9405714374
8208078965
9022468771
9422112473
9673364844
9867144654
9421703582
7378885055
7058583995
8275259338
9923103866
7385241439
9422435742
8983351599
9405470768
8071682659
9673512396
9579979998
9822794646
7083862302
8169061726
8080480427
9076832616
9029000699
7039762745
9167519953
7413955777
9022347099
9137931761
9619990689
9152239959
9769387687
9820903133
9326477548
2228118383
9324448438
9867969445
9372438924
8655512555
9769583518
8688045045
2228131652
8291364865
9594336633
7710093020
7208992333
9321908049
2021643329
9833618845
9209032000
9988090954
9022890228
2261989898
8104393287
2228101303
8692918000
7021303398
9967828566
9029221123
7004301059
8080880014
7777079708
9867433544
2267582853
9137953841
7738479381
9870678832
7021937145
9920938330
9867894435
8600078993
9822583703
7506700057
9422938861
9011367706
8788072102
8600559541
9403523523
7709724685
7038901041
9370186639
9075004419
8766562592
9822108713
9309480295
9172861559
9689992277
9420538008
7020050643
8484829557
9422174923
9359813071
9820353107
9960561864
9421512365
9561531678
8600500398
9767250181
7588244440
7776995099
8626030105
9665141515
9404406809
8177929941
8233676534
9420539946
8806147676
7972595897
9373574900
7666727373
9403439669
9096501867
9766014223
9673137733
9284165451
9677093682
9579867633
7758045858
9075392222
7304730730
9822272776
7719983827
9422174708
7796773232
8262022326
7770006935
9420841110
8097601883
8689924315
9422767777
9881335550
8421543633
8796175475
9673215122
9405111101
8044939207
8888470914
9899977006
8080051441
8806118638
9322537845
8080900387
7249748263
9130109873
9881176044
7517710008
7020085560
7972204343
8208679453
9307960210
9373251234
9552374245
9561300659
8483845511
8888323746
9767070867
7020268479
9970458974
9421775493
9421866703
9881535758
9673301616
9730359573
7057425929
8830471918
8958951881
9879683050
9423958059
2472227114
8208610692
9219685176
8140340999
8177829722
8140679851
9494947641
7709774179
9112846975
8975932099
7030766381
9423881110
9082894066
8275369749
9923578584
9764773353
9403560588
7977582282
9503445257
9930140711
9975391000
9579363448
7060503503
9175762211
8668344235
9821500350
9850293021
9420106549
7020789276
7057720837
9096335454
9158350427
9867958759
8265055350
7841019655
9545781313
9765354297
8850201817
9870297316
8830315321
9421357398
7798027937
9136348800
8108109122
8530481755
8087315674
8411867404
8657001137
7410564688
9322377220
9850503782
9960150551
8999060197
2228111185
9637666979
8329179866
9921242411
8369964205
9993593737
9137158332
9011945996
8485059511
9421261545
7517831417
9075062889
7709204242
8355969112
9170779593
9049919839
8007645378
7718005548
9689368662
7303044405
9922307039
9075677137
9421147425
9175720019
9321566233
8446722304
9850956263
9689584360
9370409239
9372259982
8830179301
8805772211
9322359375
8693093035
8055953380
8830758672
9920021124
9136661645
7588970989
8421757961
9225260609
9890060101
8686777867
7263803329
9970796662
9004527128
9527787070
8850515150
8087392523
8379009537
9529876307
9987320125
9850362026
9920012598
7057514348
8975938006
8976006040
9823196969
8237337737
9096220895
2312550022
7208328691
9371968697
9307573997
8552932519
9130029373
9657535484
9970354173
8830794320
8055568434
7378336494
9960993489
9766122604
9970324923
8668601512
9168313453
9403004204
9420673394
9923474212
9766711175
2462250023
9096281832
8149909157
9822393225
9325805811
9960350637
7057966098
8888867222
8999544181
9561090580
9422170112
9372711778
8862037380
7058861507
8551928445
8007987258
8010606107
9730373895
9921497879
8446294644
7276196130
8888926111
9423168647
9130881386
9834727689
9404597797
9607602220
9922994476
7709090977
9552791881
9028594750
9028888853
9890959083
9511750475
9422552732
9890892250
9604398000
9421277344
9852551818
8087879480
8854855454
9922901101
8799881011
8007004803
9850310457
9850440913
9820382343
9421147323
9404750999
7888224033
9422435115
9422381206
9405971750
9421018482
7972762368
9822129851
8793296722
7057757078
9890973134
9423876738
8788283774
8384821252
8975344083
7744921931
8554997301
9823087263
8411938323
8600554232
7447862410
9423047696
8104966419
9821658545
9665041794
8390989920
9082459001
8062365330
9960068690
9167927946
8655507999
9167449244
8433526615
9324678331
9022790934
9967410942
9987098885
8655221889
8169822848
7208417941
8828034334
8369228259
8424980053
9324176815
9167464447
9321037230
8433313969
9324245383
8433553531
9004675883
8108308721
8097847091
9892944004
7399779797
9082088739
7400424388
9773463004
9511832499
9665432108
9011351593
9999131303
9673572268
9422391909
8308382666
9325293338
9134806085
8380055381
9229609882
8888880508
9503552747
9284046543
8830315100
9403289309
7977764943
9404920713
8657380906
7066233984
9823485250
8600933331
8010312579
7768904990
8329805261
9822272813
9158600086
9763152249
9421270019
9422452821
8484034517
9421756469
9821844114
9518948854
7507513335
8087230337
9768718585
8999522785
7498442317
7038462233
9423138866
8452095901
8071681557
8605515554
2228964447
7558563636
7820930631
7875338131
9422241248
7385014559
8007931360
9867109289
9004139832
9860809953
9158036159
9011040404
9130174502
9820080751
8857936677
9545051769
9921967570
9167511966
9135939111
7217797548
7770012806
9158160175
8484044613
9028240262
9921877395
8108222929
9359966227
9921441253
9970031500
7219666465
9130922622
7999972159
9359896645
8983790496
9820222009
9921451414
7058951338
9393581212
7498180085
7798860860
8855838571
7378386745
9028881240
9604452436
9890401744
9405619687
7020398710
8766523912
9970277872
9421329093
7058427775
9423346285
7066331715
8485025364
9423078884
9021588221
9890350313
8793418348
9975566113
7875163070
9112390055
9545264646
7770058933
7350225104
9511846310
8830222520
9096058329
9423777782
8484812562
7709933993
9766855604
9552265507
8459623960
7378783033
9730004240
7507506877
9421371390
9834378454
9970035388
9890110020
9960865932
8423432323
9370602287
2382353650
9209102500
9075412222
9370251831
7414990707
7620163974
9623941593
8010608195
9922444412
9552155517
9823260222
9595500703
9322208905
9673302777
8208287226
9421007008
9028449916
9763740464
9960423157
9822780903
7020911794
9822394045
8002678555
8668682306
9577619786
9923332363
9422550665
8830999982
9765747222
9156131560
9503280275
9545469009
7058854202
8087550550
9423336982
9404044448
9420447766
9579835777
8149176888
9422334443
9960498371
8055949010
9096720081
8668761597
8655995018
8698067571
9422216004
9823469009
9921991113
9923791691
9579697111
9356981102
9022911922
9552277755
9768320489
9821166316
9664863963
9819034868
9325650112
9320937075
7900172288
9137361474
8369367396
7666090953
8779861831
8976267800
7977949674
7033094896
7977948679
9004342951
8286538111
8369940932
9967026512
8976049672
9702051180
7400220631
9029777632
8291088389
9820094678
8850243176
8065072566
7021584939
7208729937
2228120144
8008892904
8879688166
9324541188
8652612245
9834906642
7977672534
7738381867
8976775988
7709308705
2228964671
2235417523
7021835318
8446503791
9022838775
9082413625
8169467025
9136481505
8169915829
8805556217
9834829770
7038802220
8668904730
9922678639
8007768895
8261826632
9161198900
7507997035
7588613508
8329461507
9762278720
8485091424
8087585879
9011853687
9890203665
9028668707
7588482307
9307036084
9423294970
8421058287
8421232457
9822129861
9822121670
9561257138
9765789750
9370059010
7447613223
8177954559
9096795595
9860433567
8421414233
9970623944
7507392986
9822150459
9970953699
7038437158
2355260154
7774006663
8975641479
8433549119
2355256573
7738130700
9604251603
8286191233
8208948866
9822632727
8149775547
9421144314
9822135733
9403108200
9970016244
9881654849
9359529939
7259112826
9022201676
9657544029
7038233209
9028270383
9422052541
7721094475
8928697250
7057556782
8433500411
9689978259
8625041901
9422187188
9359963841
9004542452
8097604332
7447346279
7058937895
9420000993
9420002885
9892962222
7738366410
2367232391
9892008888
7030455430
7219403727
9892769170
7666784696
8275670101
8275482593
9422435001
7887499902
9403412594
9730276276
9673610505
9960593992
9820544445
9766620068
9764766421
8047360702
7410529787
8208300909
7775927700
9028813297
9606340106
9960133995
9763509901
9503286002
7774945005
9145000529
7378378531
9545510707
9665874777
7744834952
8793333392
8329373484
8208295224
9096299755
9588636349
9156547026
9607199000
8551992875
9423346436
7744806556
9423297746
8999147082
8888975444
8007286657
9850532897
9423001103
9765489092
9595633515
9049054411
8087262304
8600375564
9673969743
8390190024
9710071111
7507506884
8411030000
8983480205
9513366313
2382312571
7387217733
9156710417
9881118184
8329004609
9823325700
9422072072
9284177181
2322226262
2382200097
8552935333
7276600134
8668826287
9284053420
9028747375
8055252424
9067226969
9325258705
9801020361
9699141596
9975763007
7373474949
8080615656
7276626458
9890944050
9975800500
9022144324
9623394343
9011970297
7972357922
9422235381
2452223714
8999938238
2452248378
9960999950
9156902036
9422177567
8830209993
9860402394
9423442136
9665166204
9881828538
7774936077
9518328929
7020353606
9923726773
8669265777
9834341551
9028030333
9011933232
7875188325
8668693819
2482240333
9421657999
9405479839
9422219105
9545218777
9370127463
9373680374
9028080617
9890736252
9766271143
2482220403
9158517300
9922787195
8071820049
9172112812
8048954638
9307437059
8208781723
8551020351
9356732186
7083809370
8421466600
8605660788
9049023951
8668802337
9075959469
9657755543
9820748909
9029542464
6363501531
9821212676
9967081743
7400278080
7900129439
2228117104
9702260008
9619618000
2228151122
7738087179
8879082858
8451969799
9987413065
9867458586
9702427127
9082324973
9820340721
9892432179
9867654274
7709799507
7738209991
9833975998
9029298959
8048966181
2228192573
2228192189
9820506592
9987806501
8898770224
7977603926
8976478898
9967996645
9619250825
9930399618
7400492010
9821372278
7777098750
9821322330
9920068807
9833513636
9594470267
9372885200
9892709211
7977789677
7506873720
8655328655
9819155389
9987557397
9702901587
8767768614
7558654298
9860131428
9172065651
9404344921
9637914784
8007108798
9422436036
7588859522
9029701069
7350206000
7744839349
7276019392
8275815260
9665855173
9768465405
9421146092
8530657925
8355906529
9594321846
9423878214
9890370272
9403473205
8007855846
7721899239
9075665501
9822783689
7057103187
9423818731
9503726517
9405414327
7058190614
9987897935
9421144061
7385625854
9029021961
9619072457
8626063995
7709638707
9011551421
8275629515
9607530512
2367231586
9420286788
9309860190
9325148586
8766071259
9730836250
7089745451
2320233147
9404937696
9922111037
9820214437
8180858276
8605907037
2225069779
8421770955
9767607524
9730601485
7709290070
8857077700
9920027587
9011991218
9923459867
8600055005
9226267647
8390868165
9665222645
9890859991
9930760376
8275435317
9673098217
9423295517
9890654568
7507202568
9422630792
8999332757
7588933777
8698903036
9730219605
9423946360
7020299203
8275017825
8010075700
7709588117
8390176640
9422052356
8329797072
8788691151
9764321578
7744012192
9370363738
7499357765
8411801113
9890622784
9579973133
8047361077
9158706351
9882819882
9860459302
9527455616
7875192192
9764025444
9011633248
8600939342
9112192402
9765814983
9176204466
9404512513
9175041911
8857002044
9689076079
9970821281
9730126616
8669880738
7249263939
9890982798
9890220097
9970997061
7218947318
8390051769
9503921809
9096468518
9665074610
9096844263
8379042318
9604642665
8275426175
7875103021
9561899877
9421222149
8010953030
9689939460
9130457210
2452242493
8490800343
9921558273
6366437877
9356493523
9422810202
9021748124
9822624178
8080227365
8692086080
9619012041
2249059999
9619737325
7777053514
8698852815
9673959168
9372906278
2240163103
8421525268
8850829590
9890808827
9664368230
7777041293
9082136336
8793351777
9769391198
9664222272
9326257428
9819700800
9595700400
8080758758
9769204997
8586000434
9833259537
2226252500
8879539553
9867862521
9867080057
9820510288
7208581498
9324593173
7715866766
7021371290
2249727454
9167830733
7208760080
9424049900
2261391500
9819692697
9811637433
8303000500
8097750722
9702123388
8800164137
7208652723
2240786400
9930013847
7977904043
9999751537
2261728888
2261448787
8583830808
7709620404
9370377621
9730414447
9423000007
9511845636
8806799932
9422634443
9766575492
8275353355
9579478118
9307557707
9834204848
7588860786
7083588944
8329603264
8806059800
9226760170
8149226883
7774822244
9822142866
8208847623
9867207835
9130398225
7028748738
2352220587
7517898999
8999160941
7448223003
8055273276
7385823326
8669804994
8411860408
9404163575
9011941566
8149618018
9423833837
8308765466
8379917544
9404411050
8446595025
8329422584
9307648756
8999103625
9028823204
8806636052
8668676667
7020954290
7820925067
7208404347
7350468254
9370121124
9284168789
9209915960
7276373263
9860563672
9359374508
7028550261
8975349460
7620360122
9307151712
8983730746
9028150204
9763630693
8600271747
7058076687
8087974193
7972856533
7588696456
8446005233
8275662823
9175183454
7020066151
9067657331
9021464829
7021555262
2352226423
9356342376
9209585636
8080545305
7020883268
9405645315
9975577453
8080674004
9921879376
9518322198
8793346034
9860403218
2352222769
9766543346
9503971229
7020390132
8459890104
9226856578
8956181713
7387921616
9555183180
9921172923
9764227886
2362229050
7218919999
9421144044
9404395383
8275391020
8087243468
7840999045
8847733154
7709261911
8976308733
9359764872
7057441122
9423215101
2367233119
7738163861
9158428272
7709685308
9405930011
2365252091
7820909565
9420051300
7507023229
8605007221
9422432052
9518981692
9323921182
9136527892
8788486908
8275435346
7620358830
9822136552
8097979114
9421143203
8888292403
9226428928
8380908922
7875353507
9764284063
7304322670
9422430960
9552521646
9372458801
9604707096
9834292692
9689969002
8766490144
9421462264
9423958498
2451255798
8855073951
9175226966
8788150155
7743866636
9112695606
7743894819
7820908780
9822879518
9561353727
9552849664
9422176827
8275238808
6366438018
9850669678
9657598981
9834888983
9975188188
9175636199
7588678687
9922228656
8261830920
8046395184
9420815552
7743932164
9967917139
9766669256
7083908021
9420433905
9421768780
9011301581
8855013241
9767440362
8805848488
8806167676
9623757677
7666145132
6366437876
9766888762
9918436192
9421531069
7888614350
8275334333
8554885555
9404264855
8087253350
8087220067
9822982466
9890050275
8623084699
9890756744
8830708651
9890182657
9221423714
7083410800
9130599514
7249402691
9422382525
7020724323
7020544008
9403700560
8149977617
9967477530
9637588565
9730032288
9890779438
9930648582
9767082413
7776098598
9049844333
9561537925
8421722573
9422257541
9420838118
7798540033
8788744458
9890151236
7277737272
9420937777
9422215305
9766993378
9822357592
9867725726
7709207072
9607647606
9309934104
9096241119
9423958824
7775868054
9272206101
9405482121
8698969840
9987357820
8999626869
9423292460
9096073006
9422052582
9021145627
7020463329
9271874221
7057840967
7276107058
7083927957
9766883684
9673449998
7666181030
7720079111
8669043604
7822933225
9270412345
7722020158
8237544262
8037726929
8071681238
9422392328
8071681446
7796571025
9765151169
9404599945
9175503300
8390886417
7743808984
9405098430
9422052206
9769025472
9029640659
8369801227
9653191217
8291663211
9920433211
8369424594
8619939674
9892090107
8356070633
9561233519
9421855051
9028838374
9143100400
9324653979
9711245720
9004567395
9709708659
2226875611
9892142731
9664236920
2269199820
9892047770
9730912884
9820522042
9892450421
9987415701
9773283113
9140660948
7024218774
2262231667
9867855964
9003732045
8657144731
8591174212
2226719776
8069418470
2267606666
2240190900
8424044830
9967168533
9607978008
8104529826
8082128776
7021390953
7987044553
9821350018
8069247569
9834333525
9833240570
7977043272
9930484212
9643092184
9892363070
9321096415
9820631713
9619401662
9892718400
7977953114
8657021244
9920150404
9960488559
8380051919
9421876671
8208931241
9762764521
9112030015
8855009473
8856078138
7840977047
7841894210
9322170472
2472224815
9890871569
9011368834
9890021224
8484075221
9422070786
8888318897
9922288288
7028816463
8857080674
8806556844
7083879160
8669176079
7350261550
8180075046
9422941929
7620680079
9422465547
9420771051
9421359873
9307722384
9923747772
7666570047
9404012311
9028447346
9284680787
7517350573
7821845011
9850751238
9890168357
7558301439
9850202733
9960697014
7083537201
9822083383
8855871974
8655074123
8180902183
9850611099
8087151646
9049937575
8149589592
8087349603
9921139574
9850947190
9404446600
9545679274
9404104242
7387171001
8976047606
9420095675
9423884353
8421726710
9403232124
8928764437
8433934441
9405722285
9423818553
9422436308
9422065160
9702500084
9823141369
8421449590
8097468822
2362222211
7841983622
8208030034
7887898815
8624054708
9822588725
9421227885
9172289555
9503730812
9049982038
9130309142
9422376613
9172235669
9673434336
7769908225
8983719399
8291785154
8275902057
9766669191
9404447158
8888294864
9923506000
8975163496
7738783625
9820079545
9136655666
9082587462
8424041117
9819507616
9137330151
2262231333
9152513159
9654969501
9167688129
9819249415
9930546249
2266060400
9821763157
8001030260
2267256200
9870897980
9930893960
9322240428
9022500802
9319284540
9820106030
8928848835
9820083765
8046044903
9967602699
9867674650
2261503150
7021098660
9892049854
9594936777
9819983837
2226360635
9930242427
2266880707
7506590059
9372941417
2226202021
9324347326
2268193888
7879393083
9324475566
2268493574
9107889988
8002665007
9967188088
9799858301
9920444671
2246641513
9320737646
9623297975
9545383336
9730190900
9146631432
8055339133
9049131611
9422754231
9595535387
8071681541
8459877737
9404036589
8999663966
8308425208
9423156870
8237512739
7447719147
9422723349
9822337329
9404613845
8668584875
9403978803
9130505333
9403441204
7030806830
9860901788
2482351027
8265065418
8484008080
9175054914
7588501454
9764182233
9890323386
8459243289
9890885517
8766851213
9527207777
9823324222
9766219945
9011521704
9970727606
9404693888
8308093145
8071889617
9823776789
9049427775
7030936662
9764528777
9422290528
9545553111
2482230691
9403300666
9762211152
9146328270
9637576123
9767953415
7888015581
2352225821
9822072188
2352229810
9923681433
9552338400
9422631312
9422430603
9422634221
9422052302
9527948852
8605007222
8888139315
9370980931
9420047124
9156399153
7498258275
7378662020
9923161494
9096502777
8668553622
9422431001
9422050762
8087848956
9823842248
9011300013
9561822037
8600423781
9970286918
9403723162
9422053360
9890279674
7972649930
7719993773
9422630896
2352229234
9405892219
9422430387
9928300172
7083381174
9552398848
9422423752
7276816667
7767096773
8275467987
7875304557
9765685768
9422225741
9049820257
9422229817
7666046082
7775023232
9284242723
8329998921
9359274005
9766601241
8600555689
9765195060
2442232697
9850078899
8007878496
8275272891
8446565496
9403713386
9960237871
9405412042
8600628062
9823825544
9881518131
7011837909
9529758075
9763218957
8983333237
8482954799
9960931824
9421861333
9970022955
8380000919
9404321915
9930434232
9822621603
8999114847
9373340075
8856934323
8484840938
9561844018
8600924332
8149777797
7756013456
9405007775
9860563535
8626013563
9545094647
9422332137
9075346347
9922362893
7350307209
9767701002
9767581114
2442204021
2442226218
7020694715
9326706991
9420420509
2442227201
9850177348
9028001718
9175931497
7588928368
9156008600
9370662668
9967915506
7822828819
9960583875
8623817517
8290082051
8071775190
9545284968
7276018120
9049620248
8087475934
9579340875
9823645786
9850971266
9923388440
9156472231
9423156464
9579666262
8855860898
9766554365
2482220624
8008891141
9595550277
7972876860
9175966449
9960692899
2482230899
8071681272
8888688999
7972359442
9822976500
9175785444
7066570511
9858235555
7972725718
9920963719
9960048602
9821087989
7304343395
9220891891
8104340516
7666645425
7066675716
9892527646
7820823238
9619860183
8208044524
8003870101
9970454521
9552115165
9209206056
9689762175
9730000220
9158345564
8788929877
9096967074
9175809810
7666722128
7038677559
8446194738
7517629063
7028700887
9011792391
9615112112
9130719393
8605943636
8999048358
8888300448
9921070533
9272404444
7498764608
9325067777
9209838383
7507541957
9850145170
9422742878
9823204509
7773999026
7875717777
8149818181
9067452901
9403165425
9307616269
9518955549
8149378406
9359191709
9657142375
7744844944
9322168776
9022688528
9623626444
9763418519
7350093500
9923991721
8830148358
9320095173
2261770000
8928495754
9821522165
8010091381
9930264075
8104520004
2267164600
7100107007
9987244769
7700986505
9821152104
9967107077
2266863330
9136144731
7400091502
9967576277
9136547734
2249447777
9867075001
2245304800
9372101077
9833006916
2240024017
9920161493
8002090365
2267232000
8097407700
2240169867
8928111111
2266409000
2249702102
2233789895
2266412525
9152046460
2226732760
2262899999
2246026909
9870577881
2226394823
8767864847
9833360321
8291856155
8045699098
2226206716
9892545299
8591096714
9769976610
2242537777
9867363285
9420351048
7741845199
9869571900
7276341172
2362222377
9977098856
9833239369
7083326789
9420206353
8956469460
9403374175
9011598484
9421890104
8485071702
8600207792
9822664088
9130374573
8805046733
9823650551
9767699888
7709147406
8793818242
7821872811
7218918800
9881097701
9767599987
9762777975
7030350185
2141224619
7304161332
8049672142
8828509070
9518371671
9967817871
9970893818
9082208067
9820235574
7798034155
9225155833
7218797490
9822441913
7219851444
7040777845
9075572775
9422486349
8830678989
8446763995
9930360495
9320750505
9820407507
9823783753
9823529333
9028940259
9881534999
9545165555
8003045222
9767802458
9096588188
9097619090
9657654123
2442230318
9657154137
8265077177
6366438026
8698856398
9561999219
9921759393
9422744435
9922437938
8055808581
9422242342
8600854105
9767878783
9862505050
9852983333
9860914191
9404643944
9860192196
9422242624
9607545531
8600004111
9130854141
7878187831
9405913431
9356563439
9130054270
9422218524
9921482651
9028926722
8459007560
9422721401
8669116364
9595025625
7020460894
9423457875
9404483535
8600830222
8668941723
9763813444
9307334235
9923339786
8805556355
7262994467
7039002993
7410175569
7720957953
9834472260
8308835917
9518514356
8999562534
9823396404
9673697300
9890632454
9665068929
9325821501
8087153702
9881399957
7741831682
9175600339
9923229923
9614104444
9021025009
9923320412
7709957458
9209703622
9867865152
9422215592
9834222385
9823915185
9175656777
9665484353
8999083483
9975971606
9673289592
8177855094
8983041636
8055577786
9175900381
9403441966
9404604039
9422240100
8975248246
9689696961
9881417699
9421335094
7020616316
9822397154
9422243448
8329315100
9156600665
8805899753
9403740852
9325327300
9226773354
9763046671
7020404051
7666100206
9850693313
8071683365
9922657754
9665852027
7387696460
7820840187
9308989898
9552574639
9561606476
9423242446
9767132323
8983816080
7742877336
9260020304
9527272683
9765309727
9623638063
9823515477
9822254477
8087103307
8793936941
8888555701
9834762621
9404890909
9699844526
8691006012
8071890017
9028345705
9420577943
9145570827
9922523003
9545249815
8975695277
8668794485
7428590019
9082318894
7522984076
9850900284
8308519658
9860224365
9921910650
9960363436
9822954121
9284484121
8828289861
8668434177
9689712345
7020154420
9119535302
9422484040
2442223112
9371109321
7387743709
9850159626
8446706256
9158037546
9860555138
9168064884
9011967231
9890888788
9423473718
9028241067
8041295569
9767941110
8071682339
9921652589
9822547601
9112613037
9623353312
9730262686
9146702323
8262045015
8308000916
9921376612
7620333056
9130913913
7720991164
9561344145
9604771001
8149959422
9922100840
9021853349
9370113722
9577090909
8291093349
9870306527
9619502551
9320033355
9820079821
7400405959
2249692444
9987931603
9152552430
8080801342
9819981354
8828103808
9833031131
9820121654
9137638343
9987668090
2226394248
2247782712
9920925926
9867243166
8080127623
8104720700
8591937177
8291142604
9821366493
9619635834
7506070698
7021912919
9773525953
7738879919
8069141500
8069108787
9167422024
2225028543
9324011871
9920310081
9930602240
9022944411
9773951238
9987477637
2067498888
2225910316
2225616112
9323897666
9004006502
8097171055
9821715589
9137526100
8355817771
9004590039
9892446914
9970724597
8007186084
9421339078
8668521789
9049714472
8275933022
8087261919
6376038386
9999163099
9890015915
9422265511
9834534448
7020392423
9284808626
8208081372
7020686919
9158502604
9403504196
8599991163
7397856500
7875343360
9028951680
9146037955
9960059991
9699983217
9022074313
9822929136
8055774499
9850883428
9422928008
9527741414
8625982726
9146191910
7249005597
8605197653
9028479466
9637622477
9763394988
9561999809
8308510975
9404396609
8830832821
8975272419
8830369578
7028305753
2352223705
9890876380
9046094999
9028899412
8421937555
9579476628
9067384747
8655113211
9850538709
9665682668
9881449607
9607015828
9422378458
8805991167
9623241830
8459274497
8600841161
9075506666
9689691229
9604430692
8788860548
9370756017
9284532269
7721003465
9421028083
8208833809
9730391810
9890100901
7767077702
9511768522
9767342778
8071681399
9922220603
9307943220
9552228175
9011559858
8551979884
9422496596
8975822689
8275022009
8308556761
8888797073
7745092269
9011525554
9011852911
9960534056
2223520211
9910070440
8421498247
9673978788
7020209281
9975111057
8071962691
9595454507
9975014300
8369522139
8983542409
9372204667
7700916106
9552565927
8055877714
7264037080
8042753444
9773392577
8828218054
9527123123
9850589435
7208809143
8657573831
9372045152
7977346215
9321110314
8879469621
9820022321
7000408385
9958415885
7208412321
8983539885
9762146370
7058198189
8286143928
9226177714
9172360031
8149606273
8390458888
8446500503
8850256226
8425814443
8087572795
8983704543
8767119904
9607848080
8446964563
9860796382
8087384385
7350918504
7249301989
9284951868
9822827015
9819737392
9260008756
9975992774
9325927264
9823509681
8071820284
9324312404
9820155750
7498112088
8097785034
9028570577
9822056291
9960016063
9822475590
9225802952
8037762007
9763433242
9890686020
9011968745
9767678862
8046512420
9763505454
7219657549
9370621162
7741828169
9960111799
9960147516
8180817419
8007560010
9403788297
8484828258
9112125222
9417232323
9860652344
9503743614
7028950650
8623994499
9665252580
9096930042
9690436000
7972909678
9011343066
9420655602
9765252424
9552586586
7064375555
9975901942
9561598098
9031672424
9561350482
8788758181
9850263050
9623089008
9763428265
9028788034
9529375853
8669195501
8856859457
7498020556
9922489065
9422052504
8805014555
9423817472
8605763234
8830968635
7038423366
8552010041
9284173856
2227453820
8010319983
9975726338
9423292223
2352221061
9822181389
7499809967
7020868037
9970304909
8459596513
9527008676
9226711139
9028478848
9665299329
8623923490
9822917222
7559462655
9326144956
7276639198
8329710979
9320333688
2352231331
9665697369
9975434754
7038682023
9850695069
8390801842
9823745145
9657699477
7972202674
9422053283
9022760199
9422029929
7588588437
8097405885
9579616480
9307428183
9156960012
8087561674
8261853766
9561391369
7977363488
9552922002
9422372510
9921385987
7020393833
9403300075
9860365554
9422378207
9011424863
8421074521
9823855241
7020889437
7588370277
8669087290
9881301989
9665794218
9665636514
8390458786
8008891128
9404005531
9075796533
9623708605
8071681756
7028143411
8485090678
8888771377
9822436472
7972370313
9975523151
9403222238
9850314685
9130550011
9697519519
9460037009
8605780491
9421357089
8007125252
9822215226
8850943964
9869649180
9822449531
9422464721
8149229005
9323224172
9833848572
2268731400
2279635462
2225770020
8928166410
7021664996
9930027876
9653116989
9372190751
7718002860
2231042222
2250647580
8879135850
9920711911
7204027810
8691876167
2261162000
7276810640
8369110095
8454079001
7021478955
2261426099
8879977600
9004527777
9082196468
9867132604
9820632055
9322210413
9820291869
2225900003
9321292166
9819902155
9820821901
8422810414
8828874767
7304103512
7021789230
8722039900
9930353188
9022310310
9892710849
2225694906
8369594029
7757841333
9004484343
2240340515
9910308266
9137884226
9870565369
9082857075
9545481849
9096707020
9764800518
8806737469
9637553101
9881863331
9637097464
7744893479
8547879642
8591030369
9422049995
7719072323
8424842794
9420891289
8691901999
9421267015
9960877405
9322774598
2363272769
7350936878
9757464925
7720055582
9420207752
2365252079
9011115749
8007134909
8390824986
9421266745
7719858387
9850430104
9130450104
9405928865
8850309323
9422045479
7507562001
9423881114
9604990089
9420277373
9890926223
7769930090
7875852183
8975547073
8652404332
9630192874
7276301213
9422428268
9049389692
8390713604
7507878501
9860832015
6383355900
8551007322
7058610528
9653334988
8070105673
9067064142
9960552122
9892999490
7774804046
9833371624
8551058067
9730239010
9850498985
8888445899
9987683012
8007701230
8177807597
8087338322
9834760374
9561375672
8796245614
7823082963
7378490883
8379972029
9762068821
9326008081
9423902059
9370720177
9657841110
7420850902
9623315665
9422518813
8554077780
8483993616
9049144544
9975860784
9256923033
8007734741
2114270332
9820402882
9850945225
8554090142
8805167600
9130460424
8068964050
7020408047
7721907486
7038037795
9766411161
9420839067
9359082829
9404955892
8308133555
9421353471
2472221299
9423250936
9096352807
9763700600
9922469646
8975040038
8793919043
9637237479
9096266731
9158707880
2472222465
8999223036
9890906775
9422378751
9420770692
9561890750
9421000025
9503957984
9765344335
9760360320
9130160714
8888022786
9970846634
9021413143
8484068866
7410583072
9970675333
9730806266
7770064006
9404601199
9834091965
9881787422
8071682889
9850308198
8668489713
7720961234
9765905656
9822459399
8408989898
9765657555
9730713236
7385437091
7875054345
7447663856
9923206928
9860305284
7057771020
8766703485
8177827709
9923335604
9922555981
9970339803
7218960272
9325152897
9529910434
9145496625
7972456191
9405732214
8308040047
9689451800
9579370344
9112476333
9834446984
8600100626
7038033164
8180951582
7058068777
9960352380
2112243701
9975555636
2112243724
9146486952
9763939600
2112226030
8484098997
9833144878
9833264054
9892045229
7506538555
9987113377
9833100340
9987442535
8450937912
9769000515
9551306090
9096443337
8956011827
7498713214
7385864655
7776077725
9730329207
8390714521
7390059006
9766667430
9921170766
9404535388
8390724429
9552942096
9028547491
9421977985
9359591858
9764921644
9561847575
9595142951
7447637770
7387373745
9850245712
9921880279
9767609770
9423074113
9423734987
9421353700
8975886988
8830610461
7972785379
9422654976
8805991434
9422070656
8071682307
7020876626
9142321999
9423734355
9326490569
9307881475
8928799805
8898889050
7400470217
8779686244
8037762050
9421656562
7972776528
9960894491
7385211221
8180059000
9422759000
8308171093
8208599038
9579213673
9923798786
8604042020
8379919181
9373181831
7820831434
7036532021
7774840089
7774092939
7020554355
8698524313
9423356872
7776091111
9850668036
9404629900
8411848182
9272120289
8668913716
7620557672
9420817170
9324070182
9970706699
9503919063
9403666111
9637201433
8275822775
9833018730
9765971181
8796830863
9579483097
7666505028
8421314878
8286331342
8007950849
8668445813
9890669812
7083522902
8055000555
9022474377
9049685938
9823192177
9156568382
8055008055
9423322037
7498845333
9833840705
8591162415
8655332582
9999429293
8608600852
8850683244
8828651641
8451048466
9137465464
8104612974
9004217222
9729272110
8828296834
8090303061
8976457690
9619026061
7900142142
2241566032
7710831200
9321009412
9820876252
7738665510
7021599601
9076266976
9820924788
9820589783
9930148374
8591065589
7021586112
8286808717
2249610978
7021295132
7506290888
9820194157
2225601169
8108148914
7666555854
8291536523
7304678254
9321669624
9819646072
9321905149
9702174584
9987866099
8879791992
8356049050
2261426060
2262285000
9323902408
7385914210
9420200011
8007885080
8007836604
9767375479
8867243095
9224140989
9850845094
9420470072
9405924847
9011379090
9422054799
9404838489
9892518111
9168821615
8779530950
9158333013
9607074497
9604952861
9923200839
9665051385
9112737556
9923083001
8806497556
2355252877
9175049349
9561096981
9975078481
7744894672
8376983899
9960032356
9890819387
9960458202
9657898382
7219592522
8177890270
7767007115
7709213102
9021794827
8793391876
9173571155
9260091800
9975546871
8788084970
9823694182
7972084062
8698895378
7219104278
9309830532
8983181777
9336344893
9422070604
8308087484
8008891130
7972996411
8975338483
8108835915
9422813888
9850504728
9579444544
9890124881
9422370797
9422440457
8055122177
9130474747
9607841000
9527200665
7525808115
8055332844
9272151211
9922987022
9989933694
8888888397
7715911110
7499093392
9822956892
8668240898
7350905082
8037762080
8888005259
7499546714
9657248823
9881275877
8459416422
8390332226
9650045293
8237195143
7709254058
8605903435
9130607329
9975993300
9834320388
8422030299
9082977817
9403368499
8390256633
7588118692
8237158889
9422178995
9403252026
8855805880
9890729998
8830455600
8668732757
9975649038
8329247212
9850067589
9421472102
9850071376
9860031298
9390928029
8180889450
9370701426
9423443292
9921561783
7387387046
8484934444
7385083363
7709555736
9975625249
9158481477
9423443040
9422177117
9545317211
9270228855
9309046473
9881849881
8208030647
7770000781
9764265999
9860322585
9923166103
7757867999
9561609084
8530485453
9860019189
9226717374
2452221709
8983142427
7620687268
7677777377
8928278184
7030313330
8623935840
2262231819
8104337338
9820347788
8655558663
8424864465
9920788775
9819990288
9987419533
9819855512
8655425229
9004357245
9892124525
8433693072
8108493980
8779534611
9869211526
9820115115
7021094414
9892613427
9820727889
9833684732
8879444330
9322566100
7666664744
8108871066
9122256159
9324868504
9136393283
8048031239
8433848648
8082447930
9137224762
9321603454
8879560160
8652350350
9820274193
8048074967
7304466544
9820552286
2266963603
9322532977
8291244233
9820551983
9773347222
8454059111
9819477717
9819171206
9167272113
2225909714
2266146000
9320889990
9664403403
8097391130
7208155135
9320811666
9892422095
2235701266
9004001938
9167788695
7045508010
9821720293
8450959593
2225628282
8976328949
2266211333
8008893916
9220560056
8452045888
9969036503
9987614416
2225930707
8652667700
9920185901
9036906145
2261643400
8433811789
8879925800
9967504207
9820285809
9892533737
8048980649
9820538403
9821077004
9821149903
9324355384
8169112535
9322302106
2221638894
9820028341
9769885594
8369304642
2112225227
9561145363
9860581740
9765049090
8408053623
9011084811
9421651105
7620469550
9822137952
9175136651
7588455075
9823975209
8530471769
9028040934
9767665553
9420207902
9423881095
9923097483
9923748950
9011328581
9822667756
8275315260
2362221181
9423304194
9767888510
8108651413
9422381233
8669689345
9764862526
2362222242
7507705858
8010149330
9607707260
9423305068
2363272017
9403298333
9422436415
7499852988
7977081074
8411921855
7822896255
9403212121
9096696970
2141228220
9422689674
9850751212
8149130160
9130419259
7045100178
2141222144
9538137168
9271570939
8976627851
9920074245
9307601647
9890959669
9860767008
9689144555
9923042830
8855890384
9850666998
9423324351
8888946446
9422176964
8888888167
7219779748
8459806895
9604054302
9595554502
9422110325
9112164027
7875592143
9309746164
9850702247
7620642424
9158842030
7666927910
9156919104
8830993115
9822549817
8071820094
9765571663
9970180049
8237412411
9404504507
9766902357
9209242334
9763338111
7798889890
8698836464
9657564972
8605513750
8626051043
8483858680
7875997544
9822511086
9112148288
9405388645
8459242336
9028109373
9823472626
9623813655
9422877425
9623642208
9665430267
8007927419
9823158353
9767177776
9970766676
9021872602
9960040113
7020266063
9503971020
9420192915
8888973926
8329116372
8830033299
9370139572
7387501856
9970810212
7744844790
9175821811
8421678961
9890973333
8149398980
8830043893
8149800256
9767867730
8856815600
8888845366
8888978415
8484893359
9403745655
9922427751
7350570700
9767998821
9595194932
8087818312
9404226422
9960164331
9011911251
9158225522
9028274447
9579548396
9890834984
9358588383
7972250931
7499330519
9404761400
8862062389
7821988632
7720913566
9834593044
8265040217
7057309155
7400038288
9819656432
2228322222
9893350708
7021913400
9821144321
8779824785
7400009296
9619622659
9869124701
9819102370
9867763120
9819064293
8879105568
9035290916
7021730396
8127813773
9322214085
2240148800
9136862346
8104030679
9833228988
9867512935
8369320012
2240146449
9326591557
7710044062
9370606008
9819504485
9867252504
9619642820
9702046099
9820767424
9819304575
8469985985
8097246751
8879778824
8779816809
9136106649
2267209312
9536404366
9220570940
9326668273
9967540652
9004630046
7400114646
9967220065
9821684460
9890343347
9820066423
9422175736
9096620867
9422877605
9423142634
9867777098
9881771526
9595399011
8071681677
9867625507
8600402656
7264034742
7738155500
9529773738
8946868230
8087779919
9689947471
9822975130
9730948525
8408877317
7249118006
9922601000
9320878240
9850073388
7558583810
8928891391
7058635574
8788730315
8169455703
9970559036
7798122450
7507281027
8806079775
9762026512
9822504313
8108002310
9730385817
9561811549
9823462006
9355004635
8976755990
2143252032
9930017806
9158809109
9665086776
9657723064
7875091626
9823436877
9769547315
9322474326
9223310044
9004263074
9930662848
8779830906
7045024775
7875744747
9579349994
9422096209
9152955050
9890098745
8600714191
9823797829
9823472588
8055805583
9860921636
8008891138
8888245456
8037726395
2452225259
9765691367
9890337043
8007044452
8390232211
9405473777
9657733377
9822893870
9822418517
8624902863
7709918217
9552684823
9561414746
9769451217
9822147791
7776050440
8668334473
9637533997
8421333333
8180000155
9552436463
9370053608
8208331789
9403221082
8856843175
9970443244
2452225105
7276419447
8806713333
9822637875
9721304001
9820444230
9011861098
9823587999
9405824242
9422078447
9579985123
8698976666
8308775852
8010606202
9049852407
8047017253
9420480015
8808089975
9075448054
6364326342
9405296605
2112299395
7709307872
8806100505
9850053692
9763626288
9022582481
9922958683
9595775123
2112209727
7709507773
7722015989
9860835003
8806539696
9607626161
9657255252
9011599699
8459175759
9856412222
9561303683
9860087958
7030191111
8087628348
8888023117
9604981035
9405111555
9922920937
9139717003
9067224982
9870140141
9552068024
9225540194
9011972131
7888000986
2112244371
9822512113
9822006309
8149259210
9049366444
8926533533
8657989376
9822797955
8806409304
9422663655
9028687425
9172286781
9284460059
9860239947
7775057402
7620983257
9175707375
8007140030
7020655418
7083619845
8087404741
9561927274
8983755645
7387317087
9022003419
7666273382
9922485893
8668713762
9892232313
9723900900
9850528222
7028405171
9168163999
9422658552
9309571292
7264074727
8208354763
8390068004
9822512130
9823626260
9921902518
9860222261
8071331686
8804483333
9130613638
7947469508
9765417333
9595170461
9422468430
7507557766
2382258725
9091409090
9850220728
9819358787
9322609729
7506314153
9082164021
9892078191
8655175985
9322788944
9004331175
9833554158
9372857140
8879591461
9820243616
8850338001
8424823456
9321874676
9324264654
9137952386
9594612898
9322239490
9867410104
9004003891
8439593969
9920422423
8655553944
9820048487
8047632255
7715016473
9987184030
7977385213
9769972105
9819246693
9833365310
9167521151
9820388325
9819221376
7208190076
9768727748
8879970874
9892290117
8652898722
9920051927
1205244936
9930226310
8779386996
8898065701
9987410305
9152155527
8976687676
7021105438
9136477767
9823296513
9155949494
9579969924
9860925582
9130035900
9325053331
8830295135
8600187844
8390446067
8668471755
7887778313
7083677780
9637777517
8484006321
9922589748
9422968468
7020738083
8446451387
2452221100
9657954546
9833233155
9823488188
9422660488
7083355520
9420978111
9422878711
9623789541
9011282826
9604210105
7030070084
8005997800
9623999630
9595271653
9130568607
9890688080
9970090315
9850024313
9168500153
8605101011
9272100248
9657435973
9420061000
7218308161
9422072060
9850039841
9699505680
9096207427
9623512217
7822882124
8071889912
7038220853
9422468520
7821920157
8087803616
9975896418
8055149000
9422468515
9028193777
7588572917
8552826292
9175267919
8999315261
9970045001
7020559630
9423351156
8806061435
9890659745
7559128825
8623851579
8379865391
9921227687
7620730378
9966965407
9625545446
9766211652
7887331351
8805373434
9307114928
9975220535
9011099955
9860720760
7997155325
9011697139
8007688700
9850992334
9890011429
8149656358
9970019569
8793043198
9175674722
7741041130
9422174137
9146560415
7058071061
9359743379
7218540421
8888330747
8668351928
9284838057
7249695663
9021823036
9822082820
7248957987
9820016724
9325428884
9921741886
9594995244
7775932068
9220562076
7588066066
9833896111
9892191918
9028380378
9921425399
8652464382
9371575293
8788276104
9004997871
8767444628
9967660404
8554083771
9145268396
9028621852
9890700566
9271186405
9850888886
8055514535
9260380510
8433545213
7030715678
9766805069
8108101298
8983349889
7276127722
7756086776
9765022022
7208334214
8149608283
8805225025
7768850718
7617864516
7276050988
9284410213
9699606412
9931325959
9152525223
9987693015
8828291877
7387045646
9579783385
9370329336
9823632511
9545951144
7499191410
9890295015
8554859901
9822227519
9326780381
9423346676
9421900978
9552251650
8767842892
9169176565
2382247490
9130565732
9975674353
9309173604
9326089456
9423720408
9421449581
9005054405
8180931853
7517497869
8888073014
2382246631
9422470224
9421224339
8208463907
9921470666
9765171713
9422655516
9028652412
9373895542
7972886536
9422656816
9421370931
9011843145
8275867183
8071499553
8071682691
9921578638
8045950032
8071682936
8446945009
9421987757
9503542174
9021421467
9421353907
8071683565
8208245082
9021865933
9579108108
2462241687
9921737627
8208830794
9921238513
9850952041
9130972484
8890908897
7875130444
9763102664
9922212484
7972305618
8483920079
7775000647
7218266101
8999710212
8788090440
9975289411
9404640276
9604459363
9970147721
8830448838
9518782903
8856855568
9503614111
9325161572
9922139158
7276585099
7021018644
9075200414
8055101136
8485834132
9970971987
9822878622
9028336959
9284896388
7709943940
9921319482
8600329040
9960206255
9309122750
8669107128
8484886681
9422550017
8557007095
7768911133
9322101289
2602991199
9923426688
9766315188
8796739653
7020921993
9820867791
9819983663
9930579730
8097172998
9820910768
9004726449
9821293552
8419969571
9769038885
9820493322
9773484977
9833000132
9324561056
7666206325
8169797729
8169959759
9167442409
9870736703
7738951996
8879981277
9819520859
9960692266
9892208856
8104941130
9637575882
7709296354
7774955360
8237525258
9821798474
8850928929
9022699229
8390118685
8412886002
9834770535
7718902406
9923929210
8108000699
9112288366
9022144699
9890753262
9028208217
7304057753
8068215133
8726729673
7559478008
7558226333
9421374363
8208413434
9921218127
9970082506
9096658149
8669051119
9511753374
9764015111
9096359544
9823370031
7620667620
7410725790
9096365579
7517755567
9921777289
8788090789
9130220011
8983641887
9167257262
7588430011
9423138884
7038120936
9152033955
9653276353
9322869840
9082220299
8169576665
6306783085
9004395103
8108889050
9657677865
9326511433
9970849583
9730282636
7875934000
9595455549
7314377361
9822254166
8856971085
8037907886
9730715843
8071498324
9665755702
9673665500
9595407474
9595331010
9167443873
8087214834
9923605906
9323644555
9370902696
2512861543
9021020764
9016722081
2148220099
7743875666
9923144441
9273022238
8975211985
9819774367
9145924535
9891911847
7798953158
8007312340
8308776505
8976133547
8446961106
7709374415
8657723810
8828032538
8452940789
9619965191
8087562926
7350022345
9969609700
9420053264
7898319761
8929707222
9765319430
9975403740
8668411519
9172339385
8888071195
9922287022
9765972223
9082525703
8657929819
7887740003
8888308090
7021807773
9422542053
8625918787
8754534107
9850579361
9423406411
7875212161
9158801800
9168557831
8378998954
7264870777
9545159247
8888698781
7720004026
7083574791
7972169854
7588282893
7083832023
8149899699
9022172316
7038666010
9168666066
7397982830
7249511729
7498317155
9765890620
8796737084
7030474562
9637109000
9767890560
9028318840
2112239503
2112254424
2112254216
8767281347
2112222494
8600086022
9665778830
7767904040
9860056010
9049269596
9552493970
7775899913
9970068111
2112239551
9823193949
2112244772
7028162589
2112227299
2112662700
7775925924
9146415007
6366526855
8055990901
7030330387
7350000573
9922774056
9822894195
8048892246
9022300200
2382245058
9623416419
7507506970
9175430000
9096616176
7020273683
9145557273
7378708991
2382245369
9975797167
8668802098
8699285072
9096699962
9028581210
9112973114
9423775199
8047947147
9156091783
9970342677
9834470908
8983064775
7575897272
9021404017
9960927568
9970704586
7507774843
9730242074
8483819999
7620210360
8087244161
2382242841
8308242882
9028088082
9975163348
8888349569
2382255248
8975784232
8010130372
9860522166
8446633552
8149751383
9822430796
9766942803
9922613956
9975521786
9822881830
9422612456
7350076673
9075074077
9763334891
9136107267
9890331977
8999034996
8600381285
7350011341
7774026307
8341045099
9850189893
9890017111
7798677776
7709890465
9860667003
7249685441
7276822855
9403070222
9325612078
8999137051
8600306861
9112033320
9881183353
8087006882
9623219685
9096411169
7774024131
9860810280
8087923025
9422171911
9975257885
8669123554
8788937185
2462283064
9763633999
8421914545
8106655794
9209261499
9168879302
9021648625
9405099042
9420601769
8275284502
7219050931
8149336235
8830723196
7020928031
8263992814
7420086667
8180828216
7391032112
8237116779
8169604663
7770064945
9970651790
9619273841
8080691119
9823839090
7397999519
8237777061
9307689433
7021771730
7977207747
9322754577
7410150296
9623626415
9892855750
9356032252
2502330001
8451001930
9307283801
9175859888
8605918208
9082219994
9326122531
9969722492
8446832273
9699992167
9767110220
9594643234
9881819164
9028251628
8777375306
9930302096
9967375830
8459856799
7387216111
8766525723
9075762850
7387847654
9850138304
9890898185
9326620535
9892403423
9270410829
9960245217
9892831969
7875084737
9168999558
9503962722
9152039111
9421448636
9028751434
9763030304
9850978074
8055434854
9881534220
9579254865
9923262786
9673267776
9881171504
8069545678
8484809031
7558253206
9970786799
9922243837
9158551365
9422870078
8208901321
9422870371
9822899666
9767619722
9421757656
8071820093
9823587512
9175957795
9112724444
9130007955
9860269845
9156997361
9049776541
8378877088
9422540698
8799883429
9168337195
7020279531
2462236097
9623152406
9422101016
9823221117
7387956608
8329808240
9284847930
7219193959
9860527767
9766130053
7249206313
9595195933
8485072408
7387406964
2114279333
8390783286
9975526006
9112288383
9637949962
2226122185
9370176716
9665369846
7391977077
7262026878
9096560204
9527827276
8879496321
9527006633
8390463232
8692869629
8002673940
8668424558
9422513991
8208826046
9076201605
9881786181
9823475566
9595068081
9021168715
7057535730
8007163444
8698242487
9604096555
9096800275
8766924065
2114234330
8928763527
7620598025
9975525655
8600244991
8087414150
9822299388
9372299388
7875787673
9822956734
9404792910
9920629629
8446787260
8600348875
7028948006
9890545521
9471619247
9766689062
8530363801
9766461972
7588492271
9307956087
9422130044
9422819725
8975717527
7738764875
7559335493
9503597368
7499232082
9970196197
8605722938
7666765211
9637843717
8329815740
8390239669
7020091411
7841004989
8237116229
8668534085
9763417989
9503761555
8208812315
8329456870
9145474757
8668222484
9168948799
8080744263
7559121866
8237988369
9422130264
9423186552
9850687909
9860773107
9423673560
9403141290
8071499846
8999368295
9527422326
9011313666
9604050399
9405839496
9860143777
7721855751
9404363174
7972020753
9529050684
8830571019
9765574029
9011712001
8591276975
9975639956
8071681267
9822646639
9833082633
8046395185
9284073092
7020759150
8400195700
9175623882
8071178567
9340478982
8071682692
7744842286
8071682907
9096306081
9309793754
9158162490
9890389211
2462230253
7775845554
9309553037
9881145781
9767603456
9420849086
7378723206
9730262405
9922444443
9890128896
9422189424
8037759690
9981642626
7875696123
9850487427
9356598811
8002122125
9623243531
9011641149
9372730836
9919895033
8369345145
7021455746
9594416974
8591303202
9324549454
8691877786
9860900681
9421387794
2462233387
9224914555
8369768850
9322653573
9930503100
9653677298
9820121702
2502456569
9323639633
8308695473
9930717749
9810699716
8048983043
8169176164
8591810412
7045883682
9930931357
8108656978
9076095352
9594248952
8850392232
8779185353
8779002252
9326016427
8108127428
7828042346
7900188088
9820755424
7304342878
8108458429
9930597629
9653392617
9167412666
8434082222
7666262525
8767673808
9665469777
9167734702
7277312884
9967597616
7045318401
7738711432
9987332199
9870725684
9021943839
9152288666
9833757743
9321479989
9372949530
8433563357
8828797474
8468843608
9970464427
9766156650
7768873690
9545673740
9764869749
9922521900
8788414136
9423221947
7020267670
9359490086
9665823103
9527558229
9921874875
9604242242
9031810001
9960608366
9226961065
9579317724
7038115446
9623919696
9730421024
7030069654
9762857385
8888810166
7020229303
9763120121
9075328000
9665435860
9527282218
7038100505
9096866503
7722000009
9975837478
8600470850
7071954545
7620022563
7219780113
9922919939
9373232923
9503334982
9373227127
7517461008
9673638089
9545934462
8484055064
7410114111
8087074242
9881728674
9730375617
8686502036
9623888051
9860088574
8888223557
8888045810
9096966085
9049690595
9545721385
8149738955
9923358888
8008004026
9326258788
9422767424
8888335549
8037838210
9890356395
9665873982
8830580735
9970174477
7800272766
8624881418
7218008022
9890276101
7507240597
9422045521
8080718217
9421450603
7373736669
7020707143
7887680422
9767217493
9518746980
9225753500
8800952952
9923541913
9404123085
8888970120
7499820860
9096233887
8983637205
9765764478
9923171000
8446533099
8805549637
9923376990
7888040004
7972053448
9960428794
2462253010
8087570417
8068976935
9049782637
8830087465
7028686737
9763715812
7420872202
9112033726
7798866120
9422833996
9665798618
9146270752
9427748004
8177912332
8010120428
9372930928
9422130231
9821349115
9850319139
9422134245
9822473992
9421803533
9359899760
8830132148
9890260219
7841005191
7743856808
9209989240
9096336131
9595334909
8806340962
8421119621
9373606448
9545155556
9422642691
7028790778
9823225932
8007494848
8806288511
9322419623
8551091800
9503151162
7058093891
8806599988
9764238518
7620947728
8412904985
9637938134
9665703888
9326360001
7420824040
9860563584
9423114445
8999878537
8552842765
8261819499
8149404029
8446607478
9923438957
8237790604
7058000014
9673108592
9823630296
7385855808
9049761011
7517503033
7588878885
9373930057
7026048585
4029559992
9326216153
8104954254
9594180000
9021301122
7875200963
9552799626
9881131749
9168699919
9960053400
8383838350
8888205555
9049655181
9664488000
2228894092
8408984089
8652177630
2114278612
9890888145
8010101070
9930077722
9561800552
2114273545
7066115258
9822013620
8108489001
9420626932
8796687436
9637836622
8652008666
9892296914
7888070262
9820303941
9665332295
9588620512
9423584289
9623966000
8793152727
7709409900
9623349994
8669310730
8483037002
9075747921
8149033199
9112365599
8108534305
9867833777
9892402653
9322130736
9870504620
9324724492
9768249641
9870956705
9769869229
9324506060
9137532718
9167788777
9870803556
9082535748
8850108026
9022989366
9833602727
9833021702
9167058527
8369511197
9819537774
9769350937
9664528604
9136619505
8652292092
9820944332
7021411217
9137006920
7666333515
9820310707
9833407437
9022274022
8779968005
9325610248
9881514196
8855074554
8071408465
9923106277
6375847783
9579011349
9728785776
7020149614
9813938968
9996382387
9256754400
9922200618
7822821721
9657576778
8421521822
9766026466
9422170601
9767427427
9822258000
8087740777
9823234205
9822267776
8390639801
9834401979
9545430570
9096788600
7263826731
9890684675
9422830709
9850894264
9860535160
9312611682
9423185530
9421714500
7588881156
7420863930
8208785705
8010335645
7507333250
9049396745
9834022742
7057413403
9422130184
9766777066
7020470782
9923929305
9096353705
9960233628
7588564208
7057546708
8668946400
9834790296
8788031913
8770869850
9579906800
9356646470
9372218602
7987757059
7620594717
6262702027
9011533656
7000729231
8928088501
8928368938
7385585280
7875045459
9322775565
7666711207
7798550845
8071681868
8329711483
9326820066
8237676203
8999410654
7741965495
8830837946
9860950932
6260311437
9637314124
8668445342
9325259575
8080052448
9326764883
7020124799
9823163823
9960430843
8830449379
9725709725
7972731385
9049565131
9325811707
8071408486
9403378300
9158923923
9325325853
9767442356
9423384792
9637805565
9923228882
9860398489
8080802421
9024026458
7000603522
9324095950
9819592334
9890898998
9518390765
9169919168
8237596628
9850696471
9270141302
9860929190
7276988333
9860241535
8976783183
9322922223
9373009098
9970176014
8652421150
7218790612
9860504181
8698983957
9320358845
9167512300
8888556118
9822113422
9324927477
9146308983
8087469826
9022083366
9823712286
9822011662
9833653300
8446261950
9881800000
7498624545
8390108388
7498393845
8329505595
9322970055
8879467161
9028845729
9422482442
9970943452
7821082300
9850876540
9822877865
7776939464
9772761761
7045404637
8010847798
9821350344
7400025651
9930635771
9920302045
9969432268
8108336225
9933737955
7977653744
9223371002
9619303010
9920596262
9137680562
9819270645
9987140033
7666661303
8169688171
7838375219
9819848588
9867294554
7045492303
9819721569
8369522590
9820082643
2225671302
9821115699
9029020107
9324420947
9769394884
9892868907
9821241127
9820811365
9172999052
7039800190
8591123485
9833369777
8369473412
9867234249
8652371184
8454950555
9920101396
9892954927
9967390165
8600865945
9152505560
9819050375
9594656565
9833253064
7710010020
9765084543
9975316721
8888697397
9423412530
7030144999
9850328843
8149192622
9860132987
9923211263
9420363040
8169207394
8369712223
9689421004
8850648963
8929787293
7400262020
7184254744
8668608104
7758009159
9511719157
9422833426
7020459020
9766687711
9423412981
8983712312
9028213197
8209062481
7774045811
9405314088
8087220054
8149815118
9423605960
9405674786
8062689450
9326411811
8983206648
9423248287
9373540133
9970914180
8983379660
9021249315
8698547454
9730927065
9096961954
7184252878
9022830107
7184252222
9850332835
8857965590
9422131110
9322311297
9833913722
8692897501
9820658044
9930878244
7738123124
9820821143
9881104073
9021687848
8623972787
7972025213
9284274495
9657402056
8380940742
7058875418
8275834238
8605857879
8208585972
9403822490
9049476344
9922840509
8766049621
7249174510
9405499337
9420783590
8055279348
9423422109
9422906346
7083288034
8319371997
8329300814
9152517169
8552950481
8605243175
8275548487
9423122932
9320724961
9146387003
7020080093
8071682901
9595567934
9765428949
9405940554
8237636414
9371961784
9767899079
7776001126
8956784694
8806794567
9503162121
7132295494
7719975977
8806837800
8275751503
9021359405
8956210521
9421735457
9819479721
9224309856
7021286462
8108351130
9459326666
9619619383
9969805139
8779655370
9022336505
9152713312
9987588932
9987579570
9833442004
9321330451
9820893251
8104467956
9653685638
9619070654
9869486418
9324011864
8691004390
9769699795
9821844265
9892103999
9152123858
9833808612
9930946361
9820482022
9320022005
9833506829
2225694612
9869125530
9820889783
9820214687
7977424950
8169455350
9625691857
9967640419
7506432111
7900127048
8591718871
8108909998
9167450987
7977344182
9513392587
8883725555
9773181911
9699774499
8956033409
9359475006
8007474769
9860615546
9518746108
9967839425
2268572222
8446795787
7041651652
9321105500
8390779969
9960866625
9869607478
9769991189
9021052776
9822241342
9930768999
7710920584
9156999765
9689890283
9820708516
7741021307
8669558405
8625939570
7744910555
8097515151
8767335935
7770007820
8796281001
7304402220
9029448448
9822029927
9029027700
8291737670
9168036346
9172654623
9619563211
8888885869
7788994415
2240055907
2267988318
9175912610
9833160387
7026023000
7290045800
8806348512
9333333911
8071963996
9545014893
7507426738
8087696444
8308001148
8459846938
7517868976
9130281053
9673422005
7507094713
7218167321
8390300005
7038831281
9689800591
9270178549
7767945163
8767656934
9595316713
9823248639
7057530427
9890123459
7020032605
9112623234
7620742935
9326988188
9370717669
9764533767
9422817246
8390524737
9923085169
9822579983
9422130672
9422122522
9637774443
9326800038
7020022644
8668691502
9422721772
7588770065
8047947119
9860496007
9527463000
7182251353
9423191370
9372122044
7020945773
7447445701
9011073898
9284184731
9769966196
9222553408
9136699280
7057249698
7507266260
7738337542
7506445687
8698882229
8591332426
7738685281
7021686929
7414921176
8149475945
7400425008
9324920709
8459060453
9067168999
9225145874
9822469808
9822286530
8308080062
9619067774
9226224288
9860489004
9029998540
9833788666
9067788666
8999848883
9284727405
8421928427
8237247241
9594298649
9021051657
9323119629
9820073771
9867929756
9320441303
9552555138
8855899925
9987784735
6366454399
8007976625
8459026234
9702614111
9819817681
8356835226
8369161558
9892587757
9730171715
8082365861
9892283328
9321132125
7738013022
8655431325
9322241917
9222221924
9321899939
7777083498
9930776682
7667837995
9820065839
7208434444
9967448346
7769037553
9930052552
9820252929
8928729590
9833951818
9820326466
8779730176
9594200360
9833410277
9820369269
9619982468
9867249400
9320755566
9833578019
9004614609
7620775838
7700988060
9004788735
9967073260
6126728291
9819024069
8591627360
9136030910
2266978139
9920849832
9833864964
9773713130
8928544909
9820368478
8976880511
9892352877
7620630336
9850825552
9922256132
7132232031
7132233596
8454036753
9665472443
9588619779
9588612944
8459737153
9860559559
7588320085
7875205187
8530919270
7499911348
8766411933
8329917462
9405900441
9284780526
9175900440
8408049522
9359183796
7261997189
7499881570
8308646262
8668479771
9970124211
7774934793
7020662894
9325542534
8007863634
8484858450
8208292031
8380090063
9730332966
8459304560
9850186175
9423573962
8999283418
7218673851
8625960014
8308439090
9881552661
8483097085
7972713695
9881016840
9175997293
7030354065
7020242520
7875691122
9209040992
9767457155
8071935446
7058878911
9141444431
8888202245
9422843024
9359780956
9529993150
9545570405
9518334949
9421715973
9923198327
7058820680
8369683260
8169290468
8007982123
9987520798
9279245095
9869834411
7517927464
9322576500
8459855275
9595265652
9890572779
9307266693
9834199770
9823266345
9923256950
8087756606
9923110095
7972077049
9637781356
9595340143
8551974699
9326822333
9404841333
9923598813
9356969349
7350383347
7773950975
9372939139
8275298749
8605924079
7972158931
8668931340
9922513611
9922007170
9970062719
7020803979
9699522248
7875575837
7721915952
8600486922
9850044928
8208793839
8767517990
8007347576
8552025582
9673040073
8551996089
9403574430
9588693536
7719876673
9168238251
7447261772
8668231780
7972607608
9850669712
8830446475
8793112354
7888283629
9673515604
9370321552
8484988937
9822566558
9822087771
8669864654
7798621499
8007398140
8412005292
9890574966
7219629486
9325861288
9822203477
9404578720
8290343344
9834004071
9405712011
9850001093
9766522113
9689592326
9373371234
9552700384
8071499741
7172252698
9422152024
8698995444
9921558264
9422154757
9823270072
9904089566
9284661403
8421726230
8080161182
9021128843
9158980809
7498805369
7709838143
9890999876
9370533335
9422154313
8055545853
9423422772
9730815709
9028362777
9405961774
9420845432
9423416932
7666939177
9403820076
9421731308
9552561479
7020521052
9359263712
8008891210
9403334309
9325845815
8041295652
9423507000
9699809287
9511675028
9422117886
9764474822
9892925098
9594486407
7498484798
9403238353
8252541691
9404038228
9983098593
9422150921
6307938738
7038986757
8788020603
9699707707
9967600360
8080747623
9833500355
9821563228
9833279013
9555747873
7021894905
9769830324
7977445130
7021227849
7766009219
9699513923
9870010205
9167604242
9892337598
9004046902
9082853552
9074698146
9820334134
9967063006
9920465183
9869424621
7021348186
9049217775
9004759603
7208349680
9082332842
9833175205
9867718468
9820925460
8655556600
9769756513
8433837282
9769985690
9820187443
8899340340
7208521599
8104860406
8108757564
9920555551
9892776855
9819477748
7021935172
9324848653
9892628821
9702222334
9769217714
9820259923
9619092335
7709381125
9321006545
9702885788
9284375575
8422034080
9112270222
9096800733
8983318148
8169222271
8424034148
9820912526
6468384107
7387089899
8459656379
9209966256
7578683444
9420053631
2242978000
7398377126
7387500555
9224314031
7506436965
9326106060
9561219111
8114081139
8983431470
9370386371
7264906060
9004814514
2246180520
8446647858
8149613268
7219696622
9699429991
9869943569
8983457575
9892110092
9222229727
2240158163
8268108343
7507599222
7977334360
9223449477
8888838219
9850977320
9579919187
2228284393
2246108777
8068210784
9820868175
9869417692
8007966655
9545475192
8446828439
8424854807
9067537866
8010737516
8087837873
9511603566
7410132639
8668704893
9766687531
7798334190
7387196808
9960486419
7709597279
9284377364
8010591270
7020058402
9561013473
7264890335
7776950996
9322260584
9834529889
8308547860
7507830320
9689263638
7219147148
8380903813
9890769145
8830856525
9175123095
9284204538
8605030397
9850280335
8830349580
9673036328
9172861897
8828002277
8007829013
9823643917
9921802280
8605638242
9673142008
8805034399
9921617949
8308665639
9518795743
8600058199
9373204378
9028976118
9890696090
9226215565
9867272640
9022188158
7798068760
9011894391
9987769462
8793531162
9768572506
8286864817
9665086716
9503813661
7385690659
9975545275
9975312338
9860720642
8275419854
2522220532
9369614448
9579645423
9552051996
9503211911
9323547999
9604894353
9762574029
7498086233
8180928157
9137010758
8605857311
8433300052
9673653582
9607517118
9356702458
9422150663
9373935673
8956102137
9146622073
9923024960
8668647311
8888624711
7820815641
8830998102
9822246644
7020656603
9411111501
9823296710
8087385627
9822569818
8956971928
9823103001
9834676944
7588554424
9579878632
7172254004
8999908811
7620946376
7775071773
9373310513
9385854126
8850868045
9818159847
9820683983
9082214066
9820818468
8946017752
9967285895
8097727001
9821544517
9821219088
9004268834
9909111227
6366527177
9076258739
7506701500
9819577939
8655066640
9920961261
9717072179
9619534099
9820279050
9870917783
8800013067
8983233733
9867242526
9607608541
9322632375
9665396386
9867211182
9028195309
9321292528
8692034433
8010025755
7700072141
9768174418
8149490487
7822828261
7350323479
9822822233
9890577959
9970733277
9967714310
9820346425
8356862326
8080804677
7400465007
8692066066
9082092919
8976767630
9975009988
2266787970
9422141515
8071682140
9595101077
9763235036
9021700746
7219247377
8956117893
8459037256
9112839041
9422121941
9834658859
9967442899
8554948207
9922442012
9511622572
8482868960
9766352004
9422142399
8208787400
9822099314
9665607595
9011391575
9518915073
7038946624
7066323909
9529565063
8623059887
7028678227
8888705552
7972452206
9766697303
8319456076
8805184454
9096968643
9823591053
9579633324
9970841044
9167234814
9595953913
9921532262
9637333973
8655290074
9921312604
7385168992
9970187170
9403328345
9021544485
9822728796
9423603873
9146002211
9370888844
9309234187
9822365501
7620938306
9515792395
7385615886
9850233331
8008891126
8421589642
9552164648
9545984608
9595513051
9960409396
9579146711
7020836565
9975082586
9326617645
9272375372
7276422873
9011102479
8928920008
8087765581
9420194972
8407939516
9404536312
9309974837
8800355440
9987610516
8433630887
8452099940
9702015171
9768644587
8591195291
8422996655
8971281470
9137326251
8108027928
7977475848
9029696230
7506222483
9819187487
9987848310
9821307631
9820752989
9987391479
8169178895
9137335730
7666289530
7777087734
9137546094
9029161273
9820502641
9082820577
7208548612
9820861290
9967720359
9029044405
9892872027
9004042666
8902989240
9820323952
9004138466
8097779190
9967053421
8879109002
9082414200
8779219434
9833193752
9892296080
9920725799
9819689960
9594259346
8928979747
9867006721
8767211909
8529825703
9820428399
8828381443
9223688802
8291255338
7977019292
8369234867
9930610880
9423367411
7977554557
9623774116
9702118390
8169118996
9769002188
8084963965
9321206742
9987277685
9021620012
9324134577
9422135143
9673928876
9822567825
9552022244
9767339344
8421943733
9604002239
9370324944
9822951777
9860256236
8830888570
9422137734
7499632628
8999826675
7172454947
8888770786
9420300047
8317257339
9146854091
8390044782
8600482244
9960250852
8830507526
9822563433
9975828478
9604647742
9764118941
9370324461
9766485486
9822233375
7775945788
9579187650
9595456984
9423115952
9511760364
9158395108
9011033440
8793873836
9819120884
9226224832
8446440754
9822595873
9920299149
9820431196
9819081909
9833807046
8652538060
9820622553
9323092331
9004382696
9322396488
9422346222
9323636655
9324340763
8208045736
9769421428
9372247896
7900170787
8108664295
7517321909
8433512379
9594663168
9082655961
8148143939
9870490520
8452816681
9773779422
9819296388
9920511923
8433866186
9833948010
8888111210
7875611199
7020585417
8421657859
8007474392
8407942854
9890887728
9850432138
7769976632
7414912892
7756885144
9657461687
7058598033
9503893073
8983655832
7984798217
8888111770
9307329835
7719989633
8421874336
9552438112
9860304892
9405529373
9970107796
8888981400
9096604408
8071499881
9623113291
9326191064
9730778250
9890382741
8062904839
9168522491
9822368224
9222911911
9822719498
9028849070
9890640534
8421580500
9834330802
9168176891
7218134915
9764191933
9765883128
7798941324
9766115807
9422576778
9370286132
8446268510
8149752825
9004816205
9222211666
9819692189
9619602820
7875327274
9594007379
9769611440
7620025240
8655167822
7738286462
9930662911
9702308940
7208071532
9768622165
9221481800
9769146922
7977604314
8530161122
7021184511
9820208527
8652371371
9930005600
9920921252
8976503905
8652375375
9222301920
8879299705
9920159109
8097772777
8097660969
7208999771
9833273846
8591661211
9820783304
7276972097
8433799140
9987741099
9920568917
9820002187
9892895116
9819669218
9967399911
9137779248
7738479148
8097150978
8080804189
9082187563
9125503637
7710865587
7208070866
9773735136
9152005816
8767710786
7261905205
7700026671
9619407902
9336444423
9666219056
7678091491
9769433541
7045796046
9769244456
9820696826
7303118755
7498497996
8451014036
7498318970
9699866090
9820443534
9892123836
8369045825
9892949555
9773320829
9930977908
9769580537
7208728837
9819627412
9967095735
7045747603
8080008583
7021717796
8828442110
9029494129
7678003770
9892693555
9930528805
9136836699
9372734935
9029584074
9833940962
9619460734
7977298861
8097268377
7718822776
7208996333
8450949232
9322304704
9850315016
9561766344
9175875955
9422191013
9405534254
9822562042
7172250010
8275785372
9422135105
9545571762
9822801333
7447331739
9421814528
9890391495
9922413477
9038028843
7404232329
8459363643
9890747546
9764442598
8055280233
8329907801
9028699992
9890150705
9011010026
9405709111
7387477135
8552842697
9765235400
9552745425
9307376058
9822726988
7083839089
9325761466
7152247188
7972246482
8087109962
7756068862
7448047524
9552272754
8008891144
8007072530
8788814014
8890528121
9325431304
8037838286
9175904295
8071683532
9370451452
7038962203
9075555859
9049572170
8308243570
8830162219
8070303050
8010109263
9923302837
9130839268
9156135724
7972668441
8459573592
9834944366
8459620440
8600273752
7248958416
9422622730
7219411722
9028611321
9022246973
8805017245
9529611462
9850047348
9322050734
9822640040
8071681317
7666176299
9028468716
7083864414
9307270106
9322581656
9422937091
8305185269
9860911068
7020971040
7665700681
8698901437
9135699755
9028466014
7020802554
8830050622
9623367926
9850481830
7083773722
9850590801
9922070807
7798055174
9850481755
8071640650
9405518987
8369058041
9004917540
9699122221
9892048315
8691946062
7666612626
9004887192
7304342567
8080220303
7400252605
9513238330
7304880427
8097397888
8422027295
8689893415
8976120085
8369552910
8446813359
9920619342
8928912291
7977029752
9867494275
2512991545
9820728448
9323603719
9773197739
9029870950
9029565931
8108105508
9820625539
9833608888
7977124884
9821282094
7038886727
9860376137
9324627773
8452005198
8355853678
9930648680
9930507218
9322222366
8828877920
9920574209
9820636780
9284307524
9920040010
9769274208
7738084355
8419955087
9967011189
9763403693
8828227887
7385231936
8856844467
7558222205
9223302300
8928311985
8169245070
9820247255
7208317433
9892410200
7208638590
7093502535
7900126002
7304921660
8808810452
7028386690
7715800504
9029645753
9819870661
8850660421
9309756359
9923157860
8237736791
8655543282
9765827797
9511769588
9112112955
8956244666
9665015505
9004438610
9890669759
7972593800
9960729201
7710039920
9011496772
7410586682
9890002609
9049540944
8975593639
7709540555
8999701766
7888125556
3366785218
8169869735
8669661119
9960078449
7045288036
9702027101
2141350001
9881716453
8828825020
8425854267
9922937817
9167860213
9969038542
9529131990
9867188080
9975848222
9405273302
2143252023
2143252418
7208729224
9833484647
9225199312
8055884466
8237496942
9850510614
9607956552
9322123866
9225732666
7387040557
8591949090
9822738227
6204196371
9325298089
9321641694
8380955444
9850108189
9225602810
9822269036
7400070503
8668946461
7387894375
8378036000
7414938227
8806066777
8888616699
2226836111
9067812342
8308571575
8655597863
8097884777
7020196087
9359474177
8071892412
9145142801
9823253283
7020332238
9561102890
9579911907
9921747567
9923173895
7276617686
9822464245
8975771776
9922334564
9325272955
9594913530
8369037550
9595664000
9822000096
9175511715
8999008052
9325477700
8484065270
9890791600
9765333937
9561374088
9860953353
8446733986
9096968580
8888111505
9226798564
8530688226
8928664071
9823427476
9665901592
9284535017
7744934110
9579808636
9823489404
8600850045
9552007776
9370230286
9326033987
7447494441
9764585814
7152240811
9767960775
9284981184
7387753559
7152260413
9156677766
8909077777
7498270945
9890793042
9673127555
9317177070
7773981234
9881258620
9970777075
9422860322
8888986745
8625070068
8830686577
8657568771
7020267234
7507210999
9657732073
8625872798
9423446200
8888050778
9421473254
9922782366
8855084297
9011711228
9850574434
9112398830
9403310166
9075932711
8975188108
8698889955
9022545171
9764079300
9822785076
9767880880
9404870444
8669280842
9423446253
8928486200
9422181074
9284799539
8421970500
9325453848
7248982000
9960884411
8446575557
8623886106
7588801615
8421208710
9699532965
8080734650
8329225471
9284050809
7030116632
9226183346
6261584232
8433734102
9607936155
9765537860
9226538135
9329312036
8107958184
7030655673
8888544300
9321426874
8446107035
7066546463
8380067774
7378887754
8286784261
7719077377
8830000914
9561150357
7718858900
8691097973
7666647656
8530141122
7949213994
9503592874
8390080923
9579518603
9619241081
9975673712
8010897983
9226866901
8149943396
9503256275
8007126342
9049731976
9137404860
9022906966
9921945669
7798407953
9309260525
8999256119
8698094663
7977273742
9850846789
8263095471
7507025757
9764992841
9561904881
8806018004
9511961004
9112213703
8291032917
9011964607
9822564322
8308786950
7083041342
9371115647
8071655360
8071912377
8855072426
7028341296
7340355370
9158712824
9765926061
8007828609
8037762020
9823669911
8550906497
9765681700
8850024817
9823987205
9697171722
8698931396
7822885058
7875560034
9422860010
8421882015
9518513514
9850202301
8888007911
9175853347
8071683804
8379848420
9372660901
8446339441
9850383558
9607043488
8008891137
8071820792
8010548812
7023582033
9623141988
9309122569
9021480940
9028516740
9890551219
9822665525
9404272116
9325969079
9923246102
9309210684
7219757752
9619619937
9422180465
9860167049
7507996767
9860729286
9422958030
7066797875
9552569644
9011241604
7020818756
8010725020
8379061724
8390806835
9922066112
8071682864
8999097472
8888533301
8149710575
9422181506
7020977717
7066582004
9850345232
7066475664
8806116611
7385718688
9960331146
9422181592
9552851513
8669072605
9226581879
9552453911
9822529992
7507951212
7066820993
7057472556
8446944439
8055803416
9850308849
8055805919
9503550146
9422926883
9822229030
9881439099
8329653190
7058180489
8008910001
8180028141
9730818078
9527491135
9860161963
9820820211
9619795851
8422000688
8108121787
7506976747
8652522555
9870802348
9220964868
9594911212
9819687659
7208406123
7021888713
9594971717
9137142068
9004415040
8080880700
9819066205
9324246318
7039304001
9320997278
9137131724
8591150090
7900002439
9833432251
9146733860
9869151757
9323150492
9137968605
9967057273
9223503888
9320035087
9324509958
9769886999
9819814077
9595449487
9892526592
9594663033
8291501739
8169070774
8850296489
2512446929
9321321931
9821727196
7887451885
8976112585
9769533675
9930306389
7710051801
8828259500
7303142400
9594913073
9096789344
8999957370
7983886346
7020140480
9833999876
7021744520
8600173187
7820879091
9225522132
8668901439
8600178793
8669722578
9930117197
9273575800
9075455387
7558221107
9765489644
9960447103
9730443941
8788236158
9619162086
9309849378
9270070520
7028322811
7028564606
9970361441
7774026846
7620586745
8262831329
9819910415
9921798369
8169796300
8788263684
8308427565
7028917324
7045493358
6391207076
9022092506
7410099676
7891489789
7045493149
8446290999
7276388828
9819888999
2502348726
7888161904
7447490011
7057817455
9373689233
8956124196
8888157389
8956142430
8999783194
8793733010
8071889782
7385332470
7773903508
9922841899
9922156068
9860822059
8888780883
9167059331
9421898989
9579013066
8983524889
7020165565
7350890667
8805860569
8149158129
9834583780
9168596669
9763078766
9604935959
9422167686
8999140928
8329735278
9822842666
9604384336
8888138013
9767878435
9604486099
9503442929
9970761994
9403458634
9112894387
8975115371
9373388495
7057381954
8483925323
9372611679
7447368268
9203303000
7558635648
7796663377
9373587823
9623048864
7972711042
9405582181
9834159703
9011333688
7666164007
9145492229
8286147155
9764256257
8983330014
7720850958
9923441461
9730655300
9699964507
8208531072
8530849111
7066453268
8446421103
8180064333
8452996747
7770025686
9545707172
9823276948
9284189267
8485835675
7709019140
8828326511
7385283597
9890393281
9325768691
9156655600
8149562569
9096898088
9359639377
7264977766
9209811101
7666604546
9975551222
9637869536
8600864060
8379993300
7447863350
7219610070
7875598293
8983680492
7620261773
7276606684
7020048231
9820214679
8693889898
8108804541
9103243020
9730587095
9422714912
9370867881
7776054555
8605838779
9284476932
9822491520
7798771203
9309818980
8390638916
9405946635
9552224884
7775097999
7030476868
7038422666
9764594000
9970875437
2141225388
8408088406
8080160918
7517518884
7720866177
2141221228
9850170005
9930044785
2141222084
8888008447
2141222024
8007866688
9421163998
8263812580
7298596969
7588270707
9423305224
9689560238
9823230159
8237548436
8806288365
8828290777
7588570917
8806142779
9158301492
9422434948
9404707120
9545437788
7709374389
7770004563
9405299530
8010308357
9422913386
9307572037
7447889457
2362228758
8668398421
9284151346
9175909546
7744028502
9422160883
9420182797
9421485809
7709717274
9423601278
9602962195
9423041941
9518961087
9421843426
9923021220
9623568688
9307582701
9921175353
9834530651
7350467882
9004057186
7775897298
8830834544
7218701003
9850525426
9766382327
9960182564
9561364949
7267295151
9766695667
7744889536
9156728617
9860375652
8071499593
8071682730
9075059812
9850336391
9822462793
7057654406
7385901340
9763557126
7020120821
8999270802
9226691919
9604521321
9511869002
8169457280
7039302707
7208383838
8591124017
9820058209
8652826970
8291697711
9082641983
9892516908
9022040421
9321145432
9370994522
8149092049
9321964830
9594202107
8657143893
8976473555
9049995918
9004055898
9920776646
9422432125
9769602909
9022528952
8369379213
9769140135
8769073149
7710044244
9729113059
9768069824
9820324136
9324562772
9619625598
8828038883
8169049852
9920971107
9082084005
9320847005
9322003917
9890521619
9833312192
9594291938
9322661794
8169056385
8879118472
7304551619
9833497769
9888834074
8454024668
9757050081
9769393013
9420021163
9325882024
9767943934
9545247280
9689179442
8484923607
7058328764
9595388788
8888089260
9284406951
8830522946
8668769554
9765544344
7038555344
9665633480
8149994242
8010797427
8390154461
8788728875
7218409811
7709579597
8208385468
9970154143
9822925477
7350499862
9370748481
9082187547
9145604440
8956656936
8888455865
9764381092
9890421474
8698489318
9561812737
8149485588
7972023399
8421111616
9404299936
9423311660
8888123334
9423664203
9371501550
9175835111
9860220881
9860779222
9028621401
9511817365
9921196364
7083212203
9637201203
8975634819
9156562032
9175850780
8007154786
9823603511
7219443771
9423672367
9665009191
7083855472
8999881326
9823745599
7558773093
9271284637
8008891135
9921222143
9850264740
9422181859
9422183821
9923379203
9850859861
9665969273
9850982235
7350406090
9699818501
8180035903
8888510481
9579850454
9766962879
9850356372
9822229898
8329054846
8668545671
9823393739
8805538528
9823043270
7020436063
9011976864
8983523923
9359948258
9096649667
7709696464
7249011802
8552826083
9552129095
7020185149
9921255368
9021404510
7058382187
8291220014
8657101865
9819987634
9819585651
8424832233
8433517020
8080656677
9619646870
7387742954
7020951989
8830538886
7030868145
9284441397
8856927985
9309146128
8888692614
9890858803
9657674057
9146436961
7757882874
9890842073
9595952995
7030790361
7620132637
9423089536
7875174552
8600321851
9130206901
9665381830
9922696291
8530889287
9922993401
7242490762
9766316909
8767925118
9518934823
9011119174
8806156814
8208039692
9049824821
7843099952
9356483122
7720991473
9765738788
9766768555
9420435873
9823046002
9823914664
7875712375
8888838798
7447211737
9168462701
7721848035
9604341246
9325212525
9923157452
9665777694
9822368369
8719037051
7219450679
9238568920
8419968992
7798455888
9168401840
8698888866
8888013687
9405527686
9850861946
6262620521
8999516971
8975809284
8087220121
7020319456
7385764064
9511827289
9890092705
9604803463
8807074242
8888775929
8879075427
8149272372
9960296464
9372721111
9326272678
9423295241
8007799777
9689064691
8044568082
8010346746
7770008445
9226582082
8669393948
8806600137
8149926552
9403937095
8208144454
8999567371
8007306033
8055580280
9067407791
9404443677
9356974710
9326481818
9209191686
7038579725
9209990623
9823360444
9405075349
9682468949
7977960216
7039007733
8655141381
9004910822
8169109210
8169800063
9833446060
9137069261
9920713803
9930815812
9152676020
9967283664
7506051761
9167444705
9373677607
8879344345
9869568291
9769670510
9773442023
8144224243
7758821153
9270636130
7977093236
8779856838
9029810911
9820242821
8879162107
8484931669
9987402157
7718898820
9779774178
9967666543
9867084591
2227452618
2228879015
7304691339
8591222344
8928121483
9702000458
9769817389
9768262139
9870777080
9594395577
7719990511
8422007722
9321280121
7977541849
9152220808
9082401481
9820051511
7977687347
8928681840
8938931515
9967933703
8962898962
9769787847
7710059960
9920689423
9702924687
8767009944
9987327890
7208195869
8082514044
9833000468
6363588521
8591765701
9082711600
9867705966
8200242478
9653195053
9869048399
7977761156
7977621455
8487948132
7498854156
9004044220
7028899422
9970523794
7776880755
8788286727
8433965606
8169947180
9137588021
9324354629
7977775683
7718979214
9029731346
9769944011
9619874617
9022446197
9372925123
8828444848
7506195665
9136941509
9082146112
9326055621
8976593179
8976227289
9768409337
8928400061
8286075375
9820657515
8355887931
8424009988
9820481065
9175046671
9763763000
7719977200
9920909701
7666860672
2512565999
7887425693
7021057816
9511206774
8698049631
9272136659
9834027522
8888884933
8108818055
8390736504
9922666514
8766514872
9320045657
9370116642
9049104040
8806677240
8805841485
8788662442
7208840630
8421613655
8329484312
9420299936
9823773000
9860755608
7385666555
7387920079
7620788615
9970352452
2512522139
7350931313
9370991915
8975517929
9322910480
9699527495
9763699980
8484959655
7770070694
9325295005
8805822636
9370764421
9423432028
9011444912
7498272896
8446385312
8888864692
7744888664
7373601100
8275399717
9665105058
8999662854
9272190309
7709744007
9665178350
8793395031
9158320018
8668537238
7276897342
9960775588
8040006876
9420372544
9511256393
8071221583
8888220132
9130065155
9765600643
8888870568
9503027737
9822219887
9405167539
9226776042
9423135264
9503355205
9422166525
8554848786
7775056106
9595970823
8888305293
9422166407
8007866321
6126711266
8888497720
9097471111
9422165476
9168464697
8459484457
9527501287
7775812888
9028139397
9422163111
7242800402
8793215326
9960762121
8788026996
9423235678
8329173334
8999876019
9822422803
9326534912
9372555758
9420704550
8830170185
7030789969
9822265133
9822695403
9850561828
7798410384
7057668019
8045950040
9922103377
8007002132
9028288066
8010940902
9011459340
9422959713
7385302325
9518367334
9370087828
9860142499
8805676326
9834104164
9970394254
9175336060
9665550116
9823523623
9921839572
9797666893
9665056382
9579295554
9049199894
9370673365
9075000378
9423127056
9422862775
8698191333
9270808618
9823073129
9637996691
9137356645
9209176288
9156789196
7083553300
9146863578
7021911805
9324332562
9881633000
9767907027
9527637134
8888212171
7620522720
8149572802
9890556126
9284726303
9321309006
7823803645
9011226365
9011158533
9833421079
9975541822
7222828287
9322818740
9819958890
9673143314
9322547822
7887786322
9545886265
9370071278
8237667755
9022599044
9552053588
9594777766
7977802175
7400270607
8766917300
9860258179
9769844797
7045098158
8788855685
9822260222
8237885716
8097247375
9870749698
9324534297
7058177839
9890791376
7030869402
7774883761
9028373643
9665262466
9823177101
8408840877
9423433088
7038442282
9822042528
9890282815
7499154098
7721077473
9822366625
9011900777
8686184444
9850355550
8999252911
7232250467
9970692999
9822226634
9923588674
9822940697
7083847286
9730246965
9130191373
8432134711
9561793668
7620503702
9373992133
7387189138
7276319518
7242438531
9822923958
9370437388
8600111238
9021222329
9146105551
9823414727
9657550387
8087861083
8421355330
8668862411
9145577770
9822222141
9823007660
8008891145
9049330131
7387066774
7378745647
8668920699
9404933933
8087791150
9422631532
9422055305
9321312367
9422054835
9767924059
9604062433
7999676767
9404444578
8044465449
9730665220
9730824588
9422065181
9209754499
8149159288
9769890680
9167073094
7057376663
9028980530
9673197366
9404438706
9403933498
7057090909
9764893003
8956931120
8788286526
9673840309
8275631444
9422093777
9403692362
7410707444
9930168147
8037376931
9823504850
7304223377
9822686456
8983259094
8652332407
9402442222
8767357113
9422591173
9920274449
8554998051
8806208576
8485819119
9511871688
8329495120
8087736268
9881761261
9309997675
9764868427
8181925858
8411896959
9823354607
7821928303
9404005751
9136981319
8411999259
9421958147
7020507181
8446477130
9960711517
8600336461
7498515782
9518331554
7620011451
7263924632
7447337424
8103323247
8698460071
9112309761
8208993956
7774876340
9850415908
9356699619
7972577971
7875973537
7391940587
9552994650
7020509270
9422190310
9028633126
9700001612
7756826214
9096206031
7391972560
7798767936
8668527253
7972510183
9075719747
9766217821
8308718028
9923115159
7249293617
9082312471
9136819004
8308470011
7020899633
9321797935
9699470557
8847747700
7208994339
7276783376
7387680486
8879320005
9860004843
9819031157
8879762644
8655449052
9819188064
8055098444
2512704969
2512528111
8097241895
9320190777
7276183030
2512561656
9970295155
8452016956
9423022468
9769899913
9323887586
7900031195
9921117700
9028209504
8779452723
8830727426
7709956446
8828813131
8655580803
7350689689
8605027056
8788820180
8888762889
2512561555
7038572200
8850098987
9321288442
7774853538
9356137500
7972066736
9881186969
8830653645
9404475313
9130601800
8078685131
7242423167
7798495737
7020212278
7498638823
9028409465
8062365356
8071499732
9822265155
8037838285
7242459636
7030737773
9922477299
9970127806
9422860849
9766446194
9372504746
9923298464
9923399917
8275412067
7887534601
9421958296
9270061665
9503705035
9209488228
8208365151
9595722799
8459989591
9028931894
9284072241
8485813897
9175960900
7385059197
8446159481
9766923844
8999954989
8007916789
9623128126
7350074046
9960388567
8888279170
8856097212
8655476154
8180059634
9930040191
9090204002
9834733480
9226966224
9325641777
9975025160
9422678035
7414979794
9561548151
9172883459
7875899927
9890766744
9579081636
8180067703
9607766695
7030978622
9730634445
9270441550
8087136398
9860155361
8390194654
8999072268
9766527670
9130819719
8446539264
9765645792
8208801959
7219475681
8308930949
8983152852
9422157237
9637177408
7387329866
9422156729
7947469512
7507348881
7020660066
9665557800
9579831581
7387873131
8888662110
9823025147
8208846078
9767666637
9823108583
7385246236
9767877466
9730774478
9561290899
9422510467
9130016012
9860557038
9370524810
9764792786
9423650303
7709821906
9823141715
8275035645
9423430273
9850670628
7385345020
9702118817
8828546060
7798011624
9322332294
9172966488
8454939905
7756950820
7499506028
7768053040
9136519494
8668967710
7499717891
7620368850
9967235811
9920068841
9860690041
9960789065
9323297518
9568817454
7709230959
8805227107
7972147742
9730482620
9096088751
8169233383
7666532114
7620038455
9067322178
9579304885
9665543039
7559441397
9890451468
9022049780
8097115971
9665522958
9822319217
8329333543
8454880895
8446346759
8149277180
7972301843
7397988809
8381047014
7447699016
7559250671
8080230456
9833373157
7387546932
7841060909
9822718743
9096066632
8208650687
7499303372
7517924206
9881908706
9921300926
8411076605
9326626699
8046512448
7387349434
7058820786
9561242224
8793864232
9325248108
9028561234
7709062666
9595515686
8208456757
7020310197
9922968708
9503113480
8087377009
9049888817
9766774855
9423430320
9420104505
9156564183
9975376969
8379932401
9960710384
8432808899
9168399330
9579060514
9422160776
9405518900
8421113003
7776059900
7588764044
9527756748
8657996500
8600152837
9921183434
9765657778
8421363540
8421622296
8766943349
7709047021
9992049993
8071889631
8976792056
9823190852
9921614151
7499203145
9765324251
8975237307
9371777880
9579186739
9158111140
8830975261
7212577739
7718899060
9422156611
9422918711
9158196123
7058989739
8208592351
9373838530
8007613920
9284088440
9607345565
7218562441
8830325991
7498050378
9049531517
7498113416
8087517003
8830710729
9834002779
9421538454
9423905460
9421445889
9822282219
9172719809
9970433903
2564229886
9637732200
7498263235
8380888303
9172104209
8329479265
9975380193
8554862066
9922009050
7620632423
9819577002
9320770329
8097920836
8625982787
8850583598
9172337586
7042737894
8793641903
8983477371
9822652555
7021183032
9511737504
9767456171
9860013508
7666122144
9168565499
7678046379
8369611389
8446361907
8850814093
7972508536
8446050785
9969537514
9607630666
9322874690
9503274842
7498560397
9890413646
7350468028
8421590939
7666737836
7767078079
8390365023
9987098237
7620269078
8983970089
9833970760
7030213001
9325659094
8605930775
7378389310
9152728523
9370181020
9130025414
9158444298
2355257865
9156913216
8380087455
2355230009
9028562157
9881835706
8669627661
9156755765
9975147007
7900706010
9881100819
9028793511
9922707909
8600807787
9822504850
9028777895
9860798075
9923402395
7738595160
8551991006
9767007394
9325700145
8975232173
2362228551
9145550000
2367299214
7887959729
9168849418
9325398862
9372122585
9158163285
8883878884
7796753782
9702893740
9850397507
7620830026
9890550111
9763539460
7769856755
9503469848
9767278692
9561243762
9923190155
9422161180
9975743678
9545672001
9689245317
9822360708
9822299898
7719940664
9665029665
9175821120
9921883533
9822573669
8378970445
9766757232
8485029795
9881215873
8999891103
8390883222
9834223386
9022866183
8007148053
9372387515
7020445943
9112891288
9421740698
9420238387
8390675468
9270722283
9823666993
9029050522
9833567562
9860095058
9967596672
9821219430
7738982987
9920600737
7304004012
9820537443
9867200025
9324984332
9082077413
8898859488
9022330603
7208132107
9773550399
9270764977
2248932793
2248968146
8037840220
2269150987
8928917787
2248934005
9819490021
7738305999
8452070277
8881840840
8793396252
9503888398
8425168755
9920096686
9765408949
7843086199
9960227803
9657707268
9923134645
8317292661
7387131738
9130077498
8605410327
8600171558
9561106764
9823359156
7821988426
9730445438
7030808488
9270157235
9850646662
7588844694
8669394327
9623466661
8530985117
8037688092
9021166487
9420719494
9623574735
9421786085
9130969538
7038091303
8796058827
9096261419
9561043383
9730944374
9561616278
7768916254
9021421466
9096215541
7741077666
9730820910
9284722546
9075135042
8080914787
8446908440
9664038077
7219465795
8177859981
9168212344
9730434001
9860635076
8071683805
7028922933
8071499878
8530224203
9403308694
9420715689
8071683235
9923166696
8855996655
9657448413
9960478709
9890644550
8888498800
9960748657
8855883634
9371271454
9112200795
9665522790
7972873537
9769848538
8983652648
9870063411
9892334554
9356327956
9699825447
9987927632
9324830056
8767386527
9918774170
9967699327
9503705667
9146034441
8600727887
9637408774
9860550003
9552651859
7278880880
9673652275
9890030167
9004166450
9588621415
6203622457
7666352217
9975020330
7249465748
7276138017
8805152654
8805988960
7601005555
7977101951
7559425734
9987775995
9930221494
9529241431
7021170661
7499269484
9049047984
9321590135
8446820835
8169938862
9763007503
8286427996
9594696135
9767560560
8976370362
9082607621
8169727896
8446200251
7757967643
9820699974
8320282138
9765481919
9423980198
9422984335
9860415800
9422733559
9850591486
7276198758
9823227142
9359716370
7357145416
9579381510
9730970566
9664051527
9325151567
7588100450
7947165784
7057045500
8329134185
9823609120
9975767393
7218108120
9834752068
6397142635
7066489706
8087712144
9422789196
9922945306
8668603282
9970387810
8767656672
9960980054
2564222255
9970276834
7350005519
8046984910
9922295665
9763169464
9823062935
9423229648
9975463131
9823888295
9156835240
7030723925
9921215196
9421478560
9156787420
7887694999
8975555424
8291537547
9156915818
8071912381
9822713032
9594232398
7710046300
9822514804
9011273463
9545050560
7387700584
7709957644
7875355888
8087312340
9096744515
7212590021
7522916870
9822506376
9730085777
7378677710
9527932358
7875380283
7798384525
9421573366
7448126212
9822355128
9028929300
7030471727
9923118989
7020855038
8999985749
8208806269
9028615407
7620503060
8806605126
7030223341
9359592028
8799960059
9403403900
7875805367
9325497647
9423424391
9130993711
7212572358
9271291746
8149132304
9960629738
8037537845
9270565515
9975897272
9890142466
9665236119
9112122541
9284962536
9320170184
8484883290
8080049284
9821014006
8698390779
9152198317
9321527238
8390001532
8454861038
9096894560
9867590030
8452828345
7757866658
9561683024
8767404531
9810631333
8879749024
8698021281
8451876711
8766575271
9665660102
9004131860
7558736410
8329573722
9664091110
9561303304
7773985188
8779297452
9665913388
9867387609
9324979699
9960759360
8369770882
7977370983
9028720198
9322205128
7303736040
8390887577
9545111090
9371837115
8007442026
9768564630
8550972054
9834387679
8530326767
9518911501
9284585695
8087013002
9767880054
9552570669
7276719554
9130930272
9371132230
9921235269
9049524378
8459926143
9545858029
9423918868
9850258725
7276116391
7756034811
9922673007
7066838508
8446633170
7770050896
9922112295
9404037606
9823161647
9158083465
9834629580
7768033465
9822617157
8888577777
8888938984
9423282252
9011612789
9673195177
8928222065
9422286386
8485053614
8605223602
9823215966
9850008791
8668440603
7558604929
7620052424
7057778808
9834556533
9028380275
9392911212
9529727382
9763809290
7821096436
8668405157
9265904407
9156291249
8319082831
9920948428
7083155507
8055647755
8698403531
9423649384
9823387770
9422156989
9860662593
9423123456
9096460619
9823644902
8485879767
7620715626
9665533189
9975530580
8788633245
9568582453
7030310762
8071683295
9828636521
9158808470
7774906543
7020803946
9823595990
9370663663
9860132545
8920940661
9657246845
9156382048
9028662190
7757036657
8446748845
9960323939
9822232692
9970112256
9156848365
7066615171
9763599351
9325288113
9823278880
9404472270
9890054965
8585955285
9325194187
7942811864
9403198400
9145784478
7212673660
8551086251
9422541382
7397920955
9370108776
9764863599
8983231432
7620149459
9422429347
9373577646
9309108755
9823312049
9834908231
7030760074
7774021475
8329486363
9975235757
8830813244
8857870888
7798749192
9823226826
9922991757
7620746156
8956055043
8806523102
9823382447
9764638828
9850282173
9422285098
7031314848
8888051566
7588115503
9923017210
2562236336
9552680007
9850258851
8087241474
2352231114
9767258831
8779494179
8551889188
8928118212
9049104501
9607291513
9356675003
9556514793
8446339272
9527640401
9860593066
8308141817
9372590015
7558388499
9604104325
9503698431
8879904500
7558767838
8484804022
9527863506
9766094482
7385499879
7972504025
9356401188
7057575745
7030587127
8888868002
7757852708
8421387421
7774096111
9699180842
8080593865
7875067777
7709120085
7558584162
9029587466
9225918608
9850353417
6387714978
9049607861
7972746535
4461733321
9503988788
9370651950
9930001535
9321428912
9422964138
9860747617
8293828181
9960194806
9422374165
2367234000
7972281583
2352231640
9405338354
9975046456
7972638297
7447849574
8390058900
9145403005
7027799171
9673046754
9403033383
7709488424
9860227760
9325998661
9421804635
9422377273
9420918982
9420203499
8329483554
9011086861
7559462705
8830786779
2352220902
2352224844
9822486144
8830313228
7276090609
8805793093
8425848181
8048072458
9960835612
7020368708
9970155185
7083095566
9422052088
8421756649
9921394567
7768022708
7498003309
9890015463
2047170000
9699058045
7415617775
9422793411
8888201416
9422753750
9260185642
9405868627
9881295495
9766266712
9673009992
9423981899
9421530805
9422230325
9926955822
8888855211
9423192879
7499968622
9284660539
9890097586
7972573048
9370776402
8071890042
9011865444
9172400532
7972155911
7796659775
7435852263
9923471645
8208919502
9049022444
7720073000
9766960999
9833874858
7588330139
2047170070
9503110789
9552235351
9763802425
8065078119
9371881860
9970816569
9307696452
9665070703
9518714762
8177884455
7841834938
9309171595
9765594018
9028463769
9522968630
9022566114
9011688923
9511802190
9420108680
9834244855
9284745532
9423492014
9595202498
2572224333
7028384403
8788936625
9822677726
9595355566
8485814360
9309860097
9370003997
7709867071
9423494486
9422790155
7768078368
8390183645
7020139769
9637053250
8080171703
8605125588
8008891129
9595970815
9555219106
9960996655
9890308927
8999499788
9960637052
8698423226
9155443358
9823979817
8626089799
7420880244
7058536566
9665766313
8484984898
7420897918
9823984246
9421534534
8888300982
7798313596
9960752561
9921041589
9422366134
9823871385
9823112089
7744891040
9960713134
9156788189
7020336013
9423860000
9923221835
9403646276
8619773586
9595312191
9834004100
8237042989
7798677682
8087259200
7797867862
9056405640
8446167765
7774896000
9579188497
8605400302
9820363807
7972604693
9860026880
9623874878
9699199959
9970258132
8483846282
8369766400
9146001349
7709248108
9960723307
7021022928
8097534880
9892297620
8422967000
8698822257
7798476111
9029221189
8767708084
9975708381
7972796175
8830301133
9561404361
8766951702
8981363599
8108417991
7758011679
7977032375
7021524108
9766145654
7774004528
7507215947
9970005565
9373072406
7385999474
9738206206
7769816214
8830832221
8718979797
9423779012
7387020300
8329444120
9145145199
9823446827
9665475729
8411081676
9421010245
8830257277
7066264807
9096452183
8830477974
8010969967
8862004368
9370068668
9922243598
9850066971
7972441305
9923363134
8407994805
9422210610
9373785556
9890098555
9970053008
7588011752
9834566797
8390500289
8830973799
9823977276
9834777488
9518310723
9158839917
9175720973
8390707083
7796511995
7038204523
8459307530
9545225847
8087444162
8329062945
9021971222
7397800999
8600977169
9922470031
8830746212
9970220425
9595356565
9420969000
9920222825
9167579555
8879659622
9702926968
9833007871
9922590649
9623655111
8141225546
9022411131
9423368269
8149888592
9769468816
9984922167
9320688233
8177922477
7972550072
9067773666
9960460540
8108235545
9922616482
9768838062
7021206698
8604333020
7666194888
9867811645
9819979475
9653112623
8286721174
9920982172
9004078374
9930750075
8879089789
9819306126
9653498156
9324571138
7021198834
7208299363
9821274405
8045682024
9987775228
2265152013
7304841816
9594203001
8652610671
9987486102
7678026106
9137091877
8424949819
9867400588
9137789399
7709241707
9823140103
9822407001
9823667879
7755962624
9923144464
9823332266
9423980005
9923783643
7620661692
9096222177
9890060647
9890060287
9422534727
9579468111
8888359080
9373441905
7020151869
9527548646
9423979946
9619963331
9137521287
8482810786
8055806654
7020093843
9423525400
9404184741
8071912386
9850659871
7057758378
7719008860
8999441831
9322412522
9422755721
9422788580
2562233043
7020359272
9422286981
8698849319
9028392300
7219069083
8421135115
7383032407
9975253548
9150571666
9260009313
8879361471
8329291392
9307594725
8037762009
9822303430
2172318678
9420711522
2047170261
7508393939
7020916873
9922217858
8857865353
8888105903
9067855055
7020799831
9960840362
8888050259
8108244173
8600154959
8888500430
9423409830
8600052494
9850967854
9545134831
9850280032
8356846003
9480660205
2172724932
9420356796
2172320641
2172316909
2172626106
9975512866
9561171888
7447554567
9689272575
9960869711
8208687991
9657714745
9309863646
9823257863
9975879175
9021584378
7057715364
9923617865
9926364177
2172748760
8999004361
8898803716
9321937139
9004301430
9930131204
8450989083
8655511885
8425830767
8097207700
9819262114
9326398792
9768517071
9869394569
9370924007
8591769699
9324668080
9511849393
9987816737
8425065606
9867068442
9152664737
8169020678
9224258087
8591758855
9822926840
8369567363
8080661416
7039063333
9653188977
9167560767
7045305471
8928083032
7887665678
9699888383
8591932112
8419948304
7021122465
9029430283
9619793258
8291344315
9594704984
9867249226
8291555112
8767905156
8450971559
8898347055
8657331505
7506711015
7045730380
9323578377
8097844855
9421240786
9011391115
7620649560
8380903942
7040001922
9822144176
8625078347
9527970953
9890294442
9370002571
9823012333
7798295295
7028143295
8554018477
8380921409
2572210144
8007246863
9699522896
9823367947
7743995560
9657700735
8149498944
9960511320
2572237585
9175717798
9923333315
9607309270
9561363999
9881023370
7875159112
9370897333
8999377965
7709911923
8180024510
8421707025
7028117217
9225120207
8793879858
9404491073
8446843886
9423488225
9673070932
9422617903
9822224874
9284463668
8626014520
8600412633
8788394595
8693934444
9548607775
7588001511
8668973409
7620884950
8071681254
9545659404
9823835752
9225123220
9422750875
2562237780
7744030839
9552395198
7499378850
9421926786
9325828160
7218731655
9822072109
9422038032
8623001400
9730707579
7030710126
9822759243
9373701602
9860555544
9881354561
8007254410
9022226989
9130767674
9373204375
9373568200
8381068762
8657422232
8149601171
9370197335
9272488474
8008891124
8007910819
9834256308
9403715771
9112098594
9970464848
7722095696
8010759884
9960496737
9823549504
9422288842
8055866665
9049771421
9028408373
9209285085
7066131234
9049785242
9902057927
8806667358
8847788181
8007554208
9819424233
9225818181
9420525641
8433836293
2352225077
2352222310
9423053691
8459668591
7972997567
9220001000
7218056141
9028473143
7387424102
9423965669
8149480372
9822751914
9011049498
7888050061
8180904072
7030733040
8788116933
9296969292
9097374777
9420224818
8379906666
9404040856
9850909955
9860904167
8956176093
6366437859
9420347595
9595521433
9970738647
7020646660
7875262915
9922218734
2482244000
9637955755
7058728975
7499850557
9373380998
9028792659
8380859763
8766560462
9850770015
9970717249
7219286564
9767576974
9881772267
8806000204
9850355533
7447448687
7262048515
7755939496
9307841984
8080531468
9890902254
7276355148
9561819564
8180953888
9527707468
9172492303
7821091685
9011619112
9325255666
8888861313
9673097575
9527123977
8888661997
7387739090
9422086335
8766819173
8888678389
8208890153
9665383631
9021562561
9923000563
7972631398
8459239840
9850262595
7887788513
9022937593
9890818752
7692931020
8483988340
8275192857
9881767774
9890099919
9867970240
9561929497
8447691030
7977556570
8369443128
9702513416
9702843285
8108651516
8097636088
8097575143
9322627266
7303408890
8454879878
7039007744
9833607426
8898068949
9820838065
9920705135
7045728739
8879877781
7021508514
8169500126
8928912971
9172130489
8108711901
9969082403
8805811466
9136094619
9702503841
9152783740
9359214163
8652221988
9890802242
9767503065
8828485535
9004940886
8779545381
8879085440
7977735459
8976009800
8692876950
7738001679
7039188312
8600744672
7900035077
2512207177
9167921299
8779292084
8828787700
8805137327
7066163131
8275229917
9423191706
9518925660
9907793540
8390335204
9423493562
9420134665
8037014164
8600139000
9579068074
8390299848
9975087584
9284559301
7028014177
8888880667
9881641858
8805023748
2562240222
9359025523
9373897494
2562235834
9322258555
9923464305
8830514843
9423191703
9309457753
9422296476
9175335949
9834950060
9960810465
9688288777
9325567255
9422789762
2562233521
9175061623
9422789764
9423084148
9156247160
9921559588
9270161508
9764287404
9422289902
9423979658
9422692662
9892071720
9403118787
3126274274
9226201674
7744035933
9767354888
8390313007
7276851777
7030555108
8237609645
9403284500
9689999700
9730810622
9420566677
9356094992
9881009269
8888882335
2172328855
6366437890
9422380033
9021047956
9588445833
9657337412
9730359131
9421033707
9021724301
2172601253
2172728767
9881103070
8847745500
2172327575
9172171748
9665481663
7249224942
2172728223
9028841856
9146594691
9890555605
9028394934
7387573799
7744839472
2047170068
9370425799
7558766375
9175978122
4044442424
9823890885
8071891254
2172728510
2047170080
9922984960
2047170432
9588401023
9689999722
7385818555
8452820143
8830465742
9769041035
8655857595
9967371720
7304844670
9870481228
9930638762
8080407101
8828116954
8104788766
8451865785
8369183190
8879741567
8591821046
9594220041
8451934284
8369590289
8591330933
8976949111
7039524077
8454024902
9594637270
9820211052
9967412959
9004800287
9619331668
9820887506
9870956711
9967165794
8169279265
9773345988
9920360090
9967638520
9321825265
8291237037
9967217018
8097084624
9833499829
9920021733
9820076939
7045751213
9322337010
9167336507
9082514274
7021211447
8379998437
8655569282
7977426385
9029184465
9370002560
9325701550
9049262936
8600044527
9823057890
9422081388
9850257748
7276249810
9890411180
8698456456
9881883993
9021900009
8055196565
9579544110
9850741314
9146656473
8208666364
9822991245
8446262626
9822479899
9890298899
8482904889
7391812340
9637277725
9322709659
9422220440
7357593169
8806611632
6389538290
7387361547
9011980319
9129795077
9922343232
9822211477
8669787880
8605852170
7340043030
2412429767
9420029231
9370026161
8898102010
9270902004
9762379073
9822510831
9225122152
8796581526
7066646566
9503746246
9607772003
6360392646
2412421002
7057712812
9960612672
9930086019
8421213142
9860140706
7249123169
7788990056
7841800871
2562229162
9822292226
9011023828
9834124787
7588319617
2562246990
9823717522
7235849023
9326545605
9860979714
9579352117
9552141751
9764797986
9822870715
7066122203
7709610316
8071912376
9890920786
9975396109
9096105104
8657224721
8552965158
9421329195
8888601510
2572235663
8275443155
8329184569
9420269506
9595710500
9822637771
9284358304
2572225060
8379853551
7822001602
8369077795
9850021085
8087277756
9595955834
9673362073
9890097080
9970520868
9673910374
9552800774
7020057043
9819002747
9860230510
9372108661
9673464734
9762845292
2047170433
9096209006
9820330837
9606451632
7028056103
9763841578
7083310666
7738586260
2172316783
9422613548
9370240968
7798861552
9579525507
9604032467
9146388925
7038845132
9049976958
9405447893
8169701258
9860050708
9175891777
8275191719
9822001188
9325450055
9359399044
8956533007
9420793778
9225255500
9321322699
2332372878
2332970384
9421447114
2333500300
2332601594
8408060525
7507521210
9004241293
8779181911
7892756107
9373305347
7038478222
9595915898
9029661014
9987051219
9987491078
8879928128
7987693668
7039796175
9819033353
8779393567
9867753001
8097883337
7045732840
9833572363
8318966642
7506226118
7045205124
9619111759
9137091990
7588815310
9029131581
9930513122
7820841152
9082096535
9920583044
7710961351
8779789420
8355949061
7738634204
9833666694
8097044414
9004140697
9029845845
8291720940
9892583020
8879292272
9930265984
8779537407
8104823202
9372914281
7738863965
7039884070
8898136955
9457711073
9320203212
8591192169
8169838205
9916749345
9820759996
7039007722
8850342590
8779393615
9930214525
9325411577
9607165892
7841011041
7028736999
8008891127
9225125595
9579438131
9595961493
9822087662
9423490357
2572210700
9823171296
9923519886
9767456969
7498435486
9766109577
9422279752
8446652894
9370001550
2572222352
9422278655
9860080435
2572222539
2572220227
2572225986
9673000080
8805007755
9730529090
7020329478
9423492007
9860804564
8459212259
7756879757
7276769656
9028404389
7020525745
8847793262
9552794001
9822020704
9028341412
9860845382
9167247273
8237380502
9226365783
2572241633
9850046568
8888834092
8657578470
2572253644
9595888815
7028373515
2442221733
9637979305
9307570781
7798200111
9545829998
9822060666
9404170722
2482224700
9762973165
8625862222
9049408408
2482262216
9765900714
2482225216
8975050828
8007231111
8484961337
9767542814
9422636324
8793542915
7722099508
9370596403
8208780081
8600254072
9075340369
9422242258
8047639137
7887441288
9921417417
9404520805
7887653333
8329796852
8668377179
9689915001
9310666651
8855091561
9260010101
2442222201
9028060302
9764331134
8177999710
7498900701
9422742810
9094959195
8378003437
7588044320
9858407777
7499148249
9423867507
7709037927
8087476284
9890491278
8483855454
2412353522
9892802489
9881714339
8329558718
9881810587
9890550063
9860953888
9890029160
2412343868
9890000234
7020092566
9511844447
9890628303
9423200838
7004124764
9427596692
7350010638
9860775295
9850859019
8208512533
9529607023
9975503434
8888859367
7350975463
7757842081
9284625300
9529594372
8530288793
9028479980
7057201111
8329638609
7776006757
9503279316
9975476013
7387781566
9881363214
9049494763
9960327555
8999324345
8830081103
9881676514
7558385551
9890923470
9923316391
9404049777
8237467118
7620087072
8087082698
9552460796
9604033869
9960684834
9822960988
8552006666
8007337924
9422211259
7276877427
9822789228
8037784968
8624093996
8071178631
9696604062
9209689606
9423303908
9370793676
9998668273
8668765604
9823614144
8411985111
8045262568
9371777068
9325262715
2572235596
8149338314
2572241498
9422277737
9822637872
7507505256
9028287204
2572211552
8830817495
9422778652
9096993130
8208106408
8888803104
9028840106
8806858806
2572210964
7977054609
9823425325
9823189123
9422281113
9371318578
9920854059
9833282953
9323469825
9821868461
8355955108
8779481513
9819137171
8452826400
8976602253
9773602766
9324449390
9029998829
9987175643
9867187381
9870438722
8928562380
9699612385
9322608999
9004221594
8898291212
9987866960
9152422431
9870270559
8108744999
8691004392
9321161813
8169786405
8097634120
9820113771
9594277335
9757001283
9833133613
9594651555
9137818867
9892856123
9820627580
8693817895
8169276194
8850237339
9930999741
9152988345
8652540870
9819422054
9987693020
8425847185
8425842014
8850409550
9833487046
9869693909
7208020426
9022071766
2047170069
8087341693
9373221621
9922144177
8180969393
8097057448
8767614153
7208115011
9604148197
8097379111
9503695664
8421709405
9967876765
7264811651
9503849820
9423737196
9949711311
2332325989
7588465458
7385642533
2224051116
7057055150
2332339454
9021000948
2332375467
2332339915
2332332609
2332303784
9049044166
2047170415
9204108108
2332530250
9090689595
2332326823
2332373399
9561059234
2047170240
2332326553
9021117111
2332302090
2047170067
8879443733
2230900000
7498355471
2047170416
9892699680
9869405747
7709384909
2164222591
9021014425
2164227722
9853556555
7741812447
8999658594
9503178919
9420363265
9822542948
9172822323
7387542533
8010110994
7020323268
8806944097
8208351521
9370923473
9423863996
8530258266
7709769557
9011100779
9689684239
9422039459
9423808822
8999253848
9665514378
9175924378
9158999979
9767086851
9527309528
7066058376
9096563403
9545243996
7020004545
9823694777
7020333728
2164220035
7038504783
9762158080
9960022850
9168430022
8010463154
7558735399
9689726881
8750223886
7276722097
8308043062
9763006699
7020931074
9860028287
8806729666
8329105964
9860237952
8999084137
9422275120
9545929245
9822220087
8062208115
9823441662
9970850083
9970874481
9096333202
8087950453
9975918402
7378704000
8793648692
7082672200
9422783266
9518748983
9823072121
8180925857
9096951513
9890076524
9372494492
2572281542
9960072616
7020557115
9422776442
8888417276
9923143334
9273737336
9881523962
9763333338
9403311000
7744065151
9822408066
9822851874
9130566276
9921356432
9404134865
9657248105
7972089547
9270180487
8037014038
9822475240
8087407186
9923611777
8605254086
9890165756
8788365654
8329009985
9860477901
9272949095
9673415111
8149929288
9271693887
9158005821
9145905212
8623955692
9579700398
8010883840
8308651651
9561613002
9922595302
9404247854
2412346336
9145141990
9881232398
9156067603
7038358080
9270814866
9822434730
9225308649
9975455598
9075313280
7499443641
2412419143
8888362120
8087410957
7972458954
7040016433
8149267750
7972758947
8071499880
9823020800
9503076685
9890520000
9822097512
8071681262
9923458777
8037838263
9850096464
8071683232
9850903835
8830257383
8805258877
8408855227
9028330599
8796800787
9860609168
9112161076
7020393448
9066831831
9022401080
9766536368
9338828888
9326707005
9028804626
9119525210
9881308989
9767559922
9130930951
9422003698
7083308330
9850434743
9216311212
1800111555
8275852885
2442222328
9881710786
9272720372
8830560557
7972700269
9823111319
9404800081
9225312123
9028041108
9607956549
9822802793
8237895896
9028557429
9075025488
8483008223
7038383870
7588881901
9834494330
9834159511
9322078986
7796212142
9145019673
8177946661
7030811811
9270746994
9175697371
9423210577
9921973244
9763105194
9325049325
9730126792
9503190055
9922646566
7385507338
9764146419
9975959693
9145712165
7588384533
9975684883
7775072314
9049307362
9404502003
2162229052
7410101018
9960402104
9823296296
8605518331
9503932745
9420487340
7529019782
9021297752
9922612907
8275275790
9373430209
9175449552
9503879500
9404747810
8857988176
9518386101
8208812630
8308785115
9404526667
9130307326
8149250776
8788833635
7350624753
7517657804
9850939477
7499442826
9130006009
2162234978
2162234527
9822006428
9607007666
2162235840
2162281050
2162231146
2162228836
7447573787
9168412514
7972628868
8767393732
7875710682
9021168858
9011551965
9975385497
8805522392
7821007916
7709143421
8975343419
9158310567
9503347238
2162231983
7058554949
9518381516
9822304518
9890026423
9823232093
7756090777
9082074268
8329357596
7261964284
7507552250
7620265762
9970313870
8600229350
8149898948
8421890036
9822990548
9673185571
2162244299
8805921617
9545487803
8698744799
7773992418
9890869512
9890377117
7709212995
9657260245
9527887994
8483828054
8793291682
9209890108
9730441296
9075130311
9325580949
8071889625
8062916872
8237919191
9657144473
8275898497
9590151515
9699590339
9881423947
2412427069
9960730174
7720000095
8602020221
9822248530
8983009086
9823478905
9404318843
7039113131
9420494920
9764466476
7020704470
9822463691
7290092205
8928212289
8419936946
8419936944
7977268472
7387797646
9867706963
8989040707
7208584454
8655644571
9594643233
9225948666
9822348752
9405894868
9890957610
2412419141
7039001755
9545452004
9850292833
8008891131
9619572780
9225555516
2024489494
9402424242
8208347863
8758007974
9372497999
9822704949
8888928474
9767867111
9850555559
9011828281
9422534980
9422225132
8668424857
7020531828
9271719210
9689653199
8928297444
8177988710
9175551056
9422552170
8062689471
7387699704
7020360177
9923100005
8805090288
9766115020
9423791408
9890390786
8329591217
7558450517
7304099919
9822294622
9890598898
8408853555
9822009783
9028966650
9294606060
9922092007
9834477950
9527136161
9371565048
9922061481
9881931509
8180884442
9890186904
7066761041
8275034148
9823811189
9422232142
9028446425
7222043222
7020522938
8446171061
7972667844
9422233655
7276588808
9226371845
9850249924
9021311130
9422223344
2412415654
9422221818
7057337207
8262800882
7710813049
9970635667
9637131115
9421119082
9545990066
9423867302
9890302012
2162238642
9167021991
7720044538
9822040589
7249175656
9422605459
9765000888
8080848271
9422055398
9049086453
8421420158
7058004004
9503017586
8862051158
9921577167
9637293366
9325227986
7798668112
7972819534
7249003223
8237621315
9359412349
9373556019
9464668949
9284486258
9545975718
9665966118
8085839986
8291881525
9890672377
7219715939
9890184264
9765026975
9860279881
8788566239
9890301390
7020182456
9850035838
7719846777
8483999910
2162235580
9405542711
9420490391
9766962459
9421709949
7387188103
8975753191
9518568006
7709307445
8446328200
2047170237
2162236544
2047170289
2047170292
8087230202
2047170275
9921998000
8830164122
7507129015
9372751455
2047170244
8071318780
2162236128
2048555194
7720045050
2047170436
8010505925
7498407472
2162281455
2162237920
2047170438
8668945543
9028414549
9769521917
9156489909
9011881709
7741992040
8411833535
9422849298
7374091926
7038266681
8796179000
8840608126
8380008015
9923377377
8080792565
9822888876
9763292445
8421238120
7249646550
9595156777
9766038230
8459402796
8482811892
7020824098
7721841815
9326118119
9422040515
2332305572
9028598199
8600787559
8805880007
9028812811
9834861362
9503811137
9699445166
8956369384
9284343732
9970254845
9421303366
7030852527
8193022803
8805348425
9021044770
9209158338
7058551253
9011030868
7083834897
7499835071
9284785747
7066821561
9226774087
9922162440
9860852229
8087633138
8208428808
9822077248
9372522775
9272008002
8600065522
9028001425
2332376098
8007277431
9766212138
9822036795
8035426529
9923755911
7028438719
9822111154
9028574037
2412341100
9021566717
9881191122
8208700359
8308685467
9270155700
8888342776
7770038383
8087516434
9689893295
8308015252
9270226295
9665080879
7666071870
9356565253
9983257006
9763104274
9850193356
8149377712
9423463592
8888778277
7949335902
9960595913
9096816789
9970022945
9518922201
8149185902
7709527095
9595785674
9545926421
9860969879
8975081497
9762407751
9096933875
9561125004
8600505045
7249184981
8007732401
9545434730
9921350793
9172995350
9422402184
9764977000
8071683303
9096307469
9142434244
9422401973
9890196472
9130090180
8408807405
7385848293
8071891621
2047170273
9028411072
8308643886
7397954544
7719933678
7020598262
7972133259
9146155855
8623934195
9049512573
8956687275
8275980118
7768800812
7460070096
7058142833
9766622766
9834370585
7028654343
9890592325
9175756099
2164222878
9960017474
7066998107
8412857497
7709256565
9623940499
2068146814
9420742031
8071318945
9175024147
9130016564
7350098345
2048555309
7218448940
8600233446
2164241456
7972785133
9970783395
8655738214
7057054095
8055931055
2047170105
8273799711
9657868131
7020140216
7972309944
8422802191
8408067474
8007149028
9422407175
9422384398
7219201866
9850078707
7776062768
7875371111
9373588122
9604172511
8600346434
8799864941
8149749212
9665028366
2332301308
9272378477
9881007017
9766678181
9403401004
7498730395
9422613928
9764374999
8007286999
9404712190
9325623832
9923828630
7340142351
9307955669
8149029474
9422411730
6262429009
9527255557
8623951236
8530603434
9011093588
8879977374
9403007633
2332332052
8888632700
9022818124
7972603663
9371475154
9960233423
9552339951
9423733044
7410108728
2332324111
8071890087
2332323490
9822518299
8999904967
9976867867
9022918735
8689962635
8850123505
8976645170
8097013254
9321524764
9653467770
7700077880
9084549084
9594185624
8108105143
8850087753
8424992626
8779822953
9167362616
9930343343
7039039020
9930548676
9167075537
8652077779
9920331697
8655556219
8080815282
9324546080
9892030713
9987962805
7710971727
9004459173
9022573304
9152689581
2261273996
9818122613
8291411246
8770450079
2249785657
8779364158
8004254255
8169691811
9137843895
9004448457
9819802676
6209953691
9820237699
9930229031
9820003266
9820765887
7249825159
9822665558
8002584255
2472226651
9096247493
8180076674
6000860008
2472251646
8002081234
9044131999
9594820389
2472222145
2472224501
8956477051
2472220087
9922181770
9168440000
7841810075
8421556541
8625028716
9422464433
8888448833
8390355786
7030145133
9371602140
8149253733
9860461614
9604366910
7276227143
9860772329
9421360676
8087597143
8044466092
9766519137
8310050203
8037240917
8879943246
8048007520
7020825070
9637428660
8888644711
9270007505
9607956548
9657432169
8788495803
9970801611
9710343410
2472222784
9272480460
8208239695
7066520970
9921622359
9921124549
8484094099
9175007144
7387847215
7021294658
9518998372
8308838831
9890806727
9158223017
8999709615
2164229790
9665025455
8291104793
9850547100
9766197131
9970660066
8037014157
9158802478
9762482799
9403911371
9768883525
9665863818
9420621000
8421719842
9766929260
9767718735
9665160097
9359385442
9139105009
8888743131
9270298399
9096161435
8788996061
9225626252
9225512424
8600800689
9028375050
8237787906
9804392929
8308337631
9011061950
9822674506
9373233160
9860851253
9823070472
8830163819
7070157641
9503040747
8888585522
7020713973
9822994995
9763999832
8767966898
9112845502
9860008974
8691003958
9619315458
9921741041
9111029191
9028546714
8174818585
9730304024
9325030153
8484973894
9921700594
7719006972
2172623064
9765325239
8180941121
9860321515
6397334864
9021726393
9503454805
8586832117
9022795597
8857080378
9823291103
9403847388
9922098877
7666301087
9890925922
9623619022
9326452724
9561571582
9860804716
7721047388
9922004228
8080908678
8149634555
7841020876
9579006007
7518188686
9172360283
9049533637
9595301390
7276736471
9011195900
8623019520
9049906241
8856827919
8600920501
8767056052
7620119354
8999488823
9404299613
7276908095
8600392505
8805745858
7276008881
9373662683
9637375555
7397815245
8485879457
7709919170
7030307111
8668989798
8071963636
7020292681
8888845848
9527417117
9260606028
7972425676
8999807775
8408933933
7300851010
7898985959
9561774450
9823023199
9822173037
8308868797
2413587746
9822791613
9321112002
2412777059
9960434992
9011193371
9588641061
9881980429
9420088850
7058728832
7709211036
7499700981
9404542008
9168626364
9226819515
7219297227
9763609121
9890690302
9309137400
8805503556
8600298538
7020733007
9022119940
8655117963
8668892267
9226356201
8421608812
8459539639
8985658894
8180090620
9822907767
8208478409
9168033444
9762636484
9545490637
9763213995
9822217488
9552445093
9822459413
8275910561
7757897979
8421835183
9021173692
9657832131
7038306768
8071682206
9422402670
8484810893
2162235226
8805838333
9922330333
9423264050
9860077226
9011051234
8062365321
9321387618
8071681266
7770090330
9561173595
9822964815
9423516370
7887884451
9922063455
7083116622
2512565444
7448104000
8037908276
7040874533
9890455991
9561999534
9175345382
9822071832
9423588235
8956171509
9422460788
7057636589
8421180376
8698177131
9067638789
9922826825
7498946241
9403706334
9588624832
9309249235
9270124352
9156545422
7620698960
9766775000
9511660878
9309798278
9370518960
9834183397
9967339839
9595903059
9595306660
9028928006
9922359202
8888153312
9922220024
9096696361
7020956301
7947469452
9175113238
9822655701
9823333186
9822378098
8668420334
8007179279
9421273653
9422067031
9921893627
7020525770
8975762750
9765135365
9370406347
9226182424
9850541615
9322945383
8446508940
7058886947
2412452242
9822107444
8686644040
9822451013
9822943506
9142394239
9822834833
9069232424
9767652520
9028366009
8999649966
9158770770
8888873162
7304298088
9422224158
9607528528
2412323211
2412346964
8378995999
8378886006
9403820779
9527577772
6262900900
2412422411
8275797849
8080496122
9325004040
9082419854
9075762181
7557581212
9657610304
2412421010
8080275364
2047170051
9834975061
7272010203
9822253100
2412359090
7208479625
9850502107
9272499008
9272249900
2048552832
9860684352
8037839067
9890036205
8788355331
8857077072
7875568701
9822755892
8446923740
9307946858
9860616460
7410145141
9975045132
9403205230
8097381863
8329405852
7715851034
9022291378
9819375374
9325781318
9320232692
8879193011
9156544588
2162281680
8010349994
8421605644
9404202202
2162240909
9822653594
9822041458
9766769870
8071498337
9028486539
9881965813
7447572495
9146832251
9325284270
7972873640
8080685817
7350240240
8380070390
8788068017
9422038759
8805358587
8600334188
9881373757
9970331324
9767379158
9049020070
9921811477
8275830458
9860412998
9604128540
9373276778
9169041111
9130572661
8087867988
2172625505
9422067263
9657133166
9673787089
9511848877
8928292858
9372070809
2172651741
7507502253
8655995036
9404480714
9421061543
7887998039
9637404232
8855049542
9881454660
8888731916
9922198901
9322761262
9371303999
9423590404
8888763972
8208929320
2172744462
9852215050
9970441122
9421840430
9850018543
9922057999
9890333189
9167658772
7057177739
8080924821
9890927222
9405451002
9763522244
7276040584
9767864040
9518569366
9881429059
7020500573
8976911838
2172625513
9607128159
9049737388
2172726688
9766152715
9960301011
9405840894
9175195128
9049092729
9766373986
9960826098
9067225007
9657588677
8668316862
9022147060
8796455045
9422234732
2412431888
8275269177
9766060064
9371121210
9403885143
9960160362
9595092600
9922667757
7874219254
7887493447
9422275435
9049704910
8421551484
9403818864
7276742140
8044825821
2572240103
9765090760
7709091257
7020517996
7020510305
9421663738
9421570761
9822856043
9890610570
8149580685
9405477533
2572234638
8390746547
2572366640
7588009959
8668332659
7249009579
8007598891
8928160908
8999514192
7666310305
7666303145
7796222050
9423187187
9823443444
8421280950
7972268062
9850989919
8767744717
7263900400
9890544029
8002000977
7841008887
8483830860
9067764234
9011061949
9823946562
2162245382
9156245409
8934823229
9029666607
9881442518
9420241399
9850580308
9422342989
9637165954
2332672274
9421127503
9960609866
9766009141
9860829293
2332333006
9689777711
9423030200
9823019064
9822024337
9404289677
9423869363
9890582080
8149851809
9403138016
9226931343
7385954354
8999132846
9823859666
8766550856
9226511311
7350703004
9850880687
9422262504
9860857751
9890168864
9096247947
9923004150
9518997639
9404865383
9765340212
7517717416
7588677753
9922331124
9834848219
8329413997
9011880390
8698668086
9970588995
9146989445
8956650175
9767449851
9404945838
9422179630
9423141544
9168423427
9130713066
9822359544
8381069344
7262007081
7498900714
9370563724
8767857372
9284050620
8888191926
8208215539
7709113818
8585868626
7261912100
8668443267
8554999399
8856969898
7709280891
8888421226
9518550308
9975016536
9422176364
8888022294
2452234047
8390786007
9764928262
9595371705
2452223529
9011957777
9757264726
8082018897
9922951781
9702781351
7498322218
7021719526
9867357634
7620179268
9892447706
9892245286
7738789553
9665211192
9082628646
9372940439
8655040102
9324367190
9987913321
8424939377
8850276408
2268759800
9892510181
7208343537
2225976101
9552704300
8291185356
9136838735
8655786289
8850602667
9372084353
9930401077
2267856090
8237947303
9970506000
9021110066
9552905181
9371111560
9960666248
9890405334
9226496426
9881461083
9373115961
9422102564
9890016760
2534043984
9921607244
9765859301
7020329383
2532997337
8830737375
9762950009
9823985304
9766116442
8483864031
1943803000
8888905494
9665231993
9850489481
9764853933
8010954531
9396122211
9823575366
9421574315
9130330331
9823935499
9970593776
8788201092
9822911328
8408810705
9022730213
9175336018
9766949981
9850908791
9673727173
7972570847
9665488873
9175773513
8600835093
8071499592
9420449591
8071682103
9850643767
9421126827
7385085599
9822809919
8485835391
9371373251
9822109549
9823245552
9156218051
7058011560
8097941076
9076907642
7558407108
9762255345
7028850900
7972790091
9922690290
7020181560
9527102020
8830778208
9324009794
7378648237
7972729734
8208760586
9096274661
2572239300
8421617216
2572220091
9422777756
7058356000
2572241532
8588815329
9423574806
7756929950
2572217520
2572235900
2572227821
9420283300
2572222929
2572235955
2048555391
2047170452
8071371571
2047170263
8446096139
2048555417
9422256701
2047170412
9595724124
9325162582
8082497509
6009536009
9834909459
9765215433
8691900380
9579177449
9421516165
9923839990
9403377255
9930301158
8180886053
9421279564
8698453162
7020983003
9423239229
9421014444
9028413659
9226515595
8010895177
9167715371
9325335181
9657719225
8888560798
2333565583
9637969705
9423016331
9765199199
7304522484
7888037981
8097011308
7208195262
9792564924
7977112548
8380843776
9545900045
9373755731
7020808435
7387242425
8483990551
9834249741
2332300376
9359434042
7972196111
9284199008
8055150666
9225818215
9657201171
9511696083
6746649144
8037014158
8149232661
7972598046
8484077487
2332374507
9822002559
9773302562
9823915127
2226500311
8071178519
9503073629
8430305555
9975755612
9158822009
9325260101
7720960006
8087225165
8485027489
7350513139
9823189595
9823181100
9665558676
9422391878
9420213625
9960016898
8446692567
9765151607
9422125495
9373410485
9834303833
7507507498
9579368819
9175015252
8691059539
7798378083
2262581800
2452230096
8668849318
9422175850
7028528540
8484000555
5403251523
7030213233
9028431401
8888160016
9823040175
7038738615
9665766563
9309003731
9607956537
9823161918
8208340236
9420353943
8421511626
8275630493
9764947000
9309565383
8766818222
9011486478
7775906525
9823235724
9960247473
7020963767
8208310859
9834726900
9225767509
7841051531
9067629365
9623700528
8806497072
8657621221
9834961497
9919919755
9921155079
9604960428
9325333849
8805234955
9767786204
9763707091
9225822260
8668482771
9011430005
9325020401
9503660980
9503544400
8068426699
8421579896
9423871973
9833397581
9765653030
9577921117
2332332770
7880866804
9130581716
9175287768
9822338391
9356958539
9284788415
9011761973
9422727919
9326594686
8369773127
7738945996
8879694359
9817409801
8685007914
9833276342
9372102519
9112223013
9769260091
9594999324
7972327335
9860125217
9689355880
9422678648
9423267615
9145875865
8087205788
9356909043
9975237175
7709000327
8605740222
7350049977
9823838273
9011989988
8830173184
9595139192
9130282348
9970052268
7218105405
9422068347
9764223896
6356363737
7843067908
7588046663
8888968646
9850907527
9422651317
7756864778
9021474048
9561705370
9503024019
7507422325
8806501882
9049001777
9404337606
9673940557
7758918441
8459540587
9325955309
8668513233
9834761925
9822841285
8484976070
8888950510
9112123482
9022372838
9021120127
9975442440
8928640924
9766055700
9373937786
9850009452
8999973859
9527692481
8698181060
7249445600
9960629260
9823138113
9372070757
8828292534
9637461699
9930327002
9527333168
9822640304
9405367421
7397967421
2562246333
9766574679
8830129311
7030763070
2562235833
2562226433
2562220456
7875525858
9403427209
7743898684
8380901290
9371871817
2047170037
9422775997
9552236712
7411861195
2047170435
9923581166
2562234620
8037228689
2562237870
7387059562
8668952505
9921672626
9823833399
9967564595
8828193485
9821523064
8779379503
7498260793
9403549472
9420535953
9156117646
8208576087
7823048698
8390287187
8104390677
9975852752
8408887848
8976034909
9867704406
7558587300
9372879099
9822925971
9970055032
8046044406
9370410145
9420663510
9823541425
9422645711
9970930710
8071178451
8046395181
9422027075
8071682009
7083222306
9373314818
9404538490
9767796200
9146351351
9975441886
9067153051
9423325531
9922464685
9511685109
9834260199
9527275127
7391923333
7385157621
9850761106
8421075243
9765970679
9527807569
9623504798
8830163286
8208836372
9284144874
8329434271
9657709864
9921989015
9372612152
9518370663
9657427320
9370885149
7887716145
9175955009
7498270550
7775038897
9970114205
7558557276
9309758002
9423349821
9860685556
9673031777
8600852558
7066866886
9860688980
7741095042
8010791188
9823101921
9860953392
8007996799
7020860744
9766160016
8507397777
2382200330
8983899088
9076019198
9822542646
9420469254
7588206368
9637361563
9923755000
7058909781
8421405457
9403507750
9044090100
2382243063
9420662874
2382221184
8308679999
2382251452
9860010849
8767007608
8178273141
9421620187
8956381291
2382261100
2382242243
2382221152
2382263545
9970200094
9890005103
7798918558
7083387738
8983955596
9890000421
9699731148
9049206027
9823825354
9860999819
9860197697
8623089999
7588777500
9545261226
8275790546
8087911903
8080808818
9819361843
7507030304
8879321644
8888365544
7998799861
8080620068
9823099425
2564299320
7385979704
9421897172
8888738704
2047170158
9423494039
9960845105
9637381060
2564226204
9404079715
8806609540
8655637987
8668633891
9404041918
7021552125
7841897047
7020163101
8698245871
9225536187
8237342112
7263828982
8956453118
7507523838
9881051888
9823563514
8007995693
9454777779
9356825289
8788486473
7276661099
7276930679
9518751612
7387140790
9021535707
7058799986
9890884910
9325555888
9673442623
9371586630
9890054064
7276868771
9890798171
8758003681
9422460731
9765389295
8329455597
8180841171
9673658120
9309828566
7019597603
8830072472
9890218869
9689402277
9916863333
7030908084
7720943030
9595949706
7775903533
8149959145
9975011786
9326166068
8237652093
9850160058
9766739515
9011786040
9730768446
9175238523
9422069156
9423779461
8007164165
7304878358
8208675335
7020371030
8999896427
9890633163
9764146560
9028282744
9822108125
7498246168
8446575721
9890516610
8208284510
7020375133
8180942434
9699962167
9373507669
9130019800
9422472410
2382252004
9527800999
8421598866
6366437866
2382248729
9420244055
2382251004
9960323000
9960643493
2382228222
7972609082
9823119481
9860488007
8668550089
9071189494
9168409014
9404900222
8007767776
8329931256
9404597608
8291282155
9158023888
9619746205
8605199819
9405394000
9527551228
9579014423
7507577477
2382226312
8037016398
9405416034
9325267446
8625817334
9922545998
8830209017
8698487618
7447448118
9028106171
8308888224
8087827147
8149994388
8237439144
9881849615
8237106004
7020937350
2048555404
7499002932
8408059411
8793471112
9403305924
9421737052
7559111755
9970870757
7212522177
8007676033
7841813652
7756837148
8208350257
8605740729
8459393998
7028286864
7709206195
7798496666
6290126875
8308438610
8669343765
7212575655
8446701961
7058246616
7972917224
7212661855
7212674143
9146383590
8065487734
9423506957
7212569590
7212676252
9767946449
2047170063
8071890510
7262927272
9823162637
9766325831
8408841210
9158009600
8071371586
8668409116
8483949505
8071015307
9372523525
9922390393
8071371434
7276773054
8071371413
7212576883
9922294531
8208383889
9527909693
9405144489
9423238805
9422334770
9266767735
8446408351
9371559291
7719831234
8669136709
9763395538
9881160773
9822841291
7020627412
8888097774
8793131235
9422068519
9881576612
9325962983
9561118844
8788284389
2172727774
7709676874
9028138491
7378412197
8975751566
9595141551
2172600713
9766334059
9075095999
7020241174
7083066752
8830672527
9850082647
9067738962
9665578929
9834765925
9591409911
8805888886
8999758833
9423335353
2172315314
9673231232
2172320285
8668241239
2172320229
9960147256
2172653922
9421044718
9158486969
8087043482
9579719472
2024393755
9284073211
9822324471
2462232071
7770024006
9209029818
9156486909
9881686713
9699997689
9975794948
6366437873
9503236730
7447410022
2462269234
9049555522
2462254487
8002333435
2462284155
8055803851
9403067100
7972038704
8180838092
9823449000
9112240489
9923585444
8087922513
9370302113
7304343043
9860870886
9420230322
9561877433
8888578857
8446651851
8237308228
8668858599
8668246297
9359737391
9673188899
7020431208
9762229286
2462234380
9823125503
9422187060
9096622411
9168509080
7030977331
9011320880
9960377005
7019674804
9975691289
8421750001
9011460646
2172731020
9421096718
2172325838
8149168221
7020276350
9112129736
9780462462
2172723131
9021527627
9371017445
8554955784
2172451500
8888821203
8624020243
2071530027
8624873729
9156969459
8208888709
9689777700
8830075843
8605554061
9822657067
8888012394
9373818868
7620647526
9923622131
7744054960
7020348434
8505873131
9284902477
9225459999
8830949681
2172354330
9373948803
8605540115
9921555209
8408839656
9325970952
9527888664
9763056618
2172607071
9421918296
8983445031
9823104235
7620149613
9168525797
9511695294
7020794170
9921418149
8408850260
9982857755
9175828419
7522906011
7588804089
8087260744
8625848483
9309771450
8446590402
9881447181
9623666256
8421584057
9881522522
8983401610
9665344866
7447771888
9359188413
7977617229
7588904099
9823662243
8007336369
9172551856
8055755562
8766863716
9322643369
9823916560
9970934371
9527412133
8975544505
8767868942
8698184619
9921155300
8237798276
9822369970
7038804194
9823264301
9766237437
9960917378
8983813989
9423160400
8668555317
2172315155
8888898734
8527235694
8007566566
9356721154
9168456457
9021439144
7262007085
8929853841
9373980171
2172320541
9090049191
9325370101
7350012586
9860455444
8275569900
9922583666
8767646797
9823460964
9867270247
7219209954
8668430654
8421768789
7588147179
9420328801
8668752440
9922350945
9960522001
9595925000
7741880008
9326072594
8668739602
9422459359
8007697878
8071497811
9422460556
9511781660
8879043951
8485885658
8071760339
8071738600
2172312000
4142230551
7744885899
9158522999
9373669249
9730557700
9731074836
9226389292
7276090709
8669383536
9371622537
2172326503
9021717162
8830245211
9822548997
8308143624
9822684192
8983729083
9545520000
9527161693
9763477159
9960510584
7020200013
9028563096
9960716014
9503142021
8530093480
9850504009
9172972808
8970085700
7083031188
9890199807
9561888489
9881053268
8668202280
9325238468
9822054900
9028898834
8888869586
9823102030
9665020521
9371748480
9822807020
2172320425
7588095077
9096302462
2302462092
2302468280
9922147777
7796129739
8044465746
9370009957
9731036863
9930315736
7709309960
9309576941
7385356420
9028096133
9595614422
7506309027
7709535632
8668806854
7498949392
8446553992
9970747724
8600406951
8208107030
9158677558
9923605079
2065273884
9403962191
9119413355
9552954434
9021094013
7020836263
8698244449
2462253711
9859864777
8291954479
9604381000
8805143777
9169169211
9112140214
7620365140
9420444681
2462253471
2462259900
2462229242
8929095145
2462234530
9860362962
9822619003
8849661529
8800683460
8446952250
9561936275
2067320464
9513766088
8381038844
9923418241
9130791257
7414921219
2462248418
7507406161
9623221612
9730274598
9975248248
9881687195
7276757777
9834626785
7242411263
8552862284
9922773934
8208794686
7038351607
7242414305
2048555430
9881234878
8975400423
2048552551
7709710278
7972524559
2047170168
2048555420
8071371568
7969285480
9405646533
2047170132
9356023347
9561631378
9822235160
9420706990
7276291198
7410027300
8308404704
8261972090
9822480764
8956510161
7499912653
9309812826
8793350678
9004985707
8855807820
9172685777
9561655929
9423565888
8657891111
9096750508
7387865230
8452868279
9762768687
9422611241
8055568665
7385621030
9370907535
9960496039
8037467989
9665671953
9284356235
9890779883
9860061169
9422066304
8037470093
9535985113
8037466578
9284514326
9731057209
8069866316
9970184820
8069617335
9883028513
8044952936
8045262202
7028525142
7972734007
9373301008
9561414150
2332228636
9822658361
7757002781
7972747286
9405283358
8006547895
2332325050
9892002317
7972820009
8856871603
8999081308
9763933771
9172820343
9762409038
9657178278
8600918051
9763711344
9405556496
8600356666
7768003807
9284933236
8421772267
8600609786
9922710021
9421374455
8087539388
9822318320
7558691299
8850011443
8237144525
8880101010
9595997329
9552555091
9028428643
2332327759
8766072179
9284750778
7410546962
9890459210
8668746815
9021595154
9881762072
9607056555
9372391550
9372391409
8698670999
9595783445
8055944185
9422707153
8779628994
9270700003
9223014222
9271207088
9423525123
9975128069
9960952910
2332300206
7219344262
8087213112
2332670143
7057663531
9422315305
7588989800
9557991117
8421447375
2332956203
9545066439
8208160437
8623840418
7083546162
8087747002
7350505403
8619165871
8055188111
7498867028
7843095584
7020244725
9922481948
7020595085
8888945186
9146221571
8149762240
7722034830
9373833547
9665020119
9373661739
8275558682
7249703817
9822484804
2047170147
7888041666
9561834316
9552677383
8888348042
7232252500
9552421921
1149885050
9175350738
9100400469
9552900202
9527193269
8976915231
8421054497
8805738143
9405340636
8275088761
8329743195
8850772773
9970183152
7719988864
9421465266
9405687336
9326343540
9422954454
7276242425
9823404326
8879645432
9188155870
9021866700
8080059029
9021134501
9370917236
8600742667
8668750944
9135393369
9405578534
9545394052
2402320517
7588188349
9420701833
8071867103
8888072158
8082789686
8976981117
9967797773
2225812345
8605113018
9764289805
7875258522
9689650020
9067098816
8698891198
8432376040
9769333900
9820987979
9702708132
9768382880
7738827183
8779535431
8097893809
9819149244
9372169664
8928493817
8452086985
9969178008
9221401413
9072245555
8850287402
9819006721
9821574988
9833716151
9833233833
8282829945
7264065109
8208739440
8830908081
8421284554
9405121509
8297782977
9834128988
9422523975
9180875014
7745000703
9270707674
9850535306
9766846429
9595830422
7020173685
8329791310
9767394968
9420515908
9766947586
7378629634
9096806174
9175147521
7184252364
9673331064
9404817535
9372101710
9665093189
9766899899
9049062611
2332339191
9011736060
8657519892
7942760137
1782234788
8655989239
2336611650
7942759355
9096341313
8071178750
2332326310
9423290652
9766349388
8149998080
9765223061
9422421268
9072530249
7020739464
9423039794
9325555171
7888149931
8037603711
2332373506
8069617346
8999556199
9371056744
9535996211
8069955296
9552522633
9823832150
7738395704
8002100018
8482867007
1800223279
9890880131
9226244828
9370965161
8668756959
9922399737
9823962820
9822891141
7841992555
7588478080
9172012312
2162234350
9423186499
9893864341
7184252545
9860663446
9119444331
7218924062
9370350001
9503001152
7385558889
7184254555
8485816363
2407509618
9422130049
9029463659
7588893934
7020470672
8793675715
7182251328
7020058234
7020690192
8263093672
6260431226
8007776361
8080496088
9595251925
9405721681
9823135732
8459041852
9518334575
9818350700
8624029457
8554883000
9373939225
8999269345
9545832121
9421712142
9011113134
8208558833
9922444318
7182235136
9860690550
8888001426
8055500057
7767003031
9923258388
9371122150
8275290926
9767240529
9637901897
8237681513
7350504750
7066264537
9881779778
7348265765
9156038986
8830171710
9922391900
9921450765
9595153579
9028114255
7058651713
2047170130
7843058775
8888318671
9767669229
7264952833
9890308111
8655608557
9028055206
7588977987
9960852325
9850383652
8208639249
9370633361
8087383693
8983826070
9404869204
7066222138
9923079950
7720964590
7262242798
9422181079
7028307920
7262243434
7262246466
7058133131
9822469930
8308300079
9421649861
8010536265
2047170118
8806051543
7262743811
9422180965
7263250969
9834954167
9822577177
8291656540
9619846655
7020970645
8668381929
7020315275
8983215909
8275312152
9588683025
9881211913
9890020011
9075015888
9822433201
9850007980
7798645445
7385238747
9822777347
9689020607
9881588176
8080224653
9322776935
8275269462
9552593297
8983146477
9371320983
7720055243
8796221551
9922639388
2162234392
9890493252
9172220775
8048031112
9594924510
9422535644
8605005555
9209709369
9923622288
2162226707
7588057681
9860776875
7758009100
8010437660
9421115560
7720024000
9422039615
9822677644
9225535713
9975738834
7028908181
9850222880
7387951235
9657276333
9423035164
9823946386
9850559439
9225609478
9423335759
7741003661
9970433322
9823111559
9309535862
7758998660
7020976871
9325695631
7026003842
8080811372
7182253001
8551841921
8888133371
8668901951
9112274352
9423423506
8055901111
7132223104
9623192006
7132222005
9881090352
9167387415
9096206716
8308303681
7020979072
9970676731
7767887861
9518557459
9850205544
9422836139
7387570402
9823416455
9881488118
7447773795
9860273536
8001202838
9607567933
9975901164
9422910174
9822728865
8329443347
7722002378
9765261881
9028239250
9822560383
9552299224
8855801142
9890898861
9822722394
9136982475
8412888831
7083364109
7152244383
9970229494
7252233185
7276297131
7252232590
9158635596
9613334242
8329893614
9822144274
7249346705
7972007989
8830500896
9765751345
8432179737
2047170169
8484054839
8888660006
8071371523
7378451451
9405173233
9405081443
7252232371
9119510000
7080107019
9059289294
8459927462
7977964142
8999248661
7020493855
8263002302
9209547885
9021482306
7020835030
9822474849
9960262526
9579279908
9423154860
8446184376
9146621354
9049800917
9766902217
9822275482
7276632664
8806606045
8888647289
9967642842
9921678389
8698552111
9766553449
9325417887
8408858982
9822791529
9637521156
7020566995
9765599994
9284750545
8608933333
2162244884
9623740440
9665551777
7770088877
8048045494
8037016376
2249791116
9011097860
9423865082
9665609092
2162234138
9822755614
9545429009
9890414108
8071738936
8071496521
9146213913
8002095858
9762284212
9922443307
8459960891
9049858459
2262346244
9850570705
8004252255
9833321321
9619006472
9822012255
8657936439
8002668833
8208478188
9922844411
8037603415
9545455661
2162234509
9762406856
8037682134
8669626336
9403771568
9503544256
8044465427
8208132372
8069617390
7588334214
9221008055
9082940963
9820225954
8850415467
9321118974
7875751533
9833495567
8928745448
8424900220
9819056367
9833171761
9930977746
9833198579
2222824187
9324588885
9930734610
9152025610
9833900335
9892214619
8767077434
8805087655
7506716516
8080517777
9833289151
8928339218
8421120287
9699312470
9028888108
9021129542
7666093055
9022274092
9579251394
8291852601
2512693651
9422666856
7757933739
9764125171
9270175413
9769771033
9767247712
9320034156
7021769427
7776036036
8805777360
7796688966
7276236360
9082287149
9960023704
9822465496
9860257200
7558510923
9823266677
8879975951
7045255293
8605444208
7720020135
9527494260
9766541820
7172256274
8048007244
9970336873
7798476762
7387983785
7385476795
9800002715
9765547571
7172227664
7019922367
7770070499
9822360422
8055373513
9890808226
7126633822
8412011665
7770070043
7172255400
8001208040
8043694665
8888422225
9822567330
7588806428
7172225168
8291169688
7172230212
7875557441
8668894973
8459390277
7304733525
9356614374
8788644700
8411003320
8600446699
9096069657
9011707875
9834544754
7620651194
9588621142
9158353228
9697919699
7385235806
9834134315
7498083447
9082400043
9665439712
9503161111
7709423904
9981572517
9371207712
9923402523
8788329517
9049899894
7758027624
7152251538
7741832851
7043434634
9975730689
9822304041
8855832479
9112396712
9326015713
7152244245
9823407335
7218266268
8600363240
7499853607
7709296776
9765717511
7219666800
8999202976
8074567789
9351845800
9764413354
7498469015
9921011109
8055997183
8275187096
9422608089
9209322248
9923187003
9604603856
7888255255
7620436787
9975646866
8600708857
7219377385
9823466869
8068434180
9356938258
8069866296
7738506444
9923886961
9960088001
9028967644
8087111433
9404383080
8623905556
9890344266
2164222141
7796690555
8275456007
9881848184
9822146216
9665713360
9822963295
7350251999
9822220310
9156004846
9371731591
9730370224
7875155903
8669674668
9822993826
7720000341
9803755551
8048073302
9764391515
7588158937
2271074438
8605224599
8983291983
9823353218
8956154501
7219665679
9404293330
8668257005
7700048284
9175681188
9604174997
8975952566
9423260642
9420631444
9657059591
8064174154
9604381880
9850725543
7972849129
9860953336
7152240872
9405529077
7499246657
7038983505
8668972855
7744954321
8657588384
8048158046
8037016391
8055561610
9373131993
8007151778
9422835931
8855873779
9021659173
7276651565
9975641563
9325118669
9370240892
8087716544
7709310659
7152661111
9307924239
8108708140
9664933771
7152251100
7875404955
7152250159
8208952098
9850280717
9960322809
9822200655
8390707124
7709067155
9511807305
8866978107
8788126497
7709970547
9193919331
9860469807
9767441315
7020355255
8855952663
9881189393
8856909297
2262346272
9850170870
8087376384
8035428196
9766660001
7152242580
9152101712
7387427252
9284664710
8329658717
9082299066
9028862400
9834131215
7350883800
9860949766
8790133183
9823151728
8788517259
7722026749
9582773957
8237241983
7666097955
9422176221
7972086582
9321419567
9822065844
9922372254
8888092229
9960795939
8888062249
7499578579
9822118105
9822374717
9320598649
9220822222
9822045566
9702048450
9322508284
8446334000
9920512720
9082381303
8591188591
9769383582
9867384288
9833923811
8867681142
8770518247
8908750077
2227459449
9324737911
9892999696
7666436858
9920683381
8850965488
9833765802
8304935555
8850310802
9145735729
9168617633
9011200096
8975297850
9136182258
9326344633
8828054888
9619531166
9702758483
7208496992
2228366242
9867890295
9869309753
9326157606
9867418773
7666825457
9820150406
8080680914
9004346008
9820535864
9833449728
9670332440
9702510346
8369025053
9892107796
8657298110
9029912991
6390152681
8850957790
9792163301
9930558689
8052410289
8795681248
9821676737
8454953675
9967384566
9833744748
9224667788
9323297718
8976343108
9702703851
8898728886
7700061067
9930698079
8356816626
2164255500
9028221594
9260363636
8329986238
7030676870
9175309777
9673723111
9076019494
9607956536
2067325005
2164222873
9730083383
9890903585
9225325825
9665464469
9289454791
9403771952
8071015652
9619181529
9890811026
1812480918
8044465572
9225584912
9561121993
9156143820
9028998488
9422238870
9960098090
9699312701
9881092226
7666813933
9423791885
2027019233
9975773061
8380095885
9765005123
9158255678
9309727828
9767582845
9049542045
9028027405
8329228269
7276297770
8446496415
7620002868
8600020207
9822221656
8005685160
2047170408
1482352000
8037839066
9112936946
8788197495
8308853609
9028779777
7020693767
9326773821
8149197814
8329666206
9370022968
9423558296
8380075555
7770008009
8626021623
9370666188
8767529092
7020272794
8208304918
2412341515
7970170179
2412777296
9765224566
7272997997
8421313458
7767971376
9552441971
7517674716
8600158002
8668341437
9422220674
8390618465
9867326630
8088887750
9222333064
8808803681
9821194135
9137552613
9820966662
9004690070
9967290584
9769520544
9604391809
7558567554
9860390012
9370898274
7447447483
7172252287
9730645100
9325042493
8888865260
7172251686
9822123002
9960188279
7172253031
8177990236
7172257774
8080338054
7020956572
2047170064
9422228714
9657740484
9028853141
7722000576
8080767477
9325579288
2047170143
9860487778
8856028646
8010604345
7172253267
9607922526
7665084084
9410258888
8793526131
9518742477
7972163753
8378964588
9359504370
8269950099
7498968202
8989166000
9404815490
9870768893
7039493150
9421818242
9763782513
9890928989
7420974400
9921064569
8793808808
9226436939
9422229287
7272999099
9890009088
9422220071
7887449993
9850587708
9822292478
9834373132
7083887191
9028568867
9119431984
8380012000
9021519301
7387535487
2412450188
7276272430
8369537607
9867076473
7303421177
8104831825
9987786263
8400414099
9766743946
8127809426
8208127355
9307914903
9767055341
9773643383
9137827483
7021272243
7710011050
7558507673
8459994515
7387872877
9960099927
9960447157
9503457565
7875284237
7567870907
9769628913
8048274578
9833503926
8976175509
9821191057
9029856279
9990510549
9167786866
9987525010
9004832109
8691871000
8828237735
8591014842
7021192619
9867349692
8097384556
9594393219
8850521192
8169536906
9867291029
7710085351
7021203869
7208080822
8008438400
7594002613
7058702410
9766924392
9763026502
8668970454
8999540476
8552841000
9922870034
8379867926
9309136762
9503023677
8600039888
8888845398
9527239684
8485015588
9372910808
9881935396
7020911512
7977355713
8806491923
9822471597
9689720074
7252232861
7721073337
7252232100
9604757988
7252232252
9422522749
9561302049
8999056549
7020007575
7252233383
8888128440
9673495188
9822545957
9011049535
7517674711
8975570113
9552123321
9421494111
9156470369
9890986860
8411995700
9307057636
9325804707
9422225475
9130423336
9850560874
8530107132
7045690614
8062914005
7947165543
8767283386
8062646362
9513384497
7498424841
7505981034
9004608009
9890382092
8956405828
2412411414
2412472030
9130009378
2412429622
8855848885
9588404012
8177902239
8048007184
2412324975
2416454022
8291090878
8600606060
8007207874
8062914048
9527899411
9545871111
9206921234
9822111616
9960249249
9422766866
9881271224
2412324074
9730843071
9922353336
2416610785
9270719400
2416618020
8002585956
2412427702
2416610345
9923440484
2412342311
7942760422
9822781414
9096860242
9022661814
8169133846
9867485088
8433885939
8976760111
9594994224
9821736446
8097655551
9773943721
8668986561
9769267026
8097708113
8454842356
7208230011
9152728858
9355302689
9004387151
9930507271
7738382299
9324120511
8450916649
9773381806
9076475157
8108848455
8779548454
9619968983
9930115001
9372427275
8369042642
9588618948
8329000868
9594987407
9321295955
7718042669
9967813766
9594977776
9152655111
7045900076
9820612123
8421563119
7045544195
7710010781
9664202483
9920791678
8422852215
8169075186
7400410095
7738386427
9870439934
9850756851
9422775650
9623482049
8668765707
2572226588
9850323623
9028344000
9850724890
7517516007
8037603501
8037468021
7028919036
8793639021
8044465725
9579031064
8975747526
9890548489
9689689192
9039030306
2412427473
1413110266
9021110051
9850980105
8001038961
8002088820
8002101123
9420001172
9975101524
9970459471
2572233966
9823005352
8668261395
7038581119
9579647720
2572224305
8806217707
9579379460
9860608093
9730005161
9209301557
8177886287
8369390257
9270628338
9370540404
8007558595
9403019249
8208770257
9579235376
8055527004
9850131433
8356840004
8655936429
9371000459
9930642711
8422812298
8169129028
7678033727
8419945360
9137837609
9167722295
9892800117
8108877136
9702673432
9137755124
9653188400
9324065345
9372954254
9930573866
9321222378
8591070600
9004604580
9324187979
8879034161
9321878758
9136013744
7718909009
8879976888
8097862110
7021931800
8062429998
8169033614
9011215661
9152473524
8291150204
8928569636
8828119688
9152601301
8655635966
8169108965
9082509465
9152331160
9076282476
9819815543
8433746411
9004342470
7021746522
7666002299
8097897999
9920331491
7738904745
7132295566
9373483721
8208466885
7666700990
8847766555
8605484693
8080056908
9595275723
8369126167
2249399622
2249399592
2248963788
7796551234
8334005296
8550904000
8668706482
8208759796
7888000280
8799834408
9420866333
9765500655
8698939968
9404365738
9096393787
7774866073
9970087294
7507506919
8180873712
7354212892
7841000682
9146438265
9823109070
7770055777
7182237338
9823422334
7499597360
9764618243
8308393773
9764057600
7182236692
7182237032
7182250004
8275300221
8390640000
2047170287
8898016100
1141101255
9869128483
9323410028
8071889776
9137110854
2271066650
7700953769
9920126019
9821004164
9867709208
9223276971
8828099666
9819816487
7738339271
7715080455
8268979796
2228126969
2226335795
9930405505
9821025603
9820652757
8108449445
9082776072
8850984627
9867457953
9148639690
9820960954
9619191669
7045551005
9820400190
9090802008
9167544686
7017238219
9820844802
8879294257
9004668183
9930999157
9920024295
8949102441
8454077999
7666700124
8591908968
8071889612
9930026943
2242769000
2242955000
2261306800
9324861219
7977284570
9890305955
9371457670
9326031732
9545111182
9423560390
7262884656
9730558974
7987642699
8421319000
8625987853
9370580166
9513933522
6366528134
9226194295
7020034877
8600199990
2572222225
8409090942
9420787173
9764989563
9028535222
9850431324
8767881338
7768942982
9422223094
9404048912
9404553430
9822299520
9326653707
9403034295
9326967443
9422215535
9545454696
9923552956
9130927149
9225146808
8888931925
7020211746
8767430413
8668214742
2572251281
9284845128
9422778181
2572270731
2572227590
9607043988
8779448055
8097134803
9372731408
7977384447
7208282121
7208631222
9867319104
8779010266
7276522906
8452849771
7304049424
8691969619
9152898090
8828836655
9371313136
9321477302
9324137752
8425890061
9594627081
9205310277
9029335477
7710048108
9920695398
7080807071
9702696787
9892657908
9076475153
9960690322
9699699677
7678015391
9833631960
7021052626
7718864024
8879971754
9152552931
9870374111
9370471283
9920537343
9833892532
9324017670
8097644364
8591034900
9699496170
9930166066
8693857630
9821006703
8767375736
9987777247
8830140441
8999520300
9967503988
9420543357
9373615858
7507588862
8605732404
8888448432
7507781206
9922636617
9673437111
7420860559
9910344443
9422180509
7020879688
8975092483
9604282791
9970626041
9422880753
9850474589
7262242307
7262242318
9422043102
8002090705
8879523216
9422180345
9075795006
9607565409
9823857613
9607043188
8381008877
9028683171
7757915294
9422922379
9657256675
8668634334
8297088993
7350907098
9604770410
9326584535
9405408468
9096447515
7020782323
7798871964
9373731271
8956727311
8766857226
8237270001
7447797964
9850053333
9881889030
9975404993
7741958571
7182233898
8806677881
9175295432
7887502088
9158242010
7507716433
7182236813
9326810247
7517696862
9356230995
8329139342
8108153777
9518583875
9923907656
9420515976
8600621186
9423689609
9921355637
8080194856
9860529644
9130873730
9699053316
9529003157
9545956030
7058132122
7184252472
9699506218
9552594160
9665656737
9850974842
8275564479
9175165338
8010728736
9552940501
8530508415
9372075220
7972123042
7722036073
9975864078
9637402109
9665759771
7184250678
7184257711
7184252247
8149362692
9403377887
9637656470
9423421859
9665665068
8983300020
9764008710
9421308085
9987056237
9892746996
9322283130
9619351927
9029470563
9820985559
9004471187
9833568989
7400046062
7776888951
8108019891
8591079375
8169673773
8369832891
8108922227
9372850259
9284566987
8424888288
9322164522
9892861028
9833548831
9819726525
9167453795
9321297553
9873907604
8433838288
9833839983
9892575967
8828000088
9820761905
8208916137
9833574210
8452853126
7506006591
9284025801
6266913838
9004866049
9321466094
9004177661
7900127967
9076410707
7977866996
7887543649
8879785977
7558211584
9136640383
9326575994
9619382940
9136616550
8411044146
2572227149
7813949494
2572238655
7875106190
9970552044
8007570078
9689950850
8484084236
8037016389
9803760760
9823336524
9270402222
7588439135
8087479909
9850157289
8071738204
2572229601
2576600621
8071496829
8071496434
2572233221
8007208111
9370911155
9864452073
7875177889
9021562628
8888027388
8847777886
8037469847
9731013493
9561079727
9420390445
8069670355
8669626326
7942762823
9112268688
8002582225
7387978511
8069617067
2572222405
7841966192
9021381848
2562234540
9423192363
9422788162
7350110933
2562279921
2562234571
9422787411
9764510999
9224498677
9004857914
9324754587
7666918643
9766068097
2266160200
8071889957
2261711414
9769306799
2261714444
8591752914
8591498589
2226736358
2226358533
9892456347
8433677908
9769314838
9549010010
8080801761
8448440607
8369435657
7304278250
9004344101
7738516930
2261935047
9326409924
9987024242
7506484347
8879753249
9819611643
7666402040
8689960350
9136608444
8828446130
9869014555
7700997717
8208384342
8208107200
7028505400
9561590696
9527817676
7507837789
7767808010
9960085612
9822552232
9421008231
9967013969
9326141773
9082258874
9867977299
9167496947
8355953557
7774980579
9167314766
9167565510
7208543627
8779546723
9359023308
9152111821
8591904526
7666738967
9324655572
9152441524
9892896811
9264438647
9082009313
7777003767
8422862201
8655453466
7400185722
9987353241
8097021132
8169439098
9167728171
9987791263
9152199655
8591171714
8879964885
9892496049
9321154359
7669487590
7506616605
9136678875
9920026089
9320033975
8655462520
7208327440
7304671022
7977649708
7045117770
9665431966
9768008184
9004313296
7738421001
9284232017
9518738286
8999570366
7263929494
9588695729
8806464676
7378900978
8007154257
9890910088
8208490844
9604908888
8855866388
7972661235
9594860054
9370420866
9322542302
9834172336
7385521099
9834337438
8071963650
9730358943
8625945100
9764123956
7768824322
9890578629
7875696886
8196065111
7711991127
8956789046
9595444130
8857885006
9890060699
9823114254
8007240777
7262043663
9673218983
8806588084
9359270623
8999366356
7030833866
9284650240
7722035999
8888311084
7219277318
9096876826
7741041143
9270002406
2462241198
2462268822
2462235231
2462286809
7559167804
2462232382
9890449738
9822489576
2562232199
2562355228
2562237775
2562236027
9960432612
9422790170
9579843943
9546815072
7620918066
8698109711
7447787113
9209270898
9673705140
9403430651
9168096888
7588317237
2266661001
9403716604
9822042500
8412044428
9420017348
9423289123
9665444404
9595571647
7304655472
9423191075
8048169701
9765830375
9422236788
9823346798
8037468340
8857820812
9022139450
9226057855
8208455362
9822949614
9420374151
9604048013
9823787053
9423360545
9028894856
8397839334
9890256105
9423495532
7066796201
7447773040
7756033599
2562230738
8983033024
7350731045
9096447448
8879215459
7977160452
9930946985
7506379796
9821123308
7373635635
7700922009
8046512407
8080320108
8767250442
9172800522
9323704447
9766997085
9175613213
7219884994
9922314754
8087446624
9049665038
9324401030
7767840648
8999796671
9209799972
9922243295
9309940856
9503855319
7888055531
7447417929
9820164146
9689773505
7304966300
7798356889
9359146148
9096888940
7507818168
7887766041
8425902190
8007766153
9321531520
9579062644
9923262924
8369211189
7249700954
9867470883
9322873675
9172819855
7506859666
9420551800
2064171368
9370716975
7276963764
8055757804
7232238683
9096506777
8275622744
9545552485
9503067747
8208043669
7264855789
7219284558
7770087580
9096733883
9579794949
9422922429
7232237233
7232242380
7232243108
7232252187
8055255395
8855972105
9579937111
8149573581
9823789234
7020304040
9890353074
9673800777
6366437897
7232243504
9011139224
9307099363
7045269437
9022920338
8983276039
7276697107
7020159795
8177927509
8308966290
9130392059
9422919898
9960525881
9067574054
8888535829
9209140293
8071318813
9970021225
9423232394
2462249250
9960127595
9156330639
9822195847
2047170053
8071371422
7888086297
2462234344
9890750774
9325123891
8071371493
9892101616
8181817834
9137638415
8037839054
8007342424
9579188087
8149439813
2048553834
9353892997
9420668128
2462239949
2048555408
9527160043
7770006753
7588847061
8329725593
9595681997
9323185050
8408918603
9370979404
9881349127
9423050439
8380981100
9067666050
9404837609
7972646259
9604781119
9045078708
8275761194
7972649756
9421544729
9890901146
8329981329
9049283426
9657155541
9130920022
9730347472
2562288701
8600006655
8551816080
8007700749
9130301102
8600916781
2562245110
6366437837
9326231002
9960398224
9405910140
9273799680
7391041915
8888932361
9028951886
9502394777
9823007470
7709617311
9764280434
9420602036
2562277475
9423289135
7248910521
7947467117
9823097280
9423979001
8071738811
9850559001
8380805544
2562222072
9403435335
7741906360
7028919032
9511776608
8069617116
9168584341
8002025555
9834623354
9860377143
2562274610
8044465131
9209058000
9179121021
8069865140
8265826531
8291889898
9552354109
9272561991
9923786212
8446722810
7447574791
8668448616
9136604483
7083849950
8451813727
8208467020
9890195195
8668241901
9923921930
8830315477
7506506930
8149718911
9325670712
9175544312
8767768355
7378885003
8432303265
9405014664
9518986747
9657339339
9767675925
8888446079
7887864515
9422863779
9850616002
6366437984
8446977636
8446103745
7709498707
2114277193
2249735156
8055228822
8624877710
7045909965
9821346097
9152236856
8007741110
2230613500
8149813617
9004198314
2249331111
8879229902
9167281972
9594805811
7977082667
9819849485
9967154869
9869198713
9833399916
9920011404
9821344064
9209200202
8149110501
9545649999
8407965275
2141222290
8390734777
7045824151
8605460686
8530462320
9272125317
9858177777
7700087070
7666424588
9022263493
7776898964
2382228135
7977841735
7744807500
8805642618
9422436805
7588901978
7058928044
9809548899
9960930772
2363272191
2362222525
9892926590
2362223384
8080726754
9022765681
8888318918
8879429161
9769552008
7057538110
9820873227
9730905935
9823946125
8180968328
9623216736
9833488489
9960506370
2352225011
2352225965
2352223210
9967367321
8928170141
9561153384
7020097649
7769877396
7798203640
9082517925
8010459166
8850645162
7558392610
7666102623
8237198004
8657464716
7021380152
9324185099
9284507134
9322708496
9518907816
9619881554
9321090135
7058938773
8793702000
9373603300
8379943767
9152160521
8828825530
7977531117
8097702174
9867729157
9702375927
9322543563
8655936424
8788017956
7350009980
8484818228
8369405730
9930503053
9356698048
9970112327
8451003022
9119913366
7058031911
9730510517
7276495752
9270080522
7499793780
8983409991
7506053888
7720050814
9892926294
9096681484
7972633654
8087655992
7843075399
8806066066
7400009327
8237734777
7350009960
9930523103
8007665669
9673067191
9867718059
9919915259
9822466822
9423128730
9529907729
9766504856
8262847516
9823072929
9834123361
9860653388
7558621744
8698806666
8788971020
9175458454
7249721568
7775064644
9175144645
9766555563
9764601701
7020058891
7709277277
7507151588
9922511403
9970839852
9881030660
9766648882
9403263592
7242445333
9850481571
9850354566
9423762407
8856929418
9209004623
7242424442
9632348283
9665443691
8888110055
9921979978
8180884493
8007577677
8888775544
9175707057
8999002177
9764282884
7242258393
7387523332
8208171945
7219542095
9359505166
8800013066
8149771377
7745000060
7030304099
9822730441
9601850185
8291581507
7066029791
9423112116
9209292340
8446417777
9421259495
9130042100
9890048765
9422471889
7887498856
2382222191
2382242201
9766000633
8208380096
7028856300
2382221756
9881308176
8411000241
9665913739
9175807652
9579449209
9823104352
9730116726
2047170078
9422876290
8639881073
9623250980
9175322977
8037838932
9146171530
2382250554
8071318927
9403097479
9373097943
2382255190
8766506030
8071371384
8037228646
9823398700
7588210011
9322712880
8624021860
8080934892
9985306409
8421175445
7875838479
9130877302
8446792379
7218843360
8421001214
8788739970
9834921771
9773297388
9503759040
7020376388
8600256153
7620044333
9403647539
8041763831
2241804799
8999964420
9423391881
2564210151
7020982770
2564221001
7020942933
9623302997
2564223229
9579534236
9579977441
9240237953
9922170111
9607042788
9960782033
9518984583
2564222464
8071496849
8600003883
2564221579
8071890750
2564222451
2564225411
2564230119
8291084821
8071497767
8446803898
9130885130
9535984356
8044465119
8069866244
8069214127
2564233680
8411855008
9699627700
8956661066
7875796110
8446014078
8308758880
9422855595
9595248026
7212577040
9405889810
8149718958
8087128040
8275395833
7212563801
7212020794
7212674806
9822314590
9403211281
7212672618
9689641990
9028383893
9850332644
8208802053
7385054538
9326911242
8087956260
8888550033
7774091416
7769980530
9404054045
9423329706
8888244176
7875379810
9326573749
8261910553
9422938621
8788446878
9529722322
7221080910
9158199922
8766616709
2452232427
9637374189
8180831221
9689242888
9730478173
8459311010
8071371274
2452226957
9422877741
2452223841
9561149754
7499633494
8956116911
7972651230
2047170127
8767939467
9021837421
9623986153
8806177688
9004655021
9371566551
8433862626
9822533783
8888374233
8208749396
7378912388
8698919466
9922886914
2512683042
9689639390
2512611872
9175321631
8180060566
7709384767
9660620338
8208146351
9049413333
9422219172
9422218707
8149311121
7875108932
9595500033
8806117117
9175050030
7875083299
8080071004
9226478333
9762901111
7447898339
9970296870
8407970720
7219677196
9503351933
9890995057
9422958680
9823578085
9309565395
7719914453
9860792522
9604788358
8080753173
9552558547
9604960649
9595360756
9552094220
7720884422
8669193671
9022545488
9422746416
7887845194
8806299111
9823203230
8805524549
9890925745
9028711147
9112133094
9958583739
9096028720
9545366359
9372790353
8087906130
9890911863
9657380127
9422156412
8237797325
9326925500
9860608110
9214515937
9764099949
8956090459
7212566245
7773940771
7249396606
8983710731
8329323163
8149999026
9209493422
7212676416
7212572478
9209231220
9637236868
9920077401
9370922063
9870229023
8830569923
7620941453
7507477094
9892449400
9324992277
9860272259
7711077110
7021880353
9158361662
9890397130
9860291315
8087731101
9933771108
7888119464
9892258614
8657714352
9320895061
9699608108
7768062825
8149245327
2225605702
7083380082
9922662252
9619080706
9324252401
9503074247
7249464600
7499576959
9657943736
9284581252
9028188883
7447454966
8668703328
7020699416
8999355904
9892681319
8149032505
8585856500
8459697712
9156188150
9922992630
9359452918
9518710234
7977402473
8329614349
8484939000
9527542874
9579639353
9011540557
9209392578
9890133299
7776868614
9130619152
7775977477
9867716378
9527181828
9809092302
9975991992
7028670688
8600698042
7499317155
8975212043
9422176560
9823245007
7498192498
9359663242
9766376968
7972133565
2047170286
7942729003
6913108108
7887762593
9834135607
8010233274
9373502603
7768954425
8668448799
8686595917
8788247309
7020132172
9657698475
8830893886
2472235004
8975094930
7776987077
7028832624
9404990202
8459584366
7499599388
7030705043
7066675669
2472222610
9970067626
2472228899
9881139495
9422777967
7709085268
9922495678
8097865662
9922249494
9422831441
7212561211
8983260641
8999116127
7212662740
8799928630
7770019371
7212662034
9422955131
7212662542
7212662493
8459238688
7720078060
7212552353
9823148595
7212591152
9422669495
7020948300
8657180028
9657882288
8291092427
7798822822
7212569600
9359308562
8037016428
9326353501
8069351615
8956005288
7038871058
9370106730
9637217211
9890754023
9665527279
8928345948
8071760436
8071760362
8657568547
8071760583
9422949646
8071496880
9422953111
9272200279
9370619495
9096050311
9289454788
7216601400
8080078057
8071497013
9730721393
9423342128
9403292319
9665026996
9637002062
8600093930
9860383561
8605395541
9112911911
9028067282
9698225333
9960599932
7972016324
9226601769
9284547459
7744922000
9423142218
9168242599
9422532073
9823069213
9764142097
9422472502
9421453584
9637936999
9922349924
9420436556
9975758333
2382246341
8600881127
8080813395
9421345783
7875477700
9657454495
8550938358
9890354711
9822670507
8805884372
9673406517
7058142593
9011150231
9325610858
7798031212
2462254333
8007788684
9326620222
9763371777
9175191000
8888758033
9767121217
2462248570
9370880752
9373682344
7888292996
8669316907
7030000304
7020136852
7666486585
9960882421
8459282823
8668209302
9665999635
9657707702
8180992367
8355985087
8793531112
7020134781
9730141414
8007389798
9860464276
8698508258
9422857587
9096460116
9920219296
9960609500
9767167565
9403310304
7212681246
1145040222
9405321827
9145641333
8275893500
7212522342
7212660127
7212160625
7517222110
9860013728
9405430876
7212563422
9373979144
8421432551
9226105613
9373044474
9028208666
9922733311
7212950944
9970157666
8830863165
7070415353
8087743090
9867430523
7039032929
8805922837
8999846809
9222631384
7745819729
7972916037
9324955353
9833757856
8454072714
8169864072
9004333530
8452898800
8291863133
7506772921
9967112985
9967465446
9920451266
9869864447
7021311272
9920137108
8976062424
7718934853
8237685111
7021821758
9930310614
7977576219
8591420875
9920588512
9167378899
7738981777
9653647625
9220851851
9082339465
9082343897
9224406975
9769356202
7977113800
8108571050
9833778435
9579512533
9372813993
8879483938
7045351703
9920393022
8104195223
9823039759
9731053780
9766494464
8037469565
7020213611
9340369595
9511802118
7020879356
8956218877
7719935853
8668907253
7709937061
9665146577
9503770792
9731075386
7212573501
8069866845
8602676060
8069617043
8483955893
8044465262
8001021002
7972136042
7020114037
8983861332
8888458882
9764633070
9423152538
8275411356
7242455928
9922516162
9970082400
9730213602
8208889706
9422861610
9922961931
9422160419
9850387455
9422960050
7242439256
9970977925
9307565014
7242422239
8087173425
7242452421
7058914249
9420395261
8087940011
7744045700
8265026795
9766555517
9595657222
9820286842
7304471749
9653148286
9930920011
7719894505
2472223527
9673698832
2248937160
2472225444
9421000053
7499942378
9764627732
9015500061
8806876615
7757928991
7972885880
9594203890
7771058005
2472228028
9156238658
9665292319
9011113168
8484840939
9763218163
7218184344
8208001130
8237216460
9096531214
9067180058
9284845473
9146464654
9923136828
9822606909
8459838317
9359311266
7744974449
8421198744
2442226456
7972531294
9822933003
2442221222
9970053503
9049257502
9730673303
7558515126
2048556386
7020621731
2047170095
7718046664
9321351243
8115179319
8655587173
9769305880
8879605444
9004380004
8779657407
9137998827
7400276929
8097065152
8655734353
9321212221
9372150737
9930769928
8286363002
8692981414
8355853020
9076082044
7977988192
7498819164
9137145769
9594667648
7039039849
7972713957
8850579271
7021247519
8767202044
7039039845
7304296829
9321983663
8097896502
9967846371
9082998593
9324939735
8879458006
8976505197
8108755396
7669487071
9819762971
9850045596
9326256678
9930626555
7887712666
9619134803
8080506616
8591947115
9076801606
8108963101
8037603361
9673363733
7242437847
7028786976
9594296228
7172256202
9967995646
9823990421
8830286086
9004495656
8080952508
9022546130
8484899819
9284630177
9987570579
8149286345
7620904835
7276629942
9242730060
9730542911
8149687833
7777088622
7738185375
7977659512
7020462698
8454943674
7741839302
9867383671
8999383684
8828228704
7741054455
8779568391
7028307885
7039039877
8424987696
9167402146
9892539953
9082237703
8422862290
9834029882
9152331152
9067706832
7758893772
7715847106
7219754757
9823327452
7355980764
7620883974
8640986409
7756953121
8080387318
7719005500
7820871870
8007722123
8369984105
9922777697
7942761729
8071498166
9011000099
9422939939
9823370023
8600002040
9822691221
9922330932
7020762981
7411858704
9763665773
9535941285
9324020692
8069616890
8035428357
8044464981
9136136964
9422167085
8055413939
9404542550
9370791307
9923139796
9923228002
9860131206
9890474789
9322531354
9922777542
9561366766
9096155855
9595017128
7232244450
8208088686
8421026446
8793265332
9922330009
9423131946
9654014645
9822716202
9807456555
9011085007
9307706281
7499302007
9405162202
2261241800
7507852882
9404919294
9156660493
7387459521
9359981175
8788866702
9819307530
9421560611
7083341382
7507342222
9697334400
8669503245
9823244330
7887931081
9970949239
9404545067
9421680482
9970195615
9511819932
9834980455
2482223551
9545183114
2048555407
9130405069
2047170054
7722064401
9767522038
9823029547
8669035143
8071371382
8037241035
9446171313
2482239255
2482231456
2482243085
7888204503
9766224494
9766380098
2482233398
7057579595
9860469757
9307932843
9890242538
8329891360
7840978742
7709594387
8625984233
8329983814
7020296079
7798237403
9225803745
8805015676
9404907607
8698965382
2352226080
9175101844
9403757472
9152727971
9766091940
8452976400
9309390122
9011131234
7276121855
7058852186
9156914676
9209225776
7498420021
7057435551
7851003003
8668581175
8007330651
8530333377
9067275765
9860378400
7020549938
9011102424
9673891082
9699716596
8087076909
8698693366
8169944545
9359226569
9049806447
8554907250
9970606356
8329445893
7387011311
9130361623
9372796957
9975560573
8237512805
9665189028
7774808014
9833909734
9004751118
7738122807
9967855155
9137182930
9588329225
9820129925
7208072324
9892759026
7977358131
9136999231
7506637015
7518389372
9321731001
8080323995
9763772142
9067257111
9422865755
9423134946
9372612977
9822693677
9423434748
9370501498
8888021818
8208659079
9513446138
9823510299
9975725870
8855006565
9309966309
7232242488
7875304969
7888152666
7385238775
9335809926
9607043288
8069617047
8001036286
8623866222
8003130026
8062511441
8208167758
9422869388
9373204616
7232256234
9422866902
9527597590
8275554451
9657540088
9860008883
9284982675
7942760802
1800334433
9822901171
8071497155
8071015536
9881487101
9188923257
9579742779
8037001664
9890999152
8071891090
9890112077
9049030488
8329129603
7972080149
7122284001
9860528367
9158115005
9226318790
9850294045
9421774176
9860366456
8767516969
9834235843
9767734372
9527597202
7720846689
7232244537
9766334554
9372621533
7232253520
8669567688
9527032635
9373204795
9850061815
9028937220
9423844666
8698512639
9921661807
9049748756
7304437480
9881198823
7020160063
8329600063
7020060036
7972387379
9822573224
7720990022
7900415763
7242435573
9921318131
8224833100
9970321817
7242439403
8407989607
8806667115
8668371722
9823197558
8888862718
7020090213
9405599645
8600353712
8888789686
9730791080
9987736468
9820782381
7400003535
8850611780
8369708820
7715003551
9321638980
9004804894
8433809270
7700922925
9326049622
8097351658
9324065647
9321808713
7276337633
7715893817
9028786848
9325060354
8082611365
9326600668
8828430075
8655566633
7400165657
9372935085
9920706262
9119116706
8591798526
8975392248
7977757431
7798675550
9769799919
9920422024
7208009555
8591136661
8291520707
9769799942
9004997425
9833096649
7977309246
7777050767
9867733334
9820475850
7777056006
9004202163
7678099770
7710020205
8652276602
7700984398
9324885503
9967833792
9823021599
8669979000
9172434134
8308784422
2352234120
9372766491
9404443280
7028318994
2048555310
8855827517
2048552966
9834994859
9049580761
9067770789
8888235678
9175880335
9322988288
8657949917
8329014562
8130420078
9765265730
9987595771
8805466764
8411083046
8044465225
9423131777
9022326422
9422875412
9890013157
7249869322
7304905065
8828530942
9892054895
9321572623
9136976498
9987919412
8828825518
7506817696
9699121121
9579995378
7304066004
9709701308
8981573789
8828105319
9322966366
8879616463
9321938725
7666254321
7738902112
8424967449
8652130992
9819546863
9578111129
9967700883
9833332202
8433943567
8879493133
9768163397
9324373043
8171402459
8356905979
9004949189
9136641885
7669487082
7678058815
8451916666
7738477113
8097065109
8976767979
7208329662
9326595041
7208135375
9307475077
9768119979
7400453380
8779970803
8169126349
9833924747
7208854085
9730091959
9719472843
8669084302
8626081113
9766343206
8605634913
9272397470
7798198911
9881373700
9289922601
2271073481
9552915659
9421393968
7385151992
9420336213
7030486299
9766678383
9890514151
9850545078
9168127014
8459588487
7972697238
8208265182
8064174483
7768094890
9503542808
9518336482
8003451500
8169905941
8291084061
9850317650
9850642298
8037469690
9731073352
8069865474
8983270286
8069955622
8044466017
8037117786
8064171177
7942727441
7875564365
8602660111
9075739207
9604726993
9763668929
8698323530
9422875508
8149980497
7252231021
9833889680
8779911797
9768045294
7715006404
9867433274
9820713517
9137275053
7059111129
9022960676
9867022938
9167755707
9870492146
7900534005
7045443033
9819060650
8237995654
8422802584
8828400230
9930699421
9004360000
9930011006
9152203098
9324847511
9137020433
9867367722
9326860749
9867126303
9967620823
9653661417
8750557755
7900110204
9137794911
7021270618
9892341996
9152418567
9321165417
9967341020
7045134220
8104755280
9136741679
9920882691
9993888733
9152166533
9833776630
7738623960
9820944525
0120070000
9076000707
9920041855
8879863737
9892093288
9930696130
9930993600
7718889040
9869309719
9049417111
9920974507
9004521787
9004791114
9870566777
7506353222
9833769146
8928908131
7260850707
7304059282
9136140355
9819155920
8169942428
9004706353
9920106056
7400300123
9920888543
9820249675
9167766111
8898707020
9967361359
7400315388
7738690317
8828122131
7498371300
7738923103
7208531486
7208525462
9326388960
9819777663
8879192901
9137291279
8104403501
6203963882
7021752646
8591959585
9967505859
7977823865
8850251515
8169718570
9987187477
8879950948
9920942114
9004405159
8779276424
9371842897
7590903333
9112880212
8369920747
9423833245
8421219024
9421222999
7038888976
9822364076
9145041846
8686242436
8668801568
7447355525
9529911678
9518969978
8237584151
8275315050
7030457097
7219816581
7875836890
9405925647
9356214405
7066399721
2363274220
8317222702
9022736809
9867594993
2362222221
9819244573
9049916882
7972655194
2365225264
2362223440
9225239949
7083452451
2362223677
9920031137
2047170270
2367233192
8003800857
9168770165
9860925040
9404448444
2362228902
8879100533
9673267614
7620668844
7666122139
8445000761
9422282482
7709501331
9850011435
9421545417
9370067111
9403427564
7212560155
7276757174
9579315422
9511752573
9422918588
7212574396
7212672664
8149922740
9822694851
8390127415
9423236948
8855963211
7972598077
8282979766
9823352976
9960800750
9665544221
9420967003
8623880620
9858110101
9422786722
8087860039
9527551556
9422286496
2562232421
7588519049
8007171738
9372020173
2562237891
9421536936
9834840743
8329005205
9764694797
8421180009
8600692004
9403383500
9421520479
2572264803
2572970766
2572234094
8888854450
9766880088
8623976978
7499440076
8855960515
9011198285
9922276677
7447416280
9422286863
7045256031
7738548075
7620321331
9764807070
8830331703
9834869693
9607040588
9890426377
8999746636
7972316617
8855089890
8275331362
8275401101
9422561336
7020196258
8999809160
7588815334
9028840801
9657364187
9860988343
9588475709
2572242025
7972012826
7498076846
9423950214
9028905883
9325755111
8850209401
9822425100
9011566350
9370990099
9822770904
9822917608
9673970349
8007705460
9518798020
8208284583
8888768919
2572264881
2572212999
8008895003
8976765661
7304548367
8976587217
9167564639
7900006651
9892292078
8433851652
8422004388
8928863914
7669487074
2240131693
9773373024
9167592525
7045700805
9920299899
9967014055
9653333024
9819651099
9819531448
9326969657
8104012232
8591411258
9326730897
2226361578
9322166666
8433966645
8065238116
7045471011
8828104056
9870127636
7777004034
8591808451
9820466964
8369498733
9920327888
9920537777
9326516450
9324107938
9867304013
8879147449
7710004701
8037762851
8291202002
9867800234
9920127706
8097014397
9833006323
9892406407
8108301111
8064174512
9823303446
8788886927
7775817268
7020195995
9923739343
9422164991
9090232337
9359610249
7943443819
9970360460
7972345500
9021776806
7251232036
6356122333
8552974777
8766972121
9326962901
7507784888
9858277700
8062914729
7391944001
8055040400
7020873540
7588091259
9890639363
9503041773
7252235662
8071497412
8037681360
8071890444
8037682017
8071015469
8004107711
8069955662
8044132225
7947467749
8069866197
7943443717
7251231069
8069865521
9420683637
8600873489
9503797884
9850735666
7972893260
7020710825
9096968793
8975805452
7152244146
8999524949
8459036822
7350763162
8669001256
9220575707
7708152141
9867440507
8657203834
9262624162
7900115777
8591052727
7400110066
9738032032
8069270004
8779389253
9004239091
9619267525
7710941353
8828825111
9819213111
8850268699
9819423240
9769453004
9027165120
7738850315
9819976649
7900077813
7738366708
8657569429
7498761629
9132326677
9152500906
8655117797
9987076134
9326049384
8655808084
9167780140
9619644646
9892577442
9821741284
9870175741
9870809955
7021337451
7400369811
9646490404
9326645195
7400378795
7990423243
9930638041
9819680605
8976212754
8652121656
8691824444
9920529329
9137327752
8668367265
7387077982
2572241172
8983569156
2572221445
9175727373
2572220400
8888555832
8806197999
2572258393
2572281522
2572994001
9112255955
9527235551
2572234407
7498063980
9422276423
9834594334
2572252803
9922128855
9307078085
8007331387
2572242065
8668757550
9370507111
7768932999
2572257250
8800897571
2572234991
2572257453
9022482216
8806080022
8448488269
7045256795
9320222901
2572241189
9527985200
7720067500
9421515123
9823011904
2572235807
9870944242
9156906748
9404498099
8600436163
9226200100
9503740552
9322195628
9834863484
7020500295
8806010188
8554031340
9158761611
9922354648
9970184045
7709594266
8421684767
7152230515
7152231166
8600044411
2271074816
8655608537
9953101182
7720074090
8390733175
7498933006
9975563981
7744816165
8866483775
8888357232
9422296094
8007949069
7972127104
8698149237
8928113111
9561081826
7387174104
9890906064
9890472661
9175123321
9797699461
8087360449
7152240284
9370033533
7152230506
9923355343
9975542846
7152251589
9665398887
9970730785
7743912362
9421815567
9689132562
9619953695
9823292431
9822327946
9890618561
7152243120
7058890611
8080515738
9320312011
9769212658
9594202440
9820430627
9920648418
9152690707
9769767673
8591997650
8169114065
7304040540
8425879425
8655734359
2240150499
9819377148
8097199751
8655635970
7039897171
7506430111
8850854077
9833365276
7710970098
8433978793
7357869576
9967964876
7039166655
7400157843
9892305748
9870401878
8591617979
9747790458
9892760189
9326214925
8879253000
7669487080
8097886258
8108800301
8422941547
7506251933
9870139977
9987222268
8591107039
8291914949
9619243530
8828125535
7282920786
9769311109
9318388531
9833654660
9867706326
9082303956
9423823823
9404755243
8446393866
7019680298
7998898989
2355254472
2355261212
9822688880
7276850220
7798090680
9405128514
9405098517
7972728870
2355254229
9987529738
8657893583
7620757826
8446420526
2047170071
9422595165
8600583362
9420879295
9421262178
9405632626
7744036381
9423053853
7588842255
2362222047
2362221358
2362222917
9820818804
8459104961
9022824369
9403995929
9422633622
8010667696
9821418489
9356125358
2362299422
2362223392
2362223369
8369159458
7774028185
2363275522
2363272348
8655917945
9579483223
2246180392
8329480371
9049670043
9960998323
9226164045
9850987399
9850462154
9152628020
9960247388
9665624277
8010757583
9373124377
9975299298
8999156066
9922626796
8087646512
9156814030
7385040071
7822867723
9922815827
9730302818
7776921143
9766938675
7588291930
7038253300
7387771709
9156663161
2112224120
9588490429
9372497745
7387020623
9689712773
2112222147
7498676145
9325004950
7709037070
8623920610
2112227575
9225581500
8888391000
8655936422
7378444222
9011273414
9370398717
9373598804
7499970381
9637761984
9657079804
9834004103
9270776643
7040051561
7020995107
7385247921
8888017769
7350554455
7276883888
9284024289
9420681911
7942811007
8044465423
8069616846
9156077091
8069866196
8069670365
7947469647
8069213870
9890692815
9579325663
8069865557
8044925887
7507844103
7020446996
8983055666
7972079663
9021120600
9822696611
9960407989
7020937411
9096090788
9850480789
9096061140
9890811732
7172255660
9822572116
7385785600
9172569777
7172252525
2271074815
9422141412
8108102998
9096417079
9975024775
9356557585
9022537809
9420716520
9422180421
9175243003
8208991414
9370086519
7350129403
9270800160
8329472432
8698606111
9822632633
9403733265
2412431111
9423423032
8698008090
8087167770
8888800064
9766535800
9076907658
7385307897
8380073074
9309553291
8600535555
8888232367
9970949506
9011155555
8767132419
8208050007
8983037710
9970239630
9881325454
8530844548
9561157678
9011111877
8855033677
9373002174
2412776100
8625866018
2412777260
8871004043
9823012323
9226919291
7774912734
2412779212
9881774466
8408833776
9022288628
2412777188
8087550366
2412423976
2425259096
9028876237
8669150892
9226273553
9665302501
9689848191
9822557782
9096444755
7798889308
9920551453
7559374031
8484964408
7776049850
9892924655
7039140771
9324911911
9604019439
7487870202
8879720209
9822017245
9860654908
9867408410
7507500464
7030921800
9850829865
9970516669
8668391293
9021668577
8421225467
2141222667
7038474812
2141227483
9403314084
8380090704
8657949912
9881071629
7620048248
9022075706
2246180508
8530736161
8999161519
8010125804
2141221888
2246180424
2246180463
9689948476
8329449971
7023302020
2246180454
2246180406
2269150992
7276700809
2246180410
2246180391
8071372783
8691085598
9699310001
9619752860
9359152953
8047636329
8625940077
9423216483
9271267474
7387999915
9011555501
7420858408
2412777899
2412328648
2412551026
9850235553
9075199043
2412430411
9999431999
2412323936
7219106266
8149461886
8459833554
9244108108
2412320655
9789938433
2412431899
9921728317
9850014416
9969028308
9168313434
9595956207
2412429555
9028997775
9730813333
7020043768
9923779277
9619718667
7045249243
7972636969
8879956328
8879946421
7045249270
9850988825
9762269839
7507356004
8055555636
8446661698
2412324944
9767732970
9028207722
9049948555
9970853325
7172256226
8037467861
9823420723
9890116171
9513446126
7757824215
9423116779
9011349184
9731115363
8064174519
8329712420
8062914062
9422136510
8999153027
7304030793
8999254105
9359271109
9049333903
9309794005
9422136345
9422180678
8879095418
9022213775
9370350284
7942762190
7172646081
8037468391
8668463232
7172274980
8177932447
8071178983
8668230778
9860101704
7942762017
8329384904
8069955913
8044465759
0030106767
8037467517
7020683107
9172845568
8048031007
8855900119
9883027821
9130018780
8069865540
8329464749
7559388990
2192268866
9698969801
9975728915
9422355833
8421842942
8766916706
9604853730
8605112078
9322755253
9767833751
8855896511
9960441165
9975571518
8007785071
9326792777
9049913469
7875731194
8390367413
9673714245
8657139620
8390768810
8450817707
9860082230
9923284910
8637764906
7756030648
9890890540
2114272885
8975224400
9271351200
8329735437
9823244128
9890816537
7020691991
8149316921
9270722322
7276531419
7498386844
7756962837
7972710569
7020433917
8806999764
9822725193
9867467538
9763594548
8087124815
9922072563
7709577539
8208804590
9029656405
8862011051
9769082019
8956951612
9175124047
8956381612
9699907943
9356816116
8828032934
9767212229
8169508076
9820859332
9987506352
8169019090
9699129329
9028282221
9011166073
9158033595
8329334657
9850708289
9222175803
8261021959
7038804052
9226458945
9096484363
9371084779
9922101172
8268050917
9921695888
9892203167
9833876027
9004662257
2143252858
9850249189
9209378807
9766628593
2269553696
2143255799
2269553641
7498168003
2047170172
2248963726
8369663232
9980564063
9987811825
8002101616
8454822399
9821545923
8779631400
8108102587
7558486333
7066241842
7887702816
9372323838
9405655657
9607909879
9284522278
7057244860
7775956789
9921948095
9850966640
8200105772
9323226165
8888468873
9833008103
7709766906
7249860969
9822749491
9653478844
7030190917
9881093942
7888094991
9637222332
9561945755
9404792666
9422692794
9096369775
9370093252
8793653317
9225469283
7083290505
7709622192
7276814026
7972917206
8976177577
7028777866
9372500019
8779375881
9021629305
9769151711
9225748749
9850822275
9273216367
9326488188
8237660164
7028701608
7058441231
9923527688
9561651188
9561977384
9503221143
2532572153
9423921210
9096668886
8788842673
9657521430
9423065556
7499709903
9423606048
8999924428
9270768117
8044465116
7498679097
7132222642
9011850143
9422906505
9346988454
9209593042
9975514700
8062515417
9595111205
9673201921
9632262626
9422154574
7942760627
9167264742
9503063080
7132222236
8045999717
7020023375
8069680214
7499126653
9731153603
9420963290
2173500121
8080958674
9860588440
9970212021
8329841165
8007666450
9164380800
9405671666
9325669244
9370114998
9595556808
9075044111
8001801961
7887971009
9168174869
8208096738
7869383397
7743892565
8005781904
9028081808
9404976961
7276712243
7020095002
9028807069
9850511095
8007800666
8485854399
9226967939
7038318887
8605188306
7517985137
9320685511
8793767777
9623939692
9967571295
9970016173
8600004000
8600005000
9922874777
7249426060
9405550111
2164645620
7058555655
8329090754
9766350012
7741005416
9370372424
9637966333
7387020757
8806336033
9561250765
8421131794
7058717142
9881543277
9422400987
9619490605
7038111711
8806548457
9890243069
9284677680
9657260912
8600393286
9860600233
9420487690
8484807799
9156919685
7400364965
9326336403
9881526533
9356870860
8806511117
8421031001
8668217301
9270080011
9650459556
9209299848
7039034393
9867640203
9175586640
8668717946
9850694764
9881748329
2172740056
9527000003
7387386385
9970009990
7218773777
9422065825
9822215177
9028448080
8007749009
7083497929
9371074960
9890824908
9403756374
7219897820
7506074770
8390112131
2532350602
9623123458
2532461603
9767363709
9021984661
2532576125
9890083155
9930268886
2532573129
9022192556
8319502617
9403962285
7498414188
7738377052
9004251740
7700922944
9987600516
8097994666
7045014907
9975490221
8308167178
9637806118
2248932847
9819260962
7977050109
9326702088
9082094691
9168333039
7276407967
8237146057
9503321334
8080772773
7385569341
9875738282
2194235079
8421280588
7021764122
7387755824
9822910637
9209086300
2246180418
9270703393
9881491566
9892335802
9822835902
8169408454
8037604257
9145553635
9529932298
9987775229
9082408546
7021188036
9869192070
9021472848
9970751381
9821290011
7774800782
8793561611
8097420290
7588954657
9766241504
7373644444
8087471097
9657572662
9923076947
9082897659
9209202221
8071015479
9326810806
9372710957
9881988067
7020565609
9373689175
9158241501
8806605999
7378698777
7057170700
7066817495
7028023504
7020949515
8698497268
9960391372
9405304233
8390649806
7499506609
7447537795
9167252989
7972987671
8044465059
9325202101
1416767067
7943443692
9423176881
9970431718
8830088238
9769165812
9175007760
7182230014
9021584645
9921613019
8069866192
9049089007
8069865556
8064171674
9326820203
9373314710
7972110014
8508081002
9403141253
8888132785
8208263954
7498542069
9923669786
9112438367
9175037363
9860742366
9158501717
9960115208
7774075551
9890420601
9511651100
7066622226
8830925792
8007094683
8208918503
7184254293
9890752950
8999034905
2271074812
7387121751
9890422736
9175314192
9422133406
9637129522
7440915101
9158760025
9420936253
7218283848
9699951107
7499636881
9518969614
9823100015
8805149969
8087675892
7276489792
9850670407
8652273780
9970871645
7385142542
9082108624
8291912165
2225601214
7276499068
9096121983
2192263679
8828083084
7709770302
9820616085
9004757987
8956895872
8208436047
8793169890
2269150989
2269553644
7969122972
2246180509
9930662555
9619688011
9039031328
7767052435
8369357961
8087766556
8380063224
7218881555
8446633491
9049473249
8888410405
8421582469
7760097180
7083681365
9820986359
7722007068
9822086930
9227339927
9822400342
9130881326
9820011774
9890115610
9421160966
2266300000
9767686739
9137435325
9619035019
9975620655
2363295569
9840729070
7774949033
9289922335
9179042099
8044464995
9834874726
9819584597
9930720808
2363275699
9423051547
2363272105
9521512815
7517476389
9404444401
9404483988
9545164706
7304234995
9762456463
7387602836
9325265436
9049822008
7559106003
8689902498
9821974478
8368507598
9527915559
7972078216
7066427066
8037839987
9028311541
2246180452
9146785980
8308477686
8888088880
8070618222
9833078888
7304787113
9833903222
8000252575
9619571787
9422220204
7840903902
8037687767
8037466373
8037603514
8071891807
7720094328
8071178741
9403057773
9423412857
7887442537
9028999566
8037118065
9731120908
9975130549
8062646413
8069866188
7184256546
8044926313
8044952937
7709313620
9623416568
7413874664
2240169696
9820848930
9423213129
9527010999
9561642333
7875080000
9822635374
8149719545
9422170627
8483815721
7775833545
7770000465
9096952590
2462267546
9689660717
8007733388
2462244224
8928299164
8983303427
9890328715
9271759598
9545399864
9823241881
9881340894
9922211890
7385456547
7709969785
8080903993
8888806665
8055922966
7020060536
9112201769
9021210299
7972550419
8010536753
8669489289
9921955477
9503425295
9764189873
9130449400
9371656155
9403003545
9028609045
7798882779
8087685177
8208563644
8888555524
9960204653
7020074516
9175299953
9890253054
9764700747
9225623816
9175128278
8788817647
2462241111
9860997999
2462229274
9552559118
2462235077
2462234700
9689655842
9657356789
7770006215
8956086850
8983359257
2462245672
9309868905
2462243595
9703027509
7499912285
7757939358
9422171934
7776938444
9552579701
9850439998
8605080909
2162231311
9552518536
2162240097
8888226688
9075472432
9309919088
9545550487
9623743847
9158600700
8600020932
8291581513
9142817007
9923593197
9420864445
9890668484
7875680321
9373996007
8390000304
2162239272
9970076699
9405107823
8956702370
7020803299
7083550860
9822498994
9021410416
8975651004
9665598341
2336606061
7666773005
8856001221
9158896536
9511726780
7038415652
9890941239
9011080004
9545010212
9529981078
9975036477
7721936005
9373155771
9657193132
2332332596
8483857880
9168139393
9823513914
8329696710
9137474883
8657335633
9326333029
9820321556
7045313836
8433500931
8452928803
8655343550
8905560400
9987045307
9324042554
8291851356
9022175881
9136080930
7499009571
8789615906
9594892003
9765555993
9209610024
7208242971
7400354998
8149509375
7510822008
9769972123
2512212518
9819744635
8657549802
8888343972
8286909053
8425965417
9137233361
7977646041
9821326875
9619252021
9967678753
9324767014
7039101610
9271712604
9594100374
9867495256
9920178187
8655592023
7400350673
9930477924
9137595470
9920331091
9920295578
9833141714
9762182731
7350566982
9763345817
8600915625
7218909665
9156866477
9373471212
9075688283
7499852656
8888938465
7350069955
9822270292
8855866640
9226785971
9850033708
7350540319
7798082219
8788911731
9075696000
9420480311
2112229333
8530659089
9673642323
2112220299
9112151638
9890725827
2112299125
8766829311
9503606895
7559188219
7028694394
9834803535
9011075678
9766686274
7741053070
7720071200
9511275334
8380073003
7391809191
9763792964
2112222833
9322706893
9860305572
7447863867
8655940490
2112228184
9225536395
7738388994
9820539466
8698788779
9075779073
8369513161
9404920136
9423818535
9404446603
7888285826
9422879046
9067940382
9552783552
9422373486
9423303079
9823095608
9423302972
8007188401
9503963684
9405161861
9604840803
9423420250
8767297529
9960208862
9359405340
8169781642
9923494191
9730906216
7588082727
8956461984
9860611266
9769384378
9921070590
9765645653
9075659779
9152940246
7028602223
9604087982
8552992610
9112049951
8805004563
8888121242
8381076476
8087295924
7350608068
8275492020
7517247404
9403836699
7709598444
8007266846
7219491476
9421920957
2462253771
7767005499
9403526553
9623992697
9403882323
7798534804
9881697698
9860633242
9607940216
9075999013
2462246464
9175033300
9921866633
8530474248
7020668932
9890486571
9850420479
7507840000
8071496284
9422870977
8806506662
2462225955
8044465792
7709046358
9731017793
9545555999
8037470090
9307000502
9922944111
9545419111
9731018002
8669626324
8037466607
9731082435
8037466606
9731058696
8069955185
9731044280
8857007135
1413110286
8069866243
9763711378
9881524560
9664223533
9665859476
9423140379
9930084074
8055805500
8087560030
9890000490
8433686876
9892236072
7045338184
9870006216
9321701325
9924731109
9819140980
8850007912
9136107345
9892573973
9004248882
9920737633
8433824234
9137750397
8779633285
8591085911
9867199955
9769066906
8591031806
8591013399
9321675076
9321130712
9372871593
9819433707
9136215083
9819896795
9833350187
9969084455
7039450604
7710032727
7045225775
8291592308
8591808619
9619888347
8097008172
9326973747
9920249151
9819179911
9137750676
9223358602
9022428219
9167891122
9819163683
7039086732
9769241890
8850885735
9820216968
7021464266
9819026635
2225904172
9028878341
9822338280
9819749025
9423322102
9421190651
7414941781
8275373111
8169234578
9422967878
9890910827
9420799060
8806205264
7066319569
9623348976
2249399575
7208507888
8698478626
9326763692
9860699899
7083137733
9890044100
2332302099
8080271880
2332377585
9420791891
9403760308
9422323810
2226834133
7083535456
9002507002
2332325387
7620878989
9405859102
8623865353
9309871848
7709867414
9373322668
9076019195
9922335716
8806777731
7276663290
8600449550
8983907290
7709578480
9175437231
9762463995
7798003515
2332000037
9765369528
8530139666
9423035518
9665492713
8010898449
2332300383
8888517091
9673259900
2382255299
9890188300
2382244457
9503596824
9422658599
9823468483
9221000000
7083357773
9423548822
9423212350
9422820138
8308421623
9890134387
8530457506
8275007001
9595678833
9422941598
9595178444
9823734337
7709446445
8668854957
9423347148
9404682861
7969727779
9823847381
9503837210
7796222141
9284227311
9503218041
9764692333
9823208088
9960404647
8446447562
9860888100
9175609791
9881396282
9423640665
9765181912
9422638100
9423719811
9579384081
9158201912
9022470002
8237022009
9021455845
9168268271
8369674192
7506397111
2249399540
9892023357
9326194583
8082092478
9321360867
8879918704
8767203530
9372426452
7738728611
9702941414
9820457925
8424889481
9930090024
8976096715
6360470565
8454864948
2244500000
9867037529
8928344231
8591951002
9819123291
9372079678
9987979244
8657206106
7057532356
7000695710
7900186005
9867467495
7506616622
8108854644
9586816565
8828297060
9820503067
8928366300
9820401253
8850618260
7021481335
9326230557
8424823503
2242696969
9167517444
9920897666
7977963833
9967780603
8356081271
9320027500
9175937328
9867490291
8002007710
8888006801
8037468139
8087244000
2382244677
8698340766
2382221349
9850089200
8064174090
9834435557
8888845403
8956223459
8800860384
9960604144
8766973702
9022008868
2382256603
9409767967
9158966000
8062703286
7499778776
9422791413
2382253133
7387877388
9021290000
8275006776
7020552778
9860354000
2382249100
8888181841
9423244553
8657531926
9765086866
2382245588
7942761530
8071738631
8071738593
9272440900
8602667766
7507997777
9595353939
9975090146
9731038963
8037603346
7249350504
8044465146
8069955111
1413110285
8669950028
8069866238
9224449519
7387159888
9595385862
9623055550
8888425424
9834212022
9970076157
9604293906
9272143735
7350974512
7276585388
7038656351
8390536261
8380076788
9890742939
9860008102
8208984704
8975923139
9923390303
9320882187
9420709174
2352227187
7900082222
9420662174
7020299372
8983188738
9322641383
9699945010
7620044777
8010346662
8554876887
7666123703
9172832535
9623373719
9923611962
9822488959
7057943132
9422444329
9270110954
2352223333
7066033707
9860539820
7875878888
8080541309
8007083693
8970207740
9673355180
8788129946
9860902115
8766044371
9028172570
9820337771
7048880005
7984244766
7405141190
9920358281
9076076072
9049124352
9769293860
9870779779
9886957731
9773798328
8850187740
9137136461
9459737555
9833665282
9833943166
9820745360
9833675057
8767374882
7506163137
2246012288
8169274014
8652399589
9967535562
8433728234
9820284894
9321037200
9870732472
9769092829
9620659132
9920431072
9082576957
9892800199
9137352377
8655557768
9619555169
9664773663
8291202294
2244506234
9892994431
9967704494
9004669790
9820563522
8976686335
7046430341
9820061629
9820639665
9820718136
9082112747
7208806233
9767901548
8064174942
7057050864
9673789313
9665510514
8600551194
8055445571
9822949296
9689891763
9011083199
2332325776
2226592363
8007744949
2332601381
9975955059
8530786937
9975470386
9604800437
2332644098
9326406963
8655761576
9595952884
9607065511
9284505008
8999069495
8380072646
9890093759
8446656437
9623768213
8484944722
6362085053
9370707007
9168800900
9049320333
9527552211
9822669129
8411833899
8830030515
8308834589
7020641228
9773270880
8983839143
7776936429
2243152424
9623131399
9545506943
8805594104
2172652700
8989348989
9090981001
9890544177
9423857595
9850326555
2452222286
7887867435
8069864967
8069865501
9028193000
2452230830
8806520936
8552970000
7420931154
9021196002
9339259009
9766529589
9422858785
9130323022
9404787856
9975357698
8605631132
8208534863
7841043513
7020061187
9420194062
7020601898
9960408151
9890340018
9890902118
9860986201
9765762909
7385804090
9423762681
9922654898
9822570467
8655608549
9422594262
8655803667
8655810245
7588060280
8044925578
8007616313
9096555223
8087412727
2452223360
9145596054
8668519392
2452229755
8069955209
8530294408
8002089898
2452225202
7028299333
9226287687
2442227520
8655174315
9892055008
9965182182
8450918203
7304180788
9820393083
9680385453
9455431279
8149653513
9320809032
9769188348
9820518915
9869445966
8001088586
9892799193
2266963249
2261700000
2242362527
2235193900
8037840218
2248964947
8071963768
9323516701
2248964337
2248964469
9167223838
7942729069
8850954001
8448668955
8002027180
9321897542
8080803448
9820955976
9972247544
9594425937
9869832092
9560522198
9967582125
9004208208
9833264228
9821318018
2240113251
8591519450
7977541220
7506505061
7304619599
9879151586
8976700841
8655553579
7506526713
9405191919
7507788977
9730631868
7399906777
7038735992
9970795902
9321575280
9552121633
9823472174
9112380888
9689180222
9404448381
7731079087
7045000666
8088815182
9975083108
8208378076
8329911970
9623518333
2482225299
7057051053
9834296969
2482230617
9637883043
7776969631
9158638686
9011370890
9822303777
9028830240
9623698810
7020141732
9403039477
7385661818
9421992309
9803022003
9503478700
8805990079
7796200777
9822767906
2442299158
9673888488
8668614062
9421161205
7276304081
9043718003
9172016232
2442228316
9403143001
9096725513
9152301153
9168242929
9689876259
9975778797
9049448000
9405767771
7977283909
9130123223
8425097833
9321281854
9004268567
8591016313
9769494886
9619111571
9769922361
8080703100
8976400026
9167863776
9930046100
9969208268
7715972839
9137395519
9892444483
8424031224
9987492226
9167929715
9372460056
9004298888
9324017770
7900177548
8097144340
8866470464
9324545894
8652623225
8657525001
9619762783
9819050074
9870506627
9090101003
8691911555
8080025253
9892702303
7021913929
9869939921
8879989583
9769866455
9136137031
8655188896
9867295475
9892701333
9146036559
7387323622
7038375722
9594059177
9136703418
9004884155
7058530202
9356151182
8669746062
9921725168
2172342499
7588216108
9975258888
9028296868
9403694550
9822022247
8956241141
7249444052
9373610956
8108859319
7304026510
9890719937
9324004117
2512733485
8046031714
7887858957
9867313292
9820051885
9082095978
9323253444
9322886390
9423963574
9370555341
9867397172
2522222872
9370306781
8856011550
8208430009
9922715767
7208413262
9096620666
8806583183
8390888737
9371881765
9146367593
9850507653
9326782850
9890288495
9930853060
9960996185
8805772479
9130370181
9146284419
9321045605
9743599777
2269719487
8767244944
8001027382
9987755773
8879248444
7558733708
8149196443
9004200863
7710002397
8169477939
9320560544
9029921938
9136575265
9691234635
9821525499
7045087498
8097230517
9619613000
9039036806
8169046621
9820648436
8291709447
7715089691
8691848242
9892286398
9819217186
9619100736
9833954746
9930838553
9136359252
8551005533
9977001441
7021338410
9967521331
7972073429
7021599015
8178499347
8286513876
8108202846
9892768623
9892376577
7710918238
9820161736
9833457914
9967835431
9820949316
9768853653
9702290458
9702686600
2228195393
8657222620
8369235479
9819556831
8356958286
8454987676
9820288131
8369243701
9987677200
8208956619
6003000038
2456221826
7385655653
8002334526
8485067777
9405112200
9209400475
9423739098
9960948215
9850778664
9850252404
8888004048
8071015747
7385616969
9172813460
9130254177
8044953769
2265202219
9689819647
2456220744
8044926468
8208138066
8044465513
9289256886
9075434535
7757841611
2472299286
8237637312
9028523740
9860599537
8177871456
9922528090
9272690099
9028623104
2402403399
9890048423
7972670354
9422747888
8983808485
9422069600
9422070084
8421236765
9422496502
2472224733
8033094051
2472251741
9822899612
8882941147
9511272096
7208504405
8879582114
7208284634
8446852700
9821031014
7304920321
8655180008
9987738732
2269553666
8779697713
9326849083
9930885530
7021079496
8080992376
8758247365
7977492717
9769907713
7021827389
9867986016
8591545730
9819023180
9167055922
9623136919
8591828882
8779694066
9867738933
7738325277
9664784432
7021824679
9930415677
8850001244
8104748398
9769464317
9619449904
9004675919
9137743535
8879184923
9082310985
9819121211
8828085448
9860321625
9820254236
9619355569
9967899851
9987239332
8850416448
9967284610
9619564330
7208458756
9766718506
8010429096
8237730771
9767363425
8668316944
9325044162
9370834130
8857008650
9156030479
8999275256
9322613841
9665209686
9763041273
7385225261
9822299937
9764736493
8459180138
8830733732
7420816768
9767949527
9075775511
9881703425
7414911155
2472295046
8788601442
9422400197
9822764776
9326583435
8275321202
9766402435
9890225566
8788092196
8668267377
9272461590
7558332996
7972710812
7498494088
9922515237
2472221515
2472228424
7517222144
8380932580
7666732143
9284462357
7972422142
9637770719
9834294552
8856076964
9067454773
7741920691
8605105143
9637065050
7219076945
9167206099
9156477090
8329485842
9137971364
8087908986
7219768059
9960786692
8828915575
9822742161
9321757378
8879226544
9890059155
9653456045
7756894132
8806330544
9867288629
9359632649
9284452308
9067863948
8806335866
9096000178
9082226486
9324601272
8291604360
9022845626
9119506534
9372244760
8879824230
9730612044
8169650772
9890092889
6262345000
7823897192
7977075837
8879395843
7385262499
9226590108
8379843035
8805533666
8286279304
9511839275
7066521626
9604664400
7757882884
7558345869
8237366427
8329500808
9930953093
8652341087
9967481336
9823936878
2502344074
8625922428
8390801088
7666800957
9359009822
8378812888
8830254275
7378634742
9967787511
7021795288
8975756366
9623593292
7666174574
9923699281
9022733126
9326478700
7507203786
9512003335
7798051879
7559263523
8806744772
9969113090
9309569323
9960138194
9664904292
9930351366
9325384365
9665224946
8088815571
9028609909
9511698317
8055223321
7208384631
9322086141
8149551275
8806146793
9921209151
9322558619
9967478014
9970554045
9325975318
8806890671
7798680437
8169085152
9309369534
7387770539
9029910083
9167995269
9820606604
9975363330
9096919590
9822175755
9420034527
9422910926
9922248885
9657394183
9975939670
8080361255
9623100339
9527954322
9403511923
7020453583
9922198720
9422175946
9970681145
9860763953
8999989843
8600935468
9552786448
9011134590
7218687565
9403814097
9284243255
8308042632
9145734833
8408074954
7620555087
9049343409
9665772244
9673974116
7020475661
7277024242
9922277233
9130553198
8329112661
9326950701
9422287395
9834878885
7620020070
8999421420
9130626970
8999976142
8956661999
7035317035
9834705108
7448007989
9890000363
8055503171
8237007177
9673338444
9270742089
9307871315
9272160309
8069955204
8376888888
2472221251
9730313104
9421309488
9689562906
8046984380
9356318650
9096394138
8669143599
2472222990
9145465720
9422496907
7498700131
2472221144
7947463028
8291029667
8002085544
8071496866
2472229277
8069866250
9289259171
2271074672
8035427275
8287222111
9881301285
9422654123
2472226840
8064174491
2472227552
9373382883
7507514719
9420380912
8983626272
9420798106
9370904040
8806730645
8857882529
9422693495
8412020200
8446396940
9422704725
9168744744
7276862313
9852313313
9767677564
9422251081
9923533838
7620526686
7028552866
8149751780
9930994560
8482812859
9607610430
7420883377
7575057589
8767865231
8669988868
9359431296
8850792426
7304519014
9764240324
9075855734
9004522273
8104022131
8237066644
8007915214
9664653774
7558204616
9619517646
7387124518
9324162183
8600216499
9323647171
8261010191
8484049644
9594362696
8080393065
9607771296
9823326028
9028234381
2241483936
7498842064
9657641000
9028259154
9112226644
8369786443
7757990771
9731075330
9157006726
8668420939
2241483951
7972342411
9834884254
2248933963
7219003514
2248933263
8591065337
8805642437
9422112107
9422176277
7276900927
8605320884
9130155989
2452232072
8888389190
9970425324
8857879703
8308539978
8956237437
8668785705
7385577652
8421794030
9579514138
8855903222
7030712242
7350687768
9764561887
7972958632
9766428219
9404530779
8421618661
7558323324
8454939001
7083339309
7028370699
8055667775
8888684072
9309184200
9936532626
8390423000
2382241060
9850774719
9697271717
9823202685
9970997666
8010000444
9511433333
7517496532
9370557026
9090763131
7798199623
9503701233
9405956105
7666954637
8421116747
9145055567
8888450081
9930382173
8828839907
2228126363
9607236042
9270321910
7488796731
8446619511
9764052454
9323564990
7276428902
9323567421
7905162118
7219569648
9022922595
8928171377
8007034330
8446443025
8879877084
9090446262
8655418904
9833430987
9833911101
9987420880
8879742004
7738968464
9702650756
9930577669
9833721675
9076003571
8080535151
8879038554
9619505244
8169653434
9518580181
9869193630
7666525099
9022446650
9152138501
7045775811
9619152440
8108306741
9833838882
9967597511
9545203099
7304805020
9819633434
9969078400
7666908123
9076309227
9372520885
8928370505
9422240080
9422743141
7387767133
9960593552
8975867618
8983282878
8788603657
8149576137
9970095551
9518500143
9422331813
8623840775
9767480091
9834436896
2268997777
8044928092
8308395382
9422326105
9822303843
7020617177
7263969983
8830786363
9856255050
9822306066
9403428589
9970414756
9767162943
7020521369
8237220005
8087562577
8983898951
9326622274
2442222618
9422577542
8668605870
9423662933
9423950322
9209658383
7219223328
2442232710
2442226279
8087214545
7385555432
9423729252
9822550017
2442221057
9404476376
9021586767
8037466555
9637004747
8888812527
9011676174
9096281017
8698867669
9175283268
8149849895
8999623950
9637133022
9403117357
2382352147
2382251227
9607714509
9146833771
9881369555
9975060617
8275244444
9172157090
9403570281
9422940432
7276530330
8976822799
8830902050
9970813468
9503177774
9699659930
9067160666
7820955547
8669061788
9890812460
9890999815
9146691000
9890068394
8379012345
8208243501
8080262584
9801040407
7058011362
9561308690
9890092388
9130091359
9146462423
9552431835
8983021776
9890766249
8888588351
9130155154
7038313009
9922223877
7020732002
8793319345
8767006180
9764125610
9987776533
9028743583
9702701282
8689890231
9833697918
8087169884
7303170842
2512621991
8097773332
9326521957
8657265288
8530380153
9665459969
9175629299
7208337282
8767172616
9325143143
9529665488
8779434905
7276315206
9067060588
7276707634
8850122557
2512621155
8976925958
7498385648
9820329008
7738008440
9028266409
9029896412
8983214542
8793620478
7057438910
8928153229
9552239243
9511780292
8652073366
8983779589
8080110785
9922777661
8668778642
9309528873
8097873565
9527150199
9820216360
9004076404
8888529469
7498579770
8459797808
8657576992
9152101398
9082165176
9819158341
9870601421
7977182235
9881299547
9766918986
7021194993
9096308672
7718062914
8976051119
9372331269
7021566014
9321633373
9529941108
8087327172
8692969889
8839888941
9867378054
9326664049
9324656071
8356849949
8657406951
7208025800
8422820253
8928827127
9833915576
9833310836
9222699699
8422800171
9326790060
9769363795
8003341155
2261567001
2246180505
2246180507
2246180419
7304078283
9175818108
8828203806
9619185159
9619140200
8451894646
9324673100
7790098009
8767605839
9322076765
2246180448
2269140146
9325457800
9665280480
8669704705
9370266315
9175695880
9923690101
9860605547
9764529988
8237500621
9405772840
9379040404
8888903407
9850807202
7710880608
9529810991
9527222858
7972601197
9284057920
9322418425
8857937979
9325407370
9970069889
9773793903
7499297155
7620570214
9420160603
8766905683
2462231789
8888865884
7755972773
9371279333
8087782685
9833367391
9922161030
7378555516
7070757562
8605399653
8483858823
7378480777
9579660658
7776984782
9022827430
7028599047
7775000323
9049029019
8888765386
9545258689
8600956111
7499812519
9209054525
9518395955
9730141066
9766352733
7350771313
9665247036
9881834759
8071015356
9167122814
8071812122
8983894932
7293898989
9529362800
8069616912
9767416638
8044135286
8041017369
7943442694
9731058546
9075133666
9665514358
9623709213
9403949402
7020591108
9921089069
9422217472
9765891777
9373615304
9860659142
9923011711
9011878382
8308035170
8669551291
2482229310
9923499991
9028483646
8421540924
8446340744
9834209128
2271074447
8308084172
8329339942
8657949937
9404205777
9545330904
8793711998
9404538187
7020871232
9422725597
9422797284
8421176505
9890427854
8275932942
8421142886
8308211141
9119553227
7448967636
9370660237
2246180510
8652389396
7738512754
8037840100
2227451568
9967652757
8097235337
9967583453
9405646250
8454008653
9082619001
8779529765
7039024175
2143238131
8422024807
8850013507
9860713393
9930961901
8788727864
9158266904
9325474871
9423933000
8180000107
9011380290
9356176898
9822288502
8369911877
7888217152
9370604059
9226936062
9421549334
9082004662
9381691765
7208789769
7400450035
9834015358
9403544498
9321777000
7666639966
9373385383
9975921215
8208643782
9673309699
9867113114
7021265500
9930163608
9322680269
9321806312
2512567289
9321350957
9309971261
8689861117
7977472295
9822021612
7722016786
9820247265
9112116919
8657339633
9607655151
8976392362
8149111877
9850906095
9881282932
9653485262
7276361426
9665641230
8451902312
9324766977
8484047047
7559133255
9975670680
9834280509
9860199747
9518378869
9890478106
9820630224
9653666380
8668840511
9310460660
2512584443
9422227713
8669994202
9049518888
9595620222
8062914567
9404482121
2482242377
9970412241
9403015959
9822544029
9699754412
9545143207
2482225967
9822218068
2482225053
9422215518
7947465955
2482243037
8037603396
8037682026
8037603613
2482225225
8071892407
8037682096
7942760033
8037682389
7972854715
9823011908
8069955724
9860431855
9731132738
8071015393
9821508367
9112090080
8044465863
9241992419
9970949390
8069680125
8044928281
8766647671
9423296770
7588862134
9604002743
7588856464
7020128156
7719816573
9850776936
8623022331
7350216136
7768068777
8291981313
9172277327
9175997661
8796460330
8888274558
9324484639
7507759581
9890172611
2512733788
7058177948
2512585959
9699610205
9867752142
9529122044
7588722711
2512566567
9320038509
9175073736
2512706665
7721991119
9270037525
2512708255
8805595816
9324353309
7798573237
8425931782
9049627500
9096964037
9356089946
9673026852
9860567899
2241483973
7875599886
2248930021
2241483761
9322445500
8071497275
7798049556
9892951175
2269553688
2241483800
2512701052
9322336622
8600394191
9503607027
9975607890
9137861609
7304285610
9309962312
8422886999
9653231581
9325118271
8329399831
8856962109
9422382580
2352234147
7947469759
9158870820
8037467742
8087692016
7020706335
9270550239
8055037222
7020153338
7063830786
7594002914
7283827427
7387459686
7020084896
8805015535
9422973209
8669194804
8044465462
8600379533
9820308686
8788706566
9422382196
8806773717
9922562474
9604010101
9623694463
8130860386
2352222301
2352222363
9867246462
2352232179
7276726689
8069955281
9022015546
8062564233
8048007605
9619072274
9112212243
8390433123
8408077333
7083231480
9970443137
9970433026
9420908899
9422002050
7020174650
7709696745
7620528350
8459669652
9403349533
9604680050
8871091720
9326266891
7410079800
9130703769
9049179176
9209320992
8983824232
7184252672
8975245384
8888288815
7184260171
9403382084
9834995524
8482998272
9028107222
7218819201
7184254301
9209617279
9673224404
9096299233
7654539914
8928237341
9890903504
8830573606
7972288057
8799870804
9325203050
9511839038
8956911545
7182236008
9834551867
9405763675
9284220504
9970738068
7887339857
9503023908
8308864881
8085340845
7182251334
9146979059
7057830886
9834916691
9325186397
8766737828
7770014551
7977294541
7972391499
9028266435
9529970230
9422686977
9860301657
9222407407
7698971181
9892953686
8329465026
8805220567
8446777196
7843079968
8459388096
7020877633
7666627544
8806356853
9527414352
8308044666
8999002170
8999362874
9270636091
9730327703
9420662562
9152570319
8425823446
7709004119
9322411780
8087376041
7397870236
9004523083
8878870687
9049540154
8169333201
8149739133
7045356897
9284514627
6364808239
9028391925
8799892933
7776869987
9156776188
9322142502
9021673481
7498296302
8208939517
2512602135
2512605418
9987540441
8108115005
9823830119
2362221448
9172977729
9930688477
9423817496
9422391465
9136200216
7942760114
2352224883
2352220728
7942761902
8001021010
8668554616
8001024462
9072530256
8069670356
9731162679
8669601005
8069617349
9011096833
8069866291
8044928293
2271073434
8002102100
8879303251
8005727777
8044925715
2352224411
2362222358
2362222881
8698287987
9422381402
9822264163
9619371635
2362221411
9664757767
8698209646
8805738019
9405827668
9422434839
9920553556
9324467221
9673478952
7038379296
9405309452
9422609850
9049113904
8698163143
9175059763
9860213011
9403228842
7715017271
9819744922
9822089816
9921078180
9075515558
7977966233
9604517483
8180907000
9270336980
9022792299
9653793750
9096303030
9665150406
9323459197
7738488822
9860308020
9657369949
8766669304
9867297363
8433884261
9136830076
8850275587
9167178267
9819696471
9323812442
8108558931
9702277341
9920013337
9702941685
9076120293
7208043699
8097781341
9769700211
9137223241
9819016474
8850700468
8898773040
7977448813
8424061636
8779692292
8070409090
9769122504
9323363124
9773728795
9833878973
9136745400
8788828118
7021286959
8976238363
8652125141
8037840011
9324264164
9112226000
9224327297
9922674441
9004567937
9323874690
7276012745
2248964325
9579671884
2248930022
9518982506
2248964364
2269150907
2269150911
2241483835
8652792948
9082866903
9889977279
8806100115
8828225546
8071318698
8981618161
8087421344
9766409714
9822019208
8983632802
8149860109
8071318663
9987960816
9167128247
8767182505
9619511439
7507338969
8600957647
8097924803
8888334506
9766886649
8799922623
8208014798
7767921717
8169102203
8805605813
9372729444
8424989623
7796301011
8369099082
8779285211
9096667265
9137925602
9075443200
9689980089
9090494992
9423879412
9404446582
7588968016
9422456876
7588904598
9405345499
9226848876
9325035275
7030455437
9890378361
9892984555
9421265779
2365253585
9422435766
7058792331
9422435858
9422373109
9422055342
9422425181
9175812430
9272020461
9423832947
8147474703
9899853832
7947466139
9404052229
9421189259
9423300077
9604250186
9731146452
9665303709
8069617106
9168066100
9920418911
7942810440
9371631556
7943443653
7942877742
8044465901
8069213869
2271074491
8001039039
9423303464
8087234544
8605201152
7039334255
2271074486
9921252119
9689388225
9653363471
9270115832
8828365332
9967844516
8286445652
9096553720
7666071405
9819465975
8976664746
9607755729
8451996209
9370706249
9082125507
9870758364
9004064678
8317244564
9011009613
9321300146
9604147932
8600226322
9325231050
9422476780
9082444376
7506365090
9075561790
9765605432
9364340913
8600480267
9767053123
9022073757
7400207280
7023737490
7021705157
2248930106
2269553614
8071318834
8999170696
9769937738
9284254989
2269553612
7741061636
9049953939
8983450878
7208910777
7498600277
8071371293
9921494546
8071370994
2269150920
9067075554
7700904676
9890802511
9821752507
9833499275
9167652236
8779509700
8087889507
9594418759
9324387130
9821529034
9892387893
9004895954
7972944789
9324860766
9321659370
8048616356
2227454802
9420466982
8655940491
9372921847
8010300432
8329586256
9175673916
8766981735
9820189478
9307745312
7219429510
9960086816
9833710309
9168393174
8421600432
9769725315
9552751411
8624802958
9920030060
8668504365
9172735788
9156060780
8830576730
9175651479
9284880614
8082881342
8806122333
9004460014
7678675797
8446512898
9096731113
9021585078
9823301744
8605726021
7378814085
9422891328
8446631921
8421106389
7182251086
7030744354
9421536279
7972685242
8956516728
9021924120
8975216728
8830473797
7499899079
9371978777
8655927390
9422153020
9172806334
8329735719
9545686818
9619549330
9890075170
8888004335
7972473673
7172273168
9284962319
8329556253
9890668119
9359686065
9423316450
6363006400
8484071229
7172271259
7020243349
9527777443
9579485785
9284983907
7276313253
8422019060
8823004422
9150213213
8605000667
7744834401
9370172707
7796170929
7559254736
8446570685
8888623823
8668592862
8668806851
7993719165
9595311850
9552947630
9822588776
7261905966
9822176292
9822801549
8468929692
7387513768
2355252586
9607212785
8806779333
8999273601
9420152849
7972853218
9552586467
2355252867
9421141551
9619632411
8002679090
7709244747
2355252023
9665213564
8380823555
7039982587
2355260646
9960113444
9405213878
9850358712
8069866290
9009873001
9172731106
9422430302
7030328413
8044926339
9921970016
7499406248
8779538257
9404622778
2362222597
9527767172
2362222536
9404029833
9421222402
9421235364
9405341863
2362223737
9403557557
7262823366
8291086287
2362221247
9322813445
9860410288
9324705608
9833685021
7038410623
9769123341
9637012666
9168578808
9371995557
8888138813
9321155171
8055444416
8888991364
7756909139
9890656281
9821696377
9823177939
9960687968
9653101224
9769706969
8433003438
8010704246
7710097211
7507674807
8766687005
9673818788
9172600552
9834902127
9359069817
8007902969
9022411115
9503696399
9511685655
9970802122
9960169149
9284736389
9130435125
8329212342
9049529358
8793941039
7768804441
9948383446
7977982629
8669863073
8657437122
7666387777
2522246428
7573923584
9326336105
7738267208
8888555540
9022883854
8779487928
7977239627
8177949969
8668941848
8999855732
8329195797
8879000022
9552568675
9511675297
7378377659
9321572048
7021782657
9765696076
8300277883
7507862364
9975673331
7756947059
8983443569
9850115237
9920989907
8483983087
9702525084
9284283095
9270517608
8482998084
7796000319
8411004052
7798796886
7028010666
9833918016
7875032285
9579060969
8983902308
9049402717
9049318283
7709499411
8788846748
7030283369
9834493325
7721096969
8898884214
8698695089
8097299659
9892545444
9890474434
9022915266
9987817990
9137601908
7038295191
2246180427
7378739000
9923268868
2522251658
2522233368
9172419605
8983374558
2522690043
9767155663
9011591030
2522247461
2522247277
9822992293
8623920212
8087446652
9922778872
7559445660
8355880323
9321342800
2241483829
8275500135
2269140141
7066651555
7276639022
2248933922
8446418000
2241483771
2248969192
2241483788
9833076335
9920660177
8421057499
9198053030
7758809434
9890007824
7977080843
9821792310
7208772625
9372825745
8928331805
7045741368
7415687358
9702214414
8828248658
8928020850
8879303792
7304301295
8419980415
7303046219
9820333304
9209560424
7387203804
8329208460
2362221150
9289199392
0012001200
8087644434
9420653362
9067565767
9420129577
9422434120
2363272029
7588758885
2363274244
2363272161
6358897126
7875338065
8806321774
9764756605
1800117575
2363271316
9289251673
2047170916
8698010101
8004251199
2363271678
8411987702
8806219921
8408087555
9850597593
7972497505
9273402621
9527411834
9869243457
2261232700
8828828303
9136769582
9884800214
2262442500
7710075062
2239486666
7276986466
9763418314
9075228561
9921550676
9657780104
9921074565
9881915033
9075633702
7276130611
7558667445
9769992662
9545010787
9890149886
9588462333
8446358447
7014959161
8233113200
8446400883
9769141032
9975006003
9284396493
7820946787
9819672954
9860363268
8329476407
7039952466
9206741492
9923285810
7304711826
8976211733
9323503497
9890729150
9860039272
7584854394
9892985011
9696352185
7738480014
9004566993
9930505983
9322596680
9004116634
8591595261
7218155231
9987346340
9867742997
9821688288
8850212860
9136929276
9920091126
9904554690
9967556857
7021153278
8291122046
7710064607
9820484748
8369600812
9619264847
8369481617
9619547245
8645891111
9167304644
9892591459
9819910691
7715031996
7977881159
9029944159
8655880108
9167052218
9082338505
8355947884
8355993026
9653239399
9324864141
9987424638
8879621649
9324080205
7972731311
8850484828
9221397838
8450964880
9920167776
9167532381
7666602199
7506863219
9222327947
8329183425
9004256337
8108888082
9221000642
7304052612
9960925332
8080171224
9967238305
7837839527
7248941936
7219419687
8425842505
8898918475
9322594826
8451888419
7208009370
7385586249
8421457613
8302668417
9222228003
9934638963
8169153829
2512304041
8879744893
7715969865
9223501248
9892267359
9321655892
9699322423
8451937375
8655425180
9769214277
9594834703
8097391975
8779091090
9152315737
7304023141
9004463657
9082235207
9451282173
2269150868
2248930024
2269553695
9323392873
8037840112
8879882628
9221202024
2248962389
8591113689
8956500692
2241483809
8928035360
7410750955
8767429812
9833770204
7738869996
9867618561
8080980499
8433748882
9372821354
8087396908
9867871404
7208395828
9136260661
9619564126
9137812213
9920293217
9372701987
9833865467
8976982232
8898279087
9987535538
9167415570
9136684331
8805002009
9373045738
8828155348
9819365127
9422538738
8928219471
8976023881
9923077991
7666809711
9768555153
9320089306
7276862432
7400474359
9870332762
7588899983
7738671551
8169074180
9029260931
7400133726
7021132623
9152733221
9821360850
9819544642
8655173958
9819643646
9773714442
9595902243
9175116061
9987299597
9819690046
9867199200
9136931256
9220316700
7900076485
9987470442
8850971267
9892043897
9821231671
9867917887
9920312798
9820931877
8425012232
8169685338
8976565334
9820378617
9867822267
9870948219
9321224748
9702384648
9324735777
8282858285
9137138678
9819293177
8104536924
8080902175
8282821235
9168894777
9623110550
7566297028
9922540853
9175200556
8830310432
9834719949
7172252445
7709944968
8805002008
9960560518
9665981859
7559196575
7666831749
7972423086
7070704362
9970336643
9822013993
7666059813
7218182090
9422841094
9404337799
9960202735
7219435468
9762848497
9561328947
9766404770
7768820777
8275295784
7387016147
7020294472
9160209060
9730280726
9011943084
9881480167
8830697315
9421833081
9075465230
9420705288
8788505247
8805009095
8390807322
7058334145
8888636069
7030668877
7972706253
7021543698
9689890113
9920643655
2141228360
2141228929
9822653655
9673313322
8064171013
2243218866
8976371001
2141222074
7796779647
8806232200
8369636351
9881051651
9604555663
9767528880
8291516904
8037681576
8291520374
2271074831
9289049199
2267390900
8149662629
8069616900
9820371686
9920435093
7385807119
8087578096
2141225951
9049378601
8087684882
8010234802
8044926334
2047170921
9226943305
9158804494
8888825385
7719970606
8451817181
9561503555
9767561961
9922367626
7020503313
7767004770
8069955701
2226123226
8976636833
9922368121
8357942271
8793322019
9324272322
9082655419
7715986302
9004495213
7304466702
9820208554
9594898995
8652856369
9004994807
8779026459
7021038042
8779001534
9004281119
9136800832
7977568720
8380071020
8879236976
9136369101
8424972206
9355175222
7710045451
9324559715
9993493491
7666198310
7208118183
9930180177
7020084215
9320051514
8291028041
9082379695
7506548121
8329040891
8976348014
9594246828
9372686765
9167662779
9619777798
9967312707
8591300652
9152654611
7506869063
7045359606
9819512921
8310752156
8108174466
9833696629
9029800611
8454838319
9323987130
9702151971
8975557898
8828486060
7942759961
8928918299
9975147160
9987308778
8793136466
9769009765
8045949327
9921096269
8071890451
8855090396
2143257080
8069617334
2266811818
9653333892
2262439700
2271074468
9289201109
9975565544
9028868253
9029421074
9672877620
9819431849
7666638995
2246020817
2240482500
2245133786
9028565500
2226281150
7977244727
2235050924
2267970100
9167444608
2226633500
9870986135
9422689999
8369924605
9820037894
8899998499
2266918891
9136990471
9697232703
9422495944
9272943247
7775890455
8071760352
8779581055
8071496211
8071760236
8044464969
8069617094
9819833006
8779650652
7400157641
8591456633
7021203026
8355967109
8528529336
8452996109
8356045837
9769842006
2513243337
7021015862
9967941999
9967912010
8779559454
2512861260
9833749556
9004262421
8976875960
2512482951
2512454896
9082537292
8657614509
9833887095
8879668733
9870120193
9004821980
2269150982
9922048282
2269553677
7666369069
9324238776
8424886252
9967732494
2269553680
9082232855
9022800100
8879280934
8975854731
8591455596
9004036700
9892845680
2269553655
8976263543
8879785408
2248906259
9867216711
9819140219
9136198431
8888707028
7678578191
7122582749
7058666655
8373980244
8655550168
7507731617
8484998262
9404187650
2532971411
9307735154
9822599698
2533047815
8080966905
7276511555
9011209011
9595364574
4195000350
8600722160
7722024200
7276278260
7757039624
7400248525
9708665256
9930928822
9664860372
9867270417
8657688139
7977774707
9920256126
9773960392
8779295126
9867447796
9619516373
8169083262
8657251891
8657251892
7208604361
6351389005
8976174195
7021586890
9987921717
9820308150
9320426245
9769006123
9892199331
2228048880
8433699905
8975333133
9821391283
9619014334
7003568505
8828000605
9619934050
8976053719
8425027652
9619932918
9833403452
9372524532
9167242218
7400478244
9930004925
9137049524
8976818646
9321029361
7208621164
7777003210
9987477456
7262243661
9766844194
8793812781
9665365566
9324160854
9004670806
2227691505
9673398325
8888227200
7219384498
9922389574
9307038215
9921167305
9548355099
7218821750
9309975407
8459288020
9607360819
8625079771
9765408303
8380888488
9021012210
9049116698
9527305384
8801189011
7774056349
9595131339
7588868485
8485830827
7350832312
9689989933
7414911878
9834222352
7232237909
9579080922
8830879100
9075825477
9850428201
8668498255
8830321469
9503126543
7709256255
9766287106
7666929645
9822725988
9767735431
9822555145
9850928298
7721020659
8669922255
9403492122
9373589386
9890009989
7775801027
9822610213
8898465799
9664767609
8286033060
9833936183
9167242633
9769929315
9820556980
9326163318
9920204512
8065423838
7406343311
9702995554
9833258822
9004813766
9672381618
9029667576
9870803526
9761142599
8424055540
9029594542
9867375905
9372502302
2266627333
7222001199
9920048811
9892602882
7718886669
9699486326
7777051100
9870125929
8767878760
9323144447
8849828148
9833373406
9702000100
9870760240
9819167852
8008890965
8108850109
2245042200
8291566573
2249201111
2226708786
2226207601
9930455907
8794742814
8082056950
9820122602
9819713033
9768677777
9833725515
2246008501
7231952852
9082863220
7045628682
7710860049
9136703367
7972565621
2226338647
9821255157
7021534843
9769587030
9820847701
9324760973
8898405102
9969869811
9930814892
7977276283
8299470821
9619332991
9820158161
9867885221
9167744556
9920055105
7738400775
9967917220
7700060006
9004787000
8828400333
8850734738
8070457786
9167409707
9870739790
9082583215
7066615397
9657553798
8180860259
9657848308
7719066066
9579596262
9028293500
8805722038
7620806624
8390915126
8767859572
7057174147
7387872352
9325262525
8308552123
8830450188
7039335196
8317242264
9850693210
8180876466
9607460333
8114198114
9146341241
8177941241
9270076792
9420104254
7264856882
9920408870
7620610803
9975054956
7024907602
9766999479
9689246930
7020437707
8669342670
8805508084
9511765811
9096134014
9860841243
7758955595
9423257407
9822651860
8698513630
9158718081
8208697524
9518309391
7020300035
9075323600
9152254113
7385356084
8805471554
9822345528
2114270013
7875063187
8459042963
9326269412
8698855060
9762866937
9021200308
9049009313
7420098160
8169747473
7719078621
8698113279
9765709016
9765220099
9320977555
7039732516
9920850504
9987596852
9321571421
9619820707
9594559003
9321087384
9822276344
9689647333
9823061383
9763574963
7020174776
9833031933
9881443372
9850495945
9689521111
7391098780
8149158728
8975680303
2114667800
9604800048
9762356715
8591068375
9167091570
2114668900
9049803300
9529128448
9923884399
9890440676
9309739930
8071178728
8805873655
8390716238
9821513593
7823063587
9834539854
7350375563
7083151330
9552014468
8421707002
9075717913
8421066350
9404132003
9922225341
8381043028
8390915101
9158140381
9527638312
7972250795
9923603601
8805306863
7841056378
8432858590
7775969617
8484817317
9607014777
8007008844
8087677767
6363243594
7249881765
9763037779
8999423641
9284023944
6363907979
7083318959
7000012228
7020067745
7558668550
8263863305
8149067076
9890310640
7808407407
8600229000
9226746154
9028260303
9049006667
9834659545
7666691418
8956974022
7353718091
7559359106
9922445907
9823072240
9226891229
7711886060
7507505214
7720980001
8069616885
9731075192
8888056965
2271074924
9066021496
8044464963
8048249131
2241499422
2271074518
8069617370
9371487168
8390090011
9860673886
7448077277
9762365322
9309511332
8855067799
9960039018
9405681002
9392917575
9834784678
7387444239
8446218488
9372192000
7559173695
9270355512
9890160150
9960729393
9834502027
9028843811
7755961414
8605653427
9765139898
8530366464
9145760869
7620043208
9503237272
9423584160
7719050353
8669174416
9665037302
9404377707
9762301549
9764694305
8796334329
9665787613
8669911299
7758919321
9820280551
9820377552
9702110825
7028064790
9561094257
9284861547
9922132225
9822001397
9822193456
9850175468
9702655590
9819168346
9820316475
7498297098
7738071118
9967438668
9821467796
9820365805
8828899002
8883336753
8657545157
1244415600
2268470000
9769754156
9987719417
9322428428
8484942410
7038344545
9599675599
8097735748
9702008211
9372929436
8976072223
9167390495
8976288894
7798199038
7738902610
8108922206
9323332220
8657439437
9324293843
8767081311
9322266582
2512310096
9967065103
9702542133
7304458971
7057959425
9529558625
9561609333
9545103258
8888037298
9371930646
7020213992
8805519757
8004200202
9403200270
9307428965
9022216156
9404836563
9284733295
8208767513
7972396751
8788347675
9420290430
9060365165
9970766238
7718824611
9271183320
9130111160
7498844086
8055909666
7721858221
7398839883
9175562937
9423649549
9326930865
9100810090
8888050027
9371106567
9303925000
9536847777
8698550255
9685232913
9975018861
9175327676
9552464874
9049406660
9890134276
9325119892
8149935255
9764860371
7620440840
9765155665
8644908644
7588127536
9022962155
7743949795
9607148071
9921508981
8600694040
8289834479
9987066652
2112255207
2112663100
7709812409
9146071545
8007426060
7758999070
7798994141
9662300855
2112220302
9075900043
9689735980
9673931166
9527909999
7057127294
9860725654
9850127196
9970770750
9604051111
7942876919
9156525566
9975870905
8037603446
8291940470
7579695555
9823224836
8071015514
9850295029
9225709412
2025514248
8421000296
8805067810
9890130023
8044465072
9766115758
8069866304
7942877478
8044135195
7942877416
8483081234
9545219600
8767122262
9860333381
9869554133
8655055938
2225684000
8369182163
8779490463
9769914023
9022477709
9561556354
8369585971
9769230673
7977938830
9326839495
9892600184
8369884730
8591218023
9702402331
2268390000
2240546800
9211233348
7400186600
8291084968
9004752383
8850646820
8082466288
8657549807
9594608765
9833006666
8879069190
9664224992
7775977111
9833627540
9987954645
9004789455
9137418943
9892491080
7039563464
9820476447
2225643899
9920017713
9930034429
9321127434
9702484505
9773524891
9321043375
9820256123
9820789246
9870787102
8655969555
8108200184
9892541363
9193339000
8097407440
8104187783
9930104640
9833081153
8066085236
9653387143
9403258930
9699929850
7083779083
7020982447
8329598297
8668958385
8007518079
8432111231
9822645670
7058413789
9923366060
9096379757
9028131350
9529781619
8275590427
9403900000
7499897461
8888483803
9028141388
2564221665
7972240303
9975895861
9326657885
9075290085
8128583993
7972130015
7588733248
9145490202
9284029814
8459238808
8308477672
9960047185
8806419990
7276601613
9373535370
7744881475
7773949333
7972874272
8999277542
9764290900
9823941219
9022616842
9372820887
9158096633
8557063414
8888380373
9607533888
9011242247
9370612258
9860902933
9967375252
8104273276
8689849988
9221922121
8928161288
8080178367
7620144726
9821385954
9136044459
9323988102
8291712029
9004112365
9066290266
8850667258
9870509416
9082298250
2225935424
8169542922
9821044308
7506695829
8169902541
9136979390
9619598779
9619139133
9699199747
8169547212
9766666630
9619426626
2248967640
9035008186
9773322877
2267554705
7977411576
9819996001
9769128281
9819281574
2225657101
2269016651
9326345902
9167777126
9820113322
9892819506
9152931175
9176100095
2261151234
9867130727
9987006111
9869510093
2225901119
2241214444
7030240515
2572241505
9579171863
9699655594
7517717759
2562221999
9421617636
7028683999
2562282628
9579224800
9823154277
9765362694
7498080315
9423496169
9106397312
8888076884
8888912850
9423980699
7385973580
7038301117
9359314903
7083446398
9922269251
7350005954
9561144566
7620861979
9309376608
9763696299
9372822644
8275007220
7020596283
9423368776
7507541721
8010176838
9665322276
9823492509
9403428663
7020434288
7744011846
9765538036
9637115548
9404523451
9359294489
7249815762
9004026002
8208935390
9646005567
8788443580
9423481470
8483966048
9552989142
8446056050
9702995552
7942759802
9768060705
9004104450
9820741213
9821205124
9820115848
7715899319
9892941649
9821862211
9773578552
2225644622
9820296042
7666145733
2248931351
2262357373
2224175761
2225935566
8850408409
9833711373
9821338331
9820080403
9820763536
8433657330
2268814200
2225689844
7304417550
9504555555
8070427427
9833934604
7039991818
8291090315
7304421079
7548802814
9820260906
8048007397
2262327777
7045029941
7666886565
7400200390
7738157887
9930909534
9869125255
8080278383
2225605640
9833493756
7045711287
8355860493
8655875746
1800118485
9167510356
8766773381
8805558050
8037469658
9820023719
9129835864
8037468194
9289454799
8602679999
7947460405
7947460456
8904959006
9820698106
8071891326
2235013501
8045949614
9892373903
7021391061
9819130637
2267333222
9769443963
9969280532
9326546372
9886932226
9820546262
8928505132
9004616701
9820736048
2225673377
9137290131
9594657918
9892755384
7208607208
7276701414
9619817716
2225633178
7506677667
9082829570
8037603469
8767537424
8369722040
9833282491
9820989383
2249728023
9956282828
8390463988
9891071157
9819292772
9892789813
2226361428
9819267015
8668807895
9699897947
2230808000
8087471758
9867012725
9730112082
8999446897
9921922964
9325773974
9158687930
7066355098
7391843877
8421078980
7038125588
9637555910
9175167189
8080720414
2572225200
8999319438
9970212243
9503261760
9158154770
9022826933
9890956605
9420943949
9403383195
9975775849
9028830622
9604110044
8055623299
9022441195
8080370861
9373976937
7507590707
9892821833
7711992273
9766377197
7067294721
9370786770
9665831818
7758992276
7909325000
8055473090
8767432433
9766131645
9152291135
9970665911
9422603863
9604609130
2572239015
7666459030
9422772579
9623455820
8275386678
9763595376
9672517251
9545545533
2402333536
2402351344
8668424026
9673087909
9637039999
9167237473
9922000607
2402405681
9823131416
9923228399
8983798114
9730005526
8686626288
9168143690
2402321216
2402483001
2402554817
2402331643
9225301533
8408999299
9153750786
9156669995
2402990904
7820843061
9823099927
8624091111
9372294350
9850500629
9082976595
9822709968
9075565242
9421829835
9423977693
9822557078
2402354816
9921150181
9423395071
8037220827
9673333551
2402369342
8468981164
9767977445
9326237836
9404499540
9325218164
9004285953
9665399613
9823544422
9619472096
8850487846
9594277604
9820630641
2221642872
9762757842
9623336524
2112223460
9823331634
9028504994
7588595095
7972646911
8956680262
8975679696
7020258307
8554857598
8856830459
9021812020
7758868857
7276127583
8485864677
7875402200
9890065552
9921181818
7720003138
9096161683
7276999771
9370947177
7942812011
9405625722
8668772400
7040182605
9421017543
8368848251
9175070809
9766968331
8888181281
8956643978
7774013082
7028026097
9960344647
9049647555
9822514631
7972946246
8805771510
9767057576
9764997367
9673734291
7350139031
9823129999
8275862385
2312669099
9922737105
8975775799
9146731111
9923393316
9405171811
9552341166
8855029338
9673685059
9923842430
7020079605
9545439090
9822339055
9225180909
7028995555
9762959989
7276718015
2312650781
9619771023
8048034833
7218007217
9373245547
8806889999
7276710707
9921246777
9172494951
8767357275
9371124975
9049981030
9923315777
2312521384
9112900548
9823044647
9049069045
8668954382
9823190861
9890321456
9595198059
9370401239
9767411747
7262030009
7774050901
7666646874
9822070380
2312538383
2312654719
2026159010
9881941522
9370033032
9021416095
9987808260
8180921203
8600067303
9422577198
7887569958
9765355075
9551775177
8788238385
9503080666
8382828273
9850592555
9657700099
9075515199
9403988449
9657700098
9039391818
8600950000
8329280652
9063516351
7083244244
8329442664
7758050464
9800585888
9822676928
7030609388
9404190564
9422227414
9373167883
2412329845
9730128521
9028027750
9823896867
7721929058
8087378567
7030751010
9175995939
8669171665
7972770395
8446602534
7588079121
9823573781
8149041677
9850717113
8888983358
7080909313
7559406778
8007700815
9619739607
9867697333
2226322141
9883135203
2262505600
8108104528
9867403427
9892465610
9920352673
9152354216
9821688610
8069245413
7718027477
9059018402
9820979672
9137500912
2249054500
9004938972
2240106778
2232975241
9324879717
2226740632
8892625050
9819099461
9340862471
9022233336
8104595960
8828809797
7009595953
2246080644
8451051500
9653469522
8002674999
9167151791
7506986788
9870055527
7506229955
9867169392
9820718593
9819867211
9619947667
9004928824
9867322155
9870348482
9833638888
9867096248
8002667575
7977419478
9820159396
9892055775
9890199274
9881475466
9371651982
9028222183
2312691796
2312651116
9158106039
2312622509
9270256636
7507009161
2312658649
9004091444
7588267831
9527003271
9503049191
9850203097
9890950957
9823284152
7057627081
9403773171
7720980043
9921620203
8329282363
8485886589
9860271674
9371737666
7314377258
9890466517
8291012493
7020409376
9404411766
9970706060
9422045734
8668779166
9923773474
9822597494
9822595828
8446345345
9527394294
9890516164
9921512054
9823959797
9404368181
9764224490
9422417296
9860481214
8237266223
9604436382
9552586354
9028348765
9930202202
8062914753
9702101882
2271614500
8484008961
9820098674
9930030693
9702519537
8879176398
2261230703
8450007614
9029903339
9619103594
2261636478
9619526418
8879682863
8879065019
8037681500
8048007364
9619777680
8062914537
9967314500
9833844020
9930277591
9833448473
9768352669
9769800260
7357352833
9821130573
9821099349
8976577979
9920431910
8433199999
9768678696
9004017111
7738656142
7874991000
8879759856
9082388185
7942759805
7947462024
8045950573
9892469987
8071496873
2246025197
8071889122
8071760446
2261907932
8071015337
9820084665
9765753993
8623084072
8847704082
7744077227
2312537999
8983313131
7038731234
7028833488
8007070046
8879456973
8308254100
9167990605
9619151456
9881104931
8879045408
8446096446
9822093955
9422048974
7378910999
8879045590
9921689896
2312659887
8483002244
9960621194
9637697683
8421980698
9860684040
2312655411
7798356999
7722084333
9922977477
2302468691
9822057946
9822811133
8390271396
9860919125
9529144110
9822318339
7058579806
9766444138
2312640188
2312542993
9700151008
9096931589
9130149797
9970980646
9881151815
7030373789
7620340983
8208828495
7272095353
8009900983
9800055009
8422855090
9699629530
8169259962
9226170776
8830862437
9175973189
8805048880
9822556185
9881331006
7756841757
9373263599
9004137066
7020639750
8793170170
7350128474
9527000300
9657654333
9819788920
9028434304
9272109556
9860659968
7888038484
9665363666
8793922771
9545521919
7519751111
2164241666
9175887541
9421212821
9511653107
7387454516
9975653030
8999383813
8551931777
8669067501
2164224848
7030030001
9370494056
2164220422
8652679157
9822052887
9730903075
8037469550
9820872086
9870763631
8652850348
7411869890
2240713322
8097753959
2240108223
9870481990
7021066850
2242523434
9819897890
8691065757
2246035140
8657953453
9967237138
9967434487
2262215442
7738762138
9867023863
9819621551
9819145046
9820139020
8062289021
8069955945
8080171171
2249604908
2240635100
9820130405
2249786763
2228348440
2229250381
2266916181
2261519300
2242437700
9289192210
9892415819
8689832641
9833977001
2268022000
2269519999
7400353794
4067285600
2261041786
2242270400
9699225094
9920841225
8655200730
9987778933
9637054594
7506258106
8793560077
8390675936
8080349268
7021872472
9049458198
9975270065
9326890699
7588202921
8805354977
8378882323
7028443676
9921166551
9137651582
9112884004
9822020099
9920939850
9823561250
9819676756
9623081987
9604222666
9158415161
7030692103
9819484349
9822338685
8698142588
8446386588
9673768219
9921668835
7021176099
8605616214
9226606191
7744988378
7066712682
8237761811
7499767816
9881221500
8600737268
8433882233
9119449101
7738298293
8828346807
8169256330
8691845085
9167004722
9871739191
9892405895
9699584978
9821710429
9892234553
8652322229
8141567883
7666694800
8767054504
9769930717
9930592240
7875945394
9137279497
9619028138
9137828388
8097205410
8291701780
7567816836
9987355179
7304289404
9322875901
7021237010
8961228919
9594581031
9029685460
9321052466
9930851525
7021065228
8850613828
9930933663
9892074516
8104342529
9028835910
8433893364
9769560729
8655472177
8692941627
9892809832
9768223910
8928426525
9820114922
9819218100
2228193821
8108560029
9987496618
9119407838
8788989453
8856813388
9579020079
9823684597
9970766986
8412811188
2172323211
8149928100
9511885789
9975410775
2172607988
9765985786
9545997722
8956187320
8485094537
8624007032
2172311458
9822074725
2172724754
8459393629
9225839937
9130564972
9422457330
9158441551
7875089026
8975766918
7588046737
9822210498
7588574855
9175870233
9766441212
9595430249
9422065866
9028047627
8007650506
9119551866
9130373332
9049873455
9921660094
7777969969
8766050636
8308080522
9372783399
9422066786
7276281507
9970607890
2172310249
9689996048
7744012012
8010131211
9209831976
8001020396
8104869897
7385556467
9834168018
8600011986
9322309012
7058123632
9272923553
8657223338
9040037373
9552113718
8983856296
8788446688
9881021260
7972337633
9860911522
7588684847
7385767839
9175764010
2162237209
9527340342
9226158588
2162226262
7588335001
9545783355
9420633158
9404010677
2162234937
7972574609
9881009623
9423260739
2162228288
9665903781
8605002563
7666468419
9892265311
7045929292
9112934597
9657100069
9822551294
9130015122
8062463407
8888773319
7719981453
9119575628
7020940992
7710046955
8655102424
9420780236
8208225206
8062914400
7378638777
7045170416
9923233056
7028604050
9209597979
8446446494
8888831213
9766176995
9657668685
9226004310
9373638393
9423067307
8071576037
9822148788
9890847184
9881577779
9422644220
9096811431
9890123808
9970751971
9766192900
7709626311
9096647902
2172742874
7796193193
9673335556
9823170235
9422460707
9822250139
9028907557
9834898552
9158584127
9960539585
9922621088
9921799452
9822115222
9890375123
9021847481
9130753392
8668586877
9158777775
9325181295
9371439001
2172301126
9156037011
9371463093
8208143804
9421126757
7020795283
9970776177
9699438582
7039261524
9930553222
9619552451
8008899999
9821750005
9222272299
9731107572
8062463686
8002083344
8879977400
9074556142
9372789295
8689857354
9820408161
8108565805
9820660142
9321080950
8108831121
9820541072
8452022322
9870714583
8828232022
9967456378
9833016151
9029219328
8779776981
9821040909
7208050686
9773449238
9768213222
9867187312
9699694376
9821342764
8850541043
8689921061
8045948295
9702907203
8071015732
9821288872
8169257544
9323807337
7942762059
9821288873
8045949358
9892906084
9594068797
9967409023
7700929979
9702922540
9890081009
7397828518
9422605440
9096864900
8591871199
9511718145
8421070971
9850909649
9373636404
9270043072
7558482027
9175701983
8806436644
9075108182
7387130740
9404656145
8412841050
8888318998
7057544212
9130009106
9823503003
9699045661
7210829999
8799870796
9822412552
7757938646
9970049762
8421846650
9130832710
9699019195
7040452054
8446020237
9922333562
9921279200
9370799640
2332371511
9595717165
9921864383
9637222022
9370414849
8087138179
9158594455
2332530061
9763719008
9552561008
9579094013
9892351113
9137941520
8329903013
7972665672
8828356785
8448440810
9818333952
9082287075
9870276188
7379324115
9664403666
9833815281
9769937913
9146151308
7480033800
9819433987
9076016559
9136071718
9833826558
9870458042
9920700994
9664102729
9004674739
9594177920
8928704707
9224522122
9930386996
9920782059
9930099588
8071408337
8291417003
8779209677
9819242870
7710944232
9769864547
9821004598
7021090486
9326537801
8960581069
9833387344
9699505551
9324202817
7021983842
7715014734
8425841555
9076249224
9819499866
9819927278
7304900204
8707742079
9960123811
9967779777
8828522680
7045539455
8411041504
7498260800
9922989666
9850573427
9518305361
9067699555
7558750763
2332327545
9075977588
7972420308
9822338827
9422041366
9860455866
9049711115
9423829448
9011011450
9561870200
2332321289
2332322777
7666745256
7981946345
2333590085
8055992909
8830822273
8446609139
8975980078
2332326654
9421435926
9767911777
8007574100
2332323748
9665893111
9637737152
8600109595
7249678007
8087337606
9028272706
2332300380
9730482981
9766865077
9673888111
8007711008
9604037355
7972945663
9922923244
9545553497
9595145189
8668634010
9225817070
8698117177
8446779664
9197167684
8045950812
9820862260
9326755319
9867507655
9090404005
8433843367
7887554005
8169610250
9769976444
8291865886
8879270156
9619611866
9819386038
9004897896
7666888886
9076414758
9664288533
9372905293
8071265319
8591886452
9930933993
8828562045
7304554966
8424022159
8080028007
9820690050
9594820397
9967764999
9321255554
8383888400
9731116273
7039824758
8291028936
9821518687
8767604037
6299505269
9324327564
8071326794
9702236502
7949294071
9870009001
9619152823
7949294169
9519806707
9833575333
9324454648
9136389226
8828785753
9137679225
9607266682
8655794649
9323933555
9004105432
7738420895
7045884046
9820277256
8108224422
9372324560
8037469826
9867012353
9322763744
9892415179
9370145770
8898124167
9833422287
9833560350
9833302291
7021570691
9888444288
9702728095
9372011279
8286452231
9326607101
9222303402
7715023435
9930803632
7208404553
9920193931
1205244897
9209590959
7304050802
9967573037
9653376395
8600629115
8356022469
9987210000
9653259403
8928999150
9892651367
9702517325
9082103061
7758938424
8082044008
9820088755
9322456889
8591017450
7757078414
9892235496
7249884441
9579547500
9595757550
7796977711
9922754555
7774025060
9423858215
9372106000
9975740738
9518742969
8446746269
9595361300
8904999171
2332620155
9697998899
9823257520
9890487051
9404622121
9623353513
8668653433
9028811636
7972200925
9423872279
8758001987
9822303404
7620347080
9660896060
9168144701
9321217337
9822133786
7798605010
7385623548
8483008038
8600660012
9545463836
9673139786
8788810111
8329377785
8421260967
9423871901
8045475428
9850095016
9172469665
8788990915
9284562030
9860030669
9150072786
9702205512
2226128110
9764949692
8805244606
9423381818
9137698941
9270203268
7744016187
9890713681
8879008844
9220905479
8928294726
7219402220
8850513292
7738097803
8390096126
9821857081
7972754345
9284872722
8806269165
9930244007
9820888331
7066829488
9370065861
8976022750
9820135552
8976477547
8888740006
9967317870
7083178076
7719809862
8149344465
8109771803
7822841106
8898440024
9307146092
7738469677
9850381956
9920098600
2250022222
9969030207
7977335371
9272029995
9324254552
8069160000
8424043242
9920123455
8847714343
8574397439
9922330286
8975284144
9664674778
8988899091
9892101488
8888801062
9322626649
9860667111
8828022801
8600836004
7020344244
7507295098
8983311396
9673699399
9970549595
9833315365
8976809419
9702986244
9945960315
8446674786
9834623909
9552035555
7774048009
9860940085
9096972401
8830261865
9022607306
8623869682
9110421950
8767306787
8482896069
8793369009
7887858789
7030858585
9326067770
6399888222
9271411868
7447888222
7219324242
9922383817
9090941717
9561508878
8551021818
2240995000
8857091919
7767999634
9822328405
9404550929
9699021457
9850975699
2172319780
2172313917
9767483781
7020307567
2172313939
7314501635
9702108934
8766723524
8169422763
9323820779
8422009081
9321464612
9372177958
9320387888
7738263478
9892852772
9819773815
7021536918
9223512111
9137394637
9004701555
8069351610
8069351749
9819262174
9833292315
8689892555
9820310549
9320362030
7350793321
9324288675
8850547931
9820319943
9619067074
9320889040
8450943961
8055551227
9766667950
9773516246
9930708619
9987878093
7718076536
8879756999
8879545547
9224113768
9930142295
9821012736
9820025625
9136229101
9168300500
8356985911
8071648426
9967253796
9689678025
9323896040
9619808220
8828499783
9702146166
8779682883
9890769146
7303619911
9158666251
9869727900
9767079920
8779611213
9773370080
8383061667
9850160697
7410088852
7350377477
9096448797
9082548232
2502415253
9309148592
8767671999
7769960088
9420717247
8976616100
7738887255
8097928563
9960124414
8551027019
7991722520
7977527424
9284290257
9326596823
7755947643
9890837937
9619599699
9834617404
7755909266
7058321169
2502328776
9987288233
8104472099
7796156900
8149298140
8983958865
9320062293
7021871032
9699552200
9730439091
9561672969
8766895765
9324633151
9359745547
7058735122
9579119915
8623072437
8788722028
8983887156
9326203399
9923956780
8265064768
8928927172
9922522498
7719922255
9326183999
9970002757
8983977300
7743937999
9665374093
8956399923
8421587042
9423591978
8766922497
9579784144
8482824433
7030774600
8010275137
7249623239
7666442842
7028283017
9028822608
9372174002
8080316560
9356352203
2172326217
9325994299
9112953355
7447401010
8308665581
7020171932
7058953414
9372355755
9130504747
9322427688
9858444343
9617410771
9637495969
9932345151
7620163473
7822082199
8055527776
7709357580
8766925070
8600869242
8308889900
9119464527
9320191964
8956704144
9819527829
9699312729
9967493156
9321771601
8169802752
8329119329
7385552938
9506622151
9226546696
9773650657
9699680996
9764005013
9503282754
7030415108
8265060475
9561812182
7390066700
9823043466
7066616701
7499848341
9987478168
9860688340
9326464777
8855004429
8262010620
9890288717
9561353288
7558599038
9359219037
8208371512
9987240331
8888884024
9156002063
2224941933
2266261490
9115303311
2266222100
7020403141
7874747443
8828507224
9960625228
8779476303
9370416242
8002123435
9619081835
8149871872
8048007464
9594549999
9221326532
9322379993
8080330706
9820363919
9321252289
9920807950
9833639911
7038896560
8850263746
8879258888
9823999448
8652237025
7738101523
9820427383
9769068308
7208761466
9169015555
9975687280
9004396271
8369523264
8286672402
7756922033
8169198608
9322063737
8828990202
7219647222
8454889320
7506746734
8652381657
8097885122
9819706735
8766953782
9768917687
9689294620
9773314548
9423140149
7666307464
9370606686
8369913646
9222108810
9222338862
8779982849
8828246540
7738446352
9594095328
9892290970
9082946713
8767718347
9702986762
9819212674
7942759849
2502339702
9167540444
9821498524
8788654263
9619682368
9867122551
7777051022
9920207778
9323501897
8482901377
8796024290
9767070589
9867140802
7507293998
9823219736
9892932831
9699134303
7263875000
7977636432
9689375794
7276292306
8390592289
8037001305
7942760375
9029866621
8369740626
7942762940
9930607322
9209642658
7030357359
9324343759
9289454804
9822149200
9049428889
8879640330
8830013593
8806604430
9730891450
9975559250
9892440999
9321144744
9920233959
9819284957
9321106286
9764826974
8856072652
8037470071
8714414966
9930070285
6299082489
9422221091
8788778494
9049087786
2162220592
7796900009
9822193192
9405158118
9970313316
9028473032
9850077330
8605988808
9822755328
9260601414
7887878705
7020553520
9404202222
8237377007
8999431237
8329719721
9404045892
9822819188
6399229922
7887878879
9158049777
9422235000
9730049965
8600377787
8698001010
2412426011
8669990399
9552555621
7798723456
9850707444
9423176147
9730705094
9552774141
7744841028
9209482424
9890421818
9890034712
9822664461
9665222263
9595959895
9552679711
7774969971
8793986345
8805079719
8975888892
9270811109
8446758778
7276502473
9011213401
8425847116
9768073086
8976385957
9321447639
8855998449
8779638922
8976475347
9819272777
8850453001
9967074807
8591169426
9870242525
8369018325
9004125723
9821839857
8828586153
9619596729
9867935929
9223503200
8010477292
9920443588
8108241026
9892913428
8045253598
9224267864
8657372008
8070555757
9890449824
9769035219
7738607851
8069828115
9892000109
9820318891
9969751622
8451992228
9224468655
8691070977
9321138355
9833859969
9172728292
9284019307
9767339974
7066647793
8097959422
9967469419
7977518562
7208727208
8689921252
9320042826
8446014460
9975712165
9096993499
8080497886
9579419773
7447842167
8044465510
9021117130
8069866882
8459008116
8291223678
8069866285
9021334416
9699819525
8237723577
9029717099
9834610219
9137647979
9029863068
9892500838
9029491620
9987606905
9930065005
9773621700
9702212222
9870661804
9769331330
9820879237
8433924885
2227451820
9819368131
9322288357
9892677268
7412968670
7506665063
9930127347
8425997508
9773107420
9619553935
9137511355
9773549475
8898573698
9136759979
9004374277
9029512402
9167143295
8097709321
7796262753
7738183197
9307872039
9822530153
9960216485
8282987272
8483877982
7972691878
9860522060
7499300059
9922077583
7415552187
9890020520
9881699699
9422726156
8382818123
8805701275
9975969471
9011630372
8793006570
8097138298
7972915337
9503145555
9226737010
9404246008
7276366963
7276461746
8975470083
8459009494
9270213494
9822067895
8999846394
8999335649
8007829000
9272511220
9331191919
9423793221
2413552900
9422172213
9960096741
9028285050
9423699909
8149891094
9423793350
8975979999
8888868945
9423466607
9890931431
9689812121
9823756393
9890296007
9623388441
2412777280
9284490302
8788722043
7289856500
9130457744
7506969598
7001826083
9594064527
7506169968
9960853528
9870400729
9887733000
9967900303
9820543007
9822964411
9525032637
9082033940
7718981406
9503255500
9820669669
8097866029
9822271000
9873852070
9822662230
9021175342
8766762162
8275859254
9967125999
9860448502
7756819726
9167358281
7776800838
9665096412
9561111444
8983541690
7021066228
7985043389
8446260090
7045582136
9545053501
9322772400
7030888014
9172324606
8180090807
9561273796
8793678780
9766535978
7827101317
9769887555
8707892828
9321106066
9119911954
9881063322
8080673575
9109102110
9673890002
9860007888
8087874449
9822172432
9890912263
7385049426
9890270909
9270778000
9422232232
9822019171
9922575785
8766864409
9975973087
8552008921
8080076295
9325229109
8624045867
9822061676
9822045772
9423937421
9422230112
7875477889
7498221139
9370055989
9423978182
9689248030
9370092700
8698925225
9545557031
9326675023
9156548205
2576603306
9130630632
9420110925
9049259746
9423487359
2572220453
9822238168
9423470094
2572229895
9834325204
9822751650
2572223885
9823029679
9860912543
9975643355
9021520722
7028855230
7498200769
9082085735
9890434733
9022446070
8169519749
9765776512
7021424770
8898903955
9960668111
8983521244
9711135614
9323199788
9168031664
9766648180
8623008026
9371832255
8983501031
9029829245
8080602066
9004898518
7028693757
8888504885
8208106389
9764758281
9665257393
9022216060
7821911207
7666171110
9890152227
9323774288
9763242122
9594820346
9822417272
9503082006
7822050620
7620383119
9665753548
7034549239
7942728746
7368982120
9820243103
8446251970
9822055892
9970714517
7774047090
9152102131
7030120555
8262827821
9920683173
9765496789
9870268314
9867084699
9819746501
2227457921
8149316447
9619377999
9987263864
7588601397
2269127700
9820566866
9136005897
8108331331
9152436333
9324939763
7039541195
9029024188
9096116149
7270881881
9833837952
8976562985
2240232866
9167680995
7738565067
7715858309
8976521437
8693082002
9167448989
7498324200
8452992701
8788087845
7506384525
9869220672
9404345554
9561610664
9221281414
9967335046
9222443630
9967382082
9702800216
9890291800
9987590811
9829784360
9819239029
9892717880
8652211008
8069866839
7506303131
8879970267
9768173308
9137700161
9594818708
9082115569
7208871182
9326262289
9890860056
9869482205
8087577217
8888941796
9657349092
9372459937
8459770960
9869524302
7066742251
7744006942
7558794155
9145121234
9226240900
8828826878
9881581200
9833923832
9172026603
7063704786
7773937352
9822796229
8007275767
7350077459
7276839967
9168616530
7776861166
9146543354
8806207716
9168784651
9168364651
9967339679
9921301199
8655457609
9272383476
8855993686
7841832685
8421786962
9422514572
9371115745
9209529035
9049147500
7021199860
9987511279
9158585042
8806060688
8087550333
9860541612
8087822282
8668609973
8767119622
9022977970
9657687172
9763505099
7798317783
7755925464
9970365506
9420306335
8530257379
8482928834
7517430092
7040602514
7715997237
2532583222
9119505666
9284112344
8698727900
8983899275
8689893266
7028380129
7977690066
8087492512
9565648045
8067331872
9822252548
9323234321
9921588000
8087977974
9823999719
9665616235
9373655838
8069351792
9322375500
9422578323
9168826198
6391214057
8069351748
9820601707
8999171031
9370078900
9850144888
8007850540
9970656606
8779794453
9209608822
7972629764
7378612333
7507543535
9890194646
8180082487
8007586687
8408864779
8767989885
9561968916
8806566827
9970029049
9423593159
7208009586
9820083124
9594290659
9151818186
9819613992
7710923247
7021247982
9321504203
8071820901
8657492939
8369518753
9867258966
9137979728
9082710674
7303188310
9867808730
8956820551
7738390938
9326621461
9819090642
9820623888
7045356033
9821369662
8779316049
8976216805
8652319088
9702999674
9323898167
8956631008
8071889481
9322880030
9029988222
8655555961
8828306812
9923590532
8291061105
8369190692
8369538407
9136622199
7045956471
8369565713
7977008838
8452875454
9820988463
7796868684
8169515468
2271074922
2271074928
8044465086
9769399949
8591139953
2227899017
9324482515
9371144236
9518549887
8850463751
9867555524
9167300093
8104093200
9322350850
9969751752
7385166677
9324350028
9890223344
7722088001
7020135552
9960045444
9172653060
9730166366
9821097800
8007777257
9890637127
8779215981
9422777412
9075444578
9860444525
7083558844
9324350702
8806569483
9334087224
9762111535
9320394575
9158759766
8237266163
7949293571
9324423909
9321666581
8087648228
7030199162
9890655123
9175159530
7379894755
8484995484
9960076439
8127400686
9555428445
9320429888
9970807786
8169502034
9588697869
9309127544
9822459403
9137234221
9766565804
9322809895
9970015362
9766878459
9470541701
8356979585
9309778914
7045243316
9324271373
9152534818
9920456755
8087693630
9960945396
8169660981
9511835515
9767862468
9112059290
9067603283
9172663327
8308555481
8805632327
9699800252
9860734781
8347011901
7249383069
9423922027
8379929709
2227459915
9021206966
7588262786
9325909904
8669059937
9370457365
8263802757
9763657670
8788438128
9021316676
9422778720
8788241092
8037627856
9970809773
8956412289
9860572027
9373993274
9421135159
9623110655
9325586699
8698606167
9422305773
9209627131
7066625534
9890000888
9168661225
2562333130
8411819102
8308348448
8799976088
9763700007
9423916152
7350006215
9422288517
8390750623
9420165134
9673661856
8668830215
9422798003
7347559002
9076116189
8983167111
9822822606
7499176143
9021076788
8888316159
8983857587
9823267208
8600319734
9607226403
9323810149
8767284566
8830661100
9322304544
7666250556
8177824663
7558498641
7744919114
9356814585
9619566940
8657002838
8080587155
9359620204
9665295788
7218684781
7798882228
9322016588
7741804778
8605445588
9766867158
8425850900
7208823295
9326367435
9130011707
9762666621
8600146614
8668263392
8877990070
9702167671
7738906600
8805632390
8796272396
7499296027
9145650107
8329660463
7559135515
9764123202
9892322800
8356966798
9323336666
8010468678
9665741712
9594820387
7769002726
8291019304
8999141516
9579207924
9172842726
8071326757
7770003922
8087619000
9028339548
9833236324
9819913738
9370253000
7738014841
7387245919
9930327612
9820234123
9833430419
9373696927
9822753479
9579629950
9359596336
9834072235
8602331234
8657568717
9322312345
7304393126
8261066108
7744052227
9860447408
7666220100
9022788666
2512713015
9324124924
3335525603
7276425999
9594455328
8369327922
8451028343
9881144199
9978962414
7276666803
9890592776
9320918754
8767458755
8356012334
8698680258
9284304091
9096901861
8407927925
8097723693
9892345382
9867438222
8446818196
8055515866
9028275115
9867680611
7083059853
9850582972
7990575189
9168939134
2562232108
9423982156
9823632690
9421525632
7028751772
9421799730
7588736770
9422286462
8468884976
7588735024
8857084253
7218414326
7775001656
9422777924
9766554496
7391967404
7218927031
8055563732
8888291836
7972859406
9970816583
8055263826
9850889743
9820607875
8484840694
2564210235
9767217827
7875581757
7038898985
9527624076
9011947328
7588003003
9823805403
8421826498
7499091597
7567777109
9809964444
9579045270
9552119955
9422789298
9860135752
8667477644
9552229044
9029494417
9420672199
9923822723
8069351674
8850212247
9867087363
9508465680
9822765177
8791847786
9323270593
9561648437
8856060707
9764331126
7949294208
7070121918
7366847581
9167627325
9175953037
8668785047
8788707570
9970787583
9860085442
9763332809
8390544262
8898307888
9324070174
8805222499
8369083906
9702529748
9623423630
8983360733
9763154974
8062289120
7768813884
8855880049
8062905492
9082972144
8068932428
9987106656
9175152545
8910009190
7798254121
8421486760
7741083452
8600667466
9987992127
8976228880
9664433825
7219222674
9136232801
8928161765
9096730754
7350232331
9322222016
9545549498
9527001127
9975056271
8828843001
8064174784
9511783812
9975458079
7038883777
9860555592
7588668822
8983692547
7715028877
7798221242
8087633916
9130538618
8655492192
9322374408
9156512828
9607391555
9820309973
7021544902
9834257008
9422676916
9172669622
9890005733
9923193665
9270550125
9890855441
9999607708
8045950233
9112177949
7972785817
9309767314
9860210533
8071892702
8080890555
9326803900
9129596849
7942761386
9850041471
9112441800
9822112949
9731038243
8037468082
9822045475
8037117776
9823757222
9072530282
9011669000
7796033100
8097446389
8828833631
8928095709
9623767939
8208256830
8669665786
9923304466
9373261323
7304014055
8588098641
8655635972
7039630103
9137975836
9004115037
9067728269
9096241847
9172148251
9307416270
9011998399
9595956253
9503577026
9172473137
8605057969
7030000195
8624086597
7888217555
9545109116
9172112466
9545087060
8149950827
9702601923
9967797574
8291377967
8356082958
8355928175
9004832184
8879427888
9892629888
8037762854
8108200008
9833864692
8069270042
9004681331
9326679229
8080988585
8291932733
9819951524
7304749131
9769112573
8657569411
8928329438
8329740660
8805314927
9689067118
8485844059
9594455556
9022224282
9112180015
8600341895
9284298988
8888173300
7972781340
7875184593
7798808563
9923779137
9320444595
9819465726
7897803625
7303225258
9960625866
9423367367
9987342143
9850858895
8828608112
9987554442
9322169462
9323701647
7088462258
9604313949
7058469616
9372170187
9529656876
9833808347
9987149999
9850448369
8624984625
8983407204
2512602946
9552441611
7276689164
9175523566
9172219909
9702640511
8898815880
2512608555
9022374837
9892427835
8446056427
8623842323
7021491450
9922290805
9892194442
9822107984
9325435086
9011556039
9359049136
8484841205
8888608559
9923478787
7020225699
8605186831
7212564125
9921717166
9850514007
9921058520
9822361774
9156192192
9158587230
9423426100
9890574074
8669041351
8412995618
9511850080
7744926004
8983672526
9049964752
7218731885
9503609108
9309513240
9623323456
9145261816
8237649937
9765384123
9404676653
7276376365
9890908658
9284114843
9130803735
9853819777
9423603075
8788233564
8149455572
8788891653
9540873547
9168999986
9403419559
7972011741
9422453481
9765274331
8600900969
9834673131
2512604635
9731015910
9403892901
8237051187
9987221741
9731041203
7028188377
9702733355
7798310193
9049303701
8069866922
8044928156
8714639269
8044925571
9321457879
9289059938
8037117772
7972756696
7208563827
8237278148
8149820000
9175055532
7822919856
9226745922
8177823366
8169990735
9172152782
9321133334
8087397644
7875854890
9819491849
8805253829
9619448479
9356925495
9822946888
8483918981
7972873253
7875957411
8530030570
9320723637
7798557946
9818751559
8655460638
8484021526
9923463619
9167170002
9225333733
8956666659
9834144347
7875578677
6293919191
9403350521
9860575995
9983921419
9619934846
9978678287
9892740333
8862017313
8104405145
9769136563
8007396925
8424040040
2141223746
9423513069
7798832783
9373481496
9923480007
9096010896
9423802680
9420390338
7738050504
7798041243
9823147407
9619000009
9422797382
7972984026
7588972088
9067533067
9158352673
9075486760
9021963098
9421009686
9673225594
9764480065
8055878878
9423049199
8600432121
8888937938
9422435733
9892668919
9422189977
9527941017
9561413613
7038639891
8379001516
8976475668
9731133613
9420147100
9422188520
9404666777
9423400414
9881761275
9579201303
7218213055
8625014599
9975553331
8390282155
7875054369
8888546355
9209171779
7447888770
9822230977
8999654692
9960736201
8087949848
9096909005
9359042270
9823154331
8421664488
8975670299
7216051514
9823077164
9595857155
9527865252
7350523571
9422918029
9404128618
9823168755
9890885848
9822708633
7066767767
7212578882
9422956141
7620743090
9422155035
8237778397
9096414166
7414947500
9970013992
9422295009
8788438012
8806073191
8698448662
8291039023
8999421433
9823373794
7020682821
8390374586
9881100762
9822861220
8055644388
9960896730
8767322204
9923922457
8623862363
9921025891
7798991020
9833132888
9763988050
8888345633
8459245949
9049923716
7276589953
8421481436
9623588423
7774809615
8920135522
9766907752
9890846852
8097763509
9320683132
6202242193
7887611891
9970058580
7385853030
7352848573
8182824455
9892610238
9822547046
7047297786
8087385185
8069828116
8799840820
8485813441
9689922000
8180852087
9224252087
9322179606
9850533647
9323098767
9767788759
7387141414
8180818072
9320525126
9167252655
8069156700
8983466889
8007046000
9026228846
9130067915
8668956876
8600991213
8071648460
9619693884
8698996902
7947464268
9422401205
9172630175
9967176054
7208722620
7757966697
9422686869
9323690333
8767451410
7588970617
7798793891
7738605950
7385160455
8976950654
2512621146
2241614646
9323579598
9619554999
8879800674
2512683887
9321775747
9348194341
8929762047
2512681661
8237330582
2512609824
9527623230
9552958979
9822358616
9890412856
7620672741
8857813363
9209325777
9920050008
8007848039
9503900901
9767702813
8071892336
9822825071
8045949511
7276987261
8149906284
8087343093
8866408822
2512602148
9822825558
9284757173
8037470075
9167285505
9955261008
9371775533
9021513771
9028266197
9373593951
9130618525
7218233464
9623459455
9850439668
9021902333
8600777798
8484017300
9610892493
9665691777
9922469558
9923409708
9890389496
8888772233
9021193290
9307872332
2030187171
9422162392
8624975002
8788001516
9890438786
7219553229
7242435213
8087634880
9028226779
8600780668
9226159343
7242456916
9922624389
7242415480
7242415148
9673352223
9404875488
7242457224
8087362641
7020294153
8669050336
8855895057
9423105890
9595599887
8605071896
9921922211
7498334175
9850522527
9921911599
8408943993
9049988869
9892657380
9082947989
9619184592
9137984853
9769946481
8850227342
9619364666
8976882947
8169695484
7083026007
8097804055
9967563940
8591971214
9008180707
9022579616
7506719139
8369722318
8080240070
8433854585
7304849073
9152955659
9324171736
9987346117
7021171383
7977833094
9801224766
9004926979
9321451144
8454086841
8928032672
7738974256
9833431663
9137905210
9820040002
8850233968
8591104988
8657536730
8369522979
9869159179
9833071330
9757328168
8048127660
9892812138
8082005093
8976151826
9372522090
7506294434
7875902908
8454049585
9820570757
9004960178
8999057772
8108465633
9320962682
9764608932
7756999997
9552117000
9156565646
9321244707
9175088148
7756977554
9322778004
9616717160
9970295633
9322355515
9320405111
9323623600
7798048828
9209777486
9890055043
7700017047
9021058229
9022065900
8454851444
9702227938
9324666768
9028276664
9822889794
9270030646
8855079447
9503504704
8007222947
6393844247
9881921332
9890404398
9423947191
7887618988
9527450281
8999115497
9518789458
9822365611
8888481994
8308081037
9607103953
9665511828
9011307161
7021878739
7400262821
9323278009
7030478982
8888344037
9323678111
9823376546
8530124343
7977687032
9158449547
7841918775
9552220901
8551937014
9022178555
9226808914
9823598446
9822659681
9322082722
8149490038
9867953264
9766090607
9503656397
8888184443
9322761201
7755966536
8888492579
9920847528
7028005681
8329020083
9860114527
9767278890
9890009279
9322444000
9890609120
9850098000
9323454245
9322450280
9422488299
9518356015
8045873593
8767597770
9372524211
8007285285
9022224064
9321333300
9730897323
9324267667
7400009287
9619563672
8855030030
9324067900
8888210021
8692013013
9820707200
9820073739
9082498760
9702318975
7021571360
9535974211
8999472070
7887880489
8959104977
8999614969
8108426460
9762979993
8007933316
9930332889
9535981266
9833951941
9766450922
7666567566
9731046247
8806603460
9324615142
8069866881
8714845888
2271074520
7718835655
9665167683
9503854407
9967992313
8087153892
9987184558
9702385480
9527139525
9823944454
9420649492
9930444657
8087433916
9323243737
8898389868
9136181713
9373886128
9130445068
7208930682
8766417885
9137143559
7875150355
7208355456
7400567891
9987714128
8452865461
7498168668
8856857147
7875876783
9892474400
9307305939
9321021251
9867340485
9594264597
8888573000
9819548953
9834974748
8422962535
9420916557
9665835512
9422091021
7057953132
9890016404
8237133903
9422160488
8999493370
9766833014
9960150053
9403047524
9764422636
9028804838
7030866744
9665444359
8698165330
7756876769
9890651503
9890162212
8468856056
7972088102
9823544334
9284850630
8507863138
8446660387
7020214994
8087937799
9423429258
9096707399
9860397642
9422147880
9423147604
9921333166
9146823768
8805103330
9420166708
9657594144
9767236815
9881099955
9767247245
8208288891
9421770221
9405165026
9356858734
7721968497
7263924888
8600989845
9834548418
9320893215
9702035056
8104439798
9136920111
9833217091
7710010142
9324285077
9930924177
8879938421
8779828258
9768956895
9930937878
8898500403
8879932256
9029483719
8422842216
9820931444
8291236456
9892503878
9324642033
8879351451
8591812005
8108737180
9702075761
9619045030
9892115943
9082241783
7420920885
8655643073
8069867504
9892999224
9082870629
7045457722
9324282851
9920518322
2512421482
8976050003
2512206206
7506006103
9892660151
9820444913
9372547154
8062914107
8828043288
9833985277
9076331515
9987091456
9987549223
9833549116
8850378831
7767937181
8180869145
9130837602
9421261446
9422381391
9224729971
9422434343
9657220404
9822950697
8237337223
8208366472
9011447111
8530475474
9011452299
7083032482
7020737318
9284753912
9922059419
8624881221
9702805575
9822175750
9921514705
9422054101
8308838958
9271003984
7030059129
9637658704
7666173397
9604062958
7058826674
7741064656
7447655639
8451895293
9403982606
9892425267
9021944235
8010644625
9321170118
8408093877
9604127649
8390931259
8605098363
7745001507
7588918341
9881054747
9422053430
8007337648
9422595124
9022944721
9823869637
9975982197
9326614629
8062915622
8828993635
8600080000
9892824648
8879196376
9021818778
7507849616
8291199676
8369265552
9922288186
9403333570
8600922933
8888675000
9850118485
9763566244
8668988600
9511753495
9653301094
9022338180
9860261626
9324907126
8805802600
9323334400
9004574059
8655523428
9619614999
8169959043
7718962094
8108204465
8048400464
7868877177
9004309516
9820788878
8850181058
9768666446
9699900003
9867527444
9082087834
9892510505
7021073350
9867164606
9372424323
7208367946
9044193548
9326874023
9920657375
9920431006
9769072603
9820485966
8237681040
9356066698
9987173499
8600535566
9320608366
7796554466
8007536378
8657933817
9967275691
9763447765
8669289999
9768351117
9892025638
8793345545
8080351351
8064174522
9152229137
9731041044
7777038133
9890680912
7291804874
9004965558
9922431781
8097499093
7507716343
8062914242
9211414638
8999312712
2516632000
9822772055
9172653398
8369227540
9322188240
9768427896
9967352023
9922155252
8805120427
9588612228
9930336504
9867947775
9987192403
9870020500
9324845501
2512695975
7947460716
7710014647
9270483745
7738193899
9373812866
9689002376
7822816552
9923477442
9511292080
7972980221
9422166994
8888687798
8378028851
9657002888
7020356011
8237712498
9028600982
9422165327
9834599301
9595958712
7378820415
9766753136
9764656555
8888184500
8087266953
7066883999
9307700510
9529772881
9421713483
9422923777
8087126820
8806981787
9822728777
8999646863
7057387552
7020549177
9404192948
9766270154
7020888205
9923466188
9822222056
9168735741
7020145314
8381048866
9879208830
7774009021
8830544132
9413122555
9405000670
7719099924
9822720748
9545881702
9922195727
9209183871
9881779952
9922970620
7977383100
8268453940
9987017975
8652615973
9819831424
9881259988
9029167772
9619935565
8928016845
7208380507
7666771117
9322956724
9029810091
9090097909
8286854399
9372236064
9768010603
7974690341
9860558739
2227491514
8879355260
7400351044
7666665005
8369476642
8286404646
8104529761
8369345789
9167335356
7666812529
8356890394
8828797483
9833275695
9860217842
9833593428
9967227780
7977946954
9137478199
9513445507
8089756898
7666599281
9819270835
7718957538
9920083791
9838459440
8591168003
9967448562
7666022920
8452065626
9082905705
8097226185
8928787997
9004353689
9967097537
8546093355
9198909311
8451931532
9920513926
8850803398
6386759422
8451025555
8850337935
9987116740
9762259735
7039624595
9117306279
9006335078
8591144369
7977476550
7400203440
9031201620
8108954589
9321565985
9892667287
8779636167
9833981936
9594570085
8097106048
9930039223
9021633489
9867307502
7021562591
9152950074
8208097832
8467812345
9930878205
9222230037
8263953613
9920239447
8976731539
7208766617
9892811967
9152280728
2516527778
8693079988
8169000922
9892931640
9594261391
8002024454
8888870257
9987070151
9209681574
8600484487
7875077625
8975951919
9822374469
9167948302
9731083453
9004446716
7411856692
9324007202
9074556134
8037467284
8044466085
8035428317
8080972672
8408006233
9021115384
9579809462
9326893959
8381018598
9922241333
7208129191
2522224320
9890290240
8888645000
9699555076
8329280235
9699654000
9323777247
2522224070
8149489601
9545822461
8369725134
7977931688
7620190414
9503949116
9321549123
9833523268
8828286833
9552006490
9423355887
7887788061
9168632586
8169471520
9011110503
8180068848
7666947055
9623126948
7666199246
8779261087
8446658137
9819063277
7506637401
7738762209
8655550992
8174870107
9022585220
9870001019
8898335094
8655558595
8779396423
9323679162
9899976837
8369215617
7039885502
8928562920
9028785056
8062646077
9324643460
8433516821
8888289817
9892127383
7666662777
9029585919
9920850079
8160581302
8652875789
9029014451
9321550306
9820208960
8369763088
9821029193
9323033750
9321092048
9324977443
9892971729
9892284522
9004331710
9969602650
6200918758
8097217696
9833508448
8369130990
9594528986
9322402692
9769000109
8585858292
9004604731
9004415461
8591695240
9115142477
8275312235
9611602314
9860649685
9021520411
8208960115
8087178868
9028932109
9860217748
9421463401
8879936692
9689773436
9403056383
7020336062
8766730348
7875895195
9422181095
8446811894
7262242428
9270153902
9850339650
8208264853
9423127990
8668676851
8830977213
7387460676
9527490742
9922956677
8888244226
8087691387
8237351375
9067487111
7709558044
8237872906
7744955221
8007222202
9881340673
7972280871
9822223537
7776984149
9075435050
9834672909
8879937832
8275410611
8879941315
8698603036
9970186527
9922333820
9322181822
9423374349
9146803505
8014144343
7718858223
8369084945
9821137735
8071370551
8071326756
7942728605
8071326816
9167184159
9700597009
9320719794
8691951643
8422971786
7977069586
7045102822
9702264387
9702370074
8071649396
9988225343
9943919135
8928425878
7021411346
7045604125
9221049293
8097937225
8655742731
8450990273
8446667179
9820717728
9284194677
7709206211
9970136018
8551900283
9175733177
7045505646
9146867896
9158044833
8698714422
8097384220
8419955457
7887881191
9823971107
7841899628
9923968021
9619312591
7020896715
9890850306
9967350725
7666654719
9922915601
8291262801
9769093666
7517514779
9890260020
9321884511
2522229711
9702288815
8828838899
8071889830
2267009000
2512301313
2512312929
8065011555
8383012222
8037681611
8591927415
7738491513
9373093831
9870830125
7208721759
9152554495
8450944465
8528527008
7349494999
9833677717
7823088366
9702060680
8419982008
8767166401
9146308966
7507867979
9850171078
8828831811
9822396709
7304747879
7250716094
9769882805
9320555588
8080808133
8898250178
9324274042
9082727360
2248900453
2512318007
9326113423
7745027366
8806264480
7219796750
9594991890
9137332331
7249757940
9987939813
8080672211
8007867860
8069616972
8600133533
9823572969
7058604664
9769399565
9226712255
7021121448
8037467745
2266077000
7977700603
9920572937
8929759660
7669367196
8657492938
8668894400
2522241900
9997775728
9326311699
8048794671
9172149717
8329820830
9552005504
9322210449
9326350808
8668382364
8087482402
9082294146
9284024944
9323525000
9819032624
9881151725
8071738318
9323195294
9922408775
8045949472
9890101399
8071738337
9422766133
9960541999
8071890797
7411862206
9881101389
9731076361
8069955382
8037466465
9892937740
9850471756
9930682451
9890503056
7719048069
9309540408
7021974945
9892818124
9975255278
8530980553
8551926020
8275321152
9930025071
7387202129
7387215202
9867388930
7021612215
8855009419
9702157315
9326989570
7387202233
9561327296
9860052143
9422682668
7276793666
9156086080
9322726835
7758990963
8806134066
8999200553
8976476881
8551937669
9082984387
7397930140
8007363224
9511909877
9137873502
7709500761
8668396386
7767951176
9890324573
9511815435
7667492259
9049213172
9588602957
8550943786
9890906494
9561751870
8459304070
8071326826
7028290548
9323794110
7666640500
9833190295
8432471654
9970553516
9850369936
7020741285
9421677827
8830777741
9049088556
7420995715
9172953991
9822238533
7152240231
7387011789
9503239361
7057533366
9822203583
9881765528
7974710028
8208421460
8600401049
9923641501
8624838652
8793219371
9975777256
9767381452
9561588497
9309574882
7152248851
7028706517
8623888779
9373094346
9405882238
9850989657
8669858398
7152284378
9422904297
9960916106
9766772523
9422140052
8623834111
9226464290
8856824446
7972278345
7028340349
8329661209
8459022867
8007595949
9970954976
9420684786
9890040355
9423651516
7507144777
9324291504
9970812233
8071963926
9867914184
8451022088
9930318137
8767060813
9833116509
7276159377
8291347424
8069156786
7028696747
9022345991
7798316406
9545351098
9222119490
8482814966
8788107299
9172635580
9822541782
9049916331
8999088594
9890769801
9730293314
9702081817
9168333714
8600272051
9322525275
9987658573
9867148514
9702695866
9870018724
8007091709
7276573150
9325661586
7447618526
8329829108
8696905949
7249280964
8788662486
9820099239
8451011799
9049376633
9272480080
9619322783
8956256850
7768009007
9822670294
9322017772
8956911524
8097406629
9870783106
8044465553
9769298042
7942810464
9820714783
9821464060
7667898391
9731166459
7304985765
8866675570
9321120210
8080406532
8879882025
9594080077
7276809484
9833884464
8898250591
9820531761
2512222021
8976187967
9930226717
9004015750
9890808888
8898672339
8355818472
9004090032
7977859112
8767226953
7900001556
9819215731
9867530860
7900183856
8390314122
7977521560
7738582818
9920776177
9167756385
9867870261
9768480301
9224770024
8898902262
9930968458
9967516629
2512203129
9209030609
8108313813
9653659137
9321117772
8291947784
9822878681
9422835928
9860449672
8552843865
9167104234
8830325356
7350883111
7798630505
9021974694
7058156733
9822368305
7218617106
8766727153
9595110290
8830287570
9422837558
9005900895
7875521567
9651332644
7172255592
9422137676
8956106280
9175783542
8888822844
9923531829
8624912744
8329172686
7775064386
7350538794
9422138254
7972518116
7972660440
9960072700
9226115519
9422137653
9657795774
7875995093
9158760999
9922734125
8999920238
9422575771
9823367510
9819933852
9423429646
8446061995
9860700888
9822209574
8308751885
8062915777
7219152254
9022398648
9765697747
9359867962
7304858197
8767271001
7400030008
8828081363
9527221418
7977519839
7768802020
8956724425
8698750431
9870777104
9730786796
9172707603
9881256576
9653407509
9730680080
9819806161
2522232496
7058589908
9960668313
8088848484
8127726334
9960634858
8169065773
9004400455
7301910191
8830499902
9503649875
9561686715
7507718213
9820968145
7758975334
9821681629
9110961140
8262990986
8355846430
8319370962
9004666103
2522254412
8928304252
8779921248
9136788481
9987582567
9619613502
9869133339
9967915707
8237776889
9820023106
8793730133
9594820358
9029022099
9167203217
9699838845
8080102674
7942728469
7066707758
7558598903
7506850836
9130272717
7249860654
9960697110
9823816603
8879159999
6360478123
2506453339
9323344111
9130339509
9284319550
9073990313
9323714141
9323002785
8080103044
8071649462
8698148322
7028956610
8080808343
9819748593
8976509120
8007841222
9324745274
9152862055
9175463919
9321434992
7060869941
7977156012
8767861188
8451992571
9833950511
9820055082
9372359909
8767576141
9224281769
7304549422
9757314976
9867699473
7718097949
8108041661
9022513320
9769281180
7738269485
9028969089
8591856601
9892461646
9892121845
8879260133
9769586351
9892307420
8551038586
8446190168
8657893581
9890245647
7868077868
9860939927
9175610044
7756950521
9422688402
7499068810
7588912453
8356907972
9420206364
9404777967
8419904869
9373087548
9421404821
8169145227
7977733101
9421184698
9403852025
9049116296
9890819197
7057367617
7823010473
9969390334
8275383006
8355937573
9960439846
9404702928
9423300854
7020927386
7977618903
7507502272
9922387333
8055149004
9373494118
7529824294
8177840573
9766939702
9422419984
8898576734
8698369241
7529824291
9421639275
8850093720
9545150316
8657871652
9819378282
2312692872
9769798940
9821575241
9819786531
9152494044
9321100206
9967663700
9930932106
9970809596
9870328331
8286883306
9167260098
7304427311
7900170419
9011612355
9004323603
8879665544
7693050155
9969064733
8691867643
9920133857
8655414445
9356712199
9029919073
8655255282
9145097906
7045054115
9657883816
7900181234
7738337321
9321979098
7756055200
7666989090
8169789494
9022085695
9833221300
8976261190
8956701555
9930985195
8097323355
9867871237
2512328283
9529683381
9320962065
9820440440
9867798828
8828827227
9821130941
9326109394
7410595311
9518790728
9423419105
9423418150
9421719217
8830290394
8238005414
9011590745
9075103871
9011325616
9096560454
9422135277
8390870442
9823274175
9420447772
8669110196
9021956372
8888228111
8149102826
9637957772
8411834332
9011144446
7172278200
8149978012
8237756744
8208106578
9595239709
8668610390
9921481319
8600980206
9767986182
8975615524
9579860457
7132222687
9763091300
9423422489
9860807166
7942529554
9420845150
9422153395
9421793631
9423423125
9422154656
9145379780
9372912224
9527155807
7387699821
8007125064
9028608227
9970107049
9819271216
9987440800
9920404411
9773000773
9967046337
7208992473
9323378166
9969474761
8960379997
9322245569
9967863923
9022906383
8097402829
9619477333
9892264899
8898808559
7208966786
8655822990
8898306703
9773877340
9820318964
9892692938
9326099492
9920625181
9833707512
8928653208
9702747577
7045410149
8356822218
9326413997
8108937680
8850647571
7738433331
9004950902
9619192916
8000045222
8928741540
8928857772
9833789567
9152057934
9136890001
7021407125
9769854290
9167332038
9082144196
9967717233
9930815185
8850905744
9892423777
9029952389
9892665423
8898014848
8007999077
9137995582
8850043200
9320632500
8530446847
9766827966
7303810151
8983918130
7028033399
7507963858
8104481575
9022090348
7745061621
9272433262
8806848003
7888216734
9226812933
7620729115
9359712747
7972025294
8104812757
8605266147
9665954999
8080333557
9158997145
9594224769
8669434770
9665106936
7448123122
8484837917
7706948460
9892836798
8879321111
9304744328
9324569892
7507831462
8369636952
8623025069
9870092500
9220803286
7738180240
9890084211
7977548560
8767167626
9923345594
9892741531
8446599051
8766848193
7798725285
9322609691
8433928777
7378883322
8779917334
9975004859
9819698100
9987780119
9892729729
8655753021
8433739100
9702423937
7020202076
9769226586
7039033032
8805222234
9892519340
9769104057
7977949417
7875569444
7942876907
9221026544
7304314360
8045950439
9967122226
9892427250
9967814635
7942762262
7412079524
8657591456
9029010164
8655714223
9769354693
8855939997
9870102133
8069159999
8082388946
9702468030
9920424870
9022932020
8108919900
9226387632
9535976902
8037603420
8037469782
9819641432
9892088944
8037470039
9819401681
9819587785
9820278548
9022531309
9833222338
9890895619
9768401528
7301113131
7208619672
9029164214
9967402005
8828485188
9930906069
9004922452
9119115631
7498809909
9833197728
8828564212
9022229979
9892973469
6299453028
8097022389
9426786613
9372592271
8071326746
9867061959
9324208601
9619689288
9892124276
9870447229
9004849264
9892175858
8850933101
7977585087
9021420120
8879014558
9769813999
8067331874
9022266307
7710930979
8108791111
7045677888
9769592580
9769259816
9022338810
9867379803
9222116484
7977646530
9167637735
8767211629
7400348174
9326750771
9595872225
8850011395
8433524357
7021673884
7775099116
7588880346
8208757307
9326811408
8308736175
9325617109
7499661542
9960879993
8668265561
9284637821
9970746892
8668827934
9718119598
9823097271
8329207984
7972668134
8380878716
7798789111
9763598421
9764685676
9518328762
7620445151
9823837211
8839173751
9021281042
9011923034
9158622133
7972801813
7389880661
8830196067
9393433431
8766941223
8788081711
9372932233
7972271663
9005058505
7887870325
9423660114
8062915573
7875785000
9226716321
9595572470
8291036439
8668491221
7350638933
8830257574
9923626246
8087157393
9766882253
9422830448
9821520832
9167363333
7039915196
9322832513
9513622396
8097949714
8069617055
9220564919
8108114848
9029929201
9930033455
8482825345
2516537617
8898454964
9820652413
9766560203
8080687996
9220642923
9833433369
9833603381
9870036376
8976092168
8169132011
9820518821
8080903589
8975018975
8652617447
7738888335
9769244136
9892697484
9820191265
9833144111
9664501851
7977787373
8976709911
9987898488
8009236725
9867932787
9082601518
8459566879
9833060951
7738760258
9152659330
8433823933
9920335771
9152285590
7666577345
7744077235
8657617910
9168522021
8655884678
8828773484
7039164552
7700001145
7710090411
9930302395
9619864969
9702009945
8655675235
7710000668
9372089598
9082702561
9819454348
8454014127
8898889900
8655190608
9082074899
9867280468
7208288082
9152013360
9820794142
7208218544
9136293486
9820588176
9920996893
9004777700
9160680000
9930325492
8291891468
9702767797
9819279108
9930019754
9987699003
7506178802
9892664687
8080684263
9892796782
9920337744
9702454525
9082287601
9702554018
2226200947
9820528872
6386052977
9821877194
9819093994
9360388530
8369619729
8692074748
9324710252
9768816962
7709999011
8261008275
8788773397
9579919795
8788635037
7028426608
9422831160
7420866463
8177874682
8888998355
9421811178
9730777492
9661969698
7038768555
8062915572
9167118203
9422130234
9420942871
9421714384
8291035492
9175139159
7184285551
7774852777
8275298311
9764000353
9503944424
8600034567
9822559436
9284449557
7070535343
9356707701
9112456000
8657162728
8788926963
2462264810
7709970655
9011955655
8421890004
8999595222
9527157460
9975823250
8788441331
9823168444
9822648999
9146934108
8380072484
8966855447
9049583212
9975802740
8007070705
9284637887
7276799580
7709880628
7507943517
9011573285
9323524040
8482890960
7045930377
2239528791
8484987682
9422486633
8530222837
9326075986
7276065509
8108999362
7400159521
8329009375
7219879872
9767055679
7875766671
9819916371
9323654114
9623916592
9175089142
9889429329
7507450066
8726254737
9920699925
8554968823
9022135696
9823230316
8408987575
9137069246
9175315176
7798225480
9922619263
8149346998
9321549000
7977116990
9881658250
7030706170
9975448005
9763229930
8554979000
8007733901
2512560835
9152012503
9356728831
9970678914
8655443123
9136868555
9136200963
7400191710
9967422383
9326144428
9920855545
9821272868
9930421940
9137332898
9321487610
8424061200
9223504523
7208636757
7039282108
7738190265
7208024856
7506247469
9136785929
8591115230
9819150506
9892145652
9768190074
9619038180
8169568900
9833557774
9821313285
9920756155
8879180132
8286000888
8591231430
9136559993
9321490311
8369663018
9324715772
9892202423
9819058377
8422813345
8286638609
9322867794
9137524791
8779640703
8655343744
7304313345
7977393824
9867722166
9323998957
7862851241
8800569538
6746172420
7677994422
8898580105
8080316288
7039448250
7304179046
8850245610
8169700145
9920912962
8686040499
9833505545
9892349213
9082808589
9321000507
7208281317
8080178685
9152062843
9768804303
8779070910
8657589072
9653182820
7400129249
9324395933
9967651202
9365418224
9699501007
7021603254
7575003005
9820045512
9167989818
9167745791
8356821809
8828171406
9930653214
8454837272
9702957794
9920619705
9892237496
9920863430
8071326742
7718946682
9821217604
8879486354
9930317276
9820870470
9821235980
7461841512
9172020003
9152545623
9821525606
9372924617
9671289397
9422148516
8237476254
8850500264
7768070381
9823338491
8788202389
9284470748
8007667333
9637355181
7507303629
8999447378
9420225181
8308307360
9960381449
9359156373
9765413838
8793833039
8087526074
8624993084
8999563738
7719845453
9272330998
9370436924
9970457518
9156111212
9960400064
9970841365
8956314801
7020368778
7620830260
9422663077
8468927400
7774806999
8282828155
7020102955
8237220344
2352229035
8657973834
8432464444
2352221241
8446810066
9511644948
8275387259
8108271510
9970174245
7774875680
7030020143
9112769720
7776092467
8308999521
8830766145
7316966757
9960128080
2512862242
7715830884
2516185000
9321747484
9136506062
7977873974
8048007368
9892680736
9619162010
9920027124
9833922942
8071889621
8108546556
9892213748
9987325666
8976711971
9702182288
9322298518
7506660554
9222220453
2512488733
9820562323
8369446143
9769497216
9137731423
9920831486
9821147432
9969528581
9702009302
9833181770
9029204008
9768612020
9356726873
9221155552
7738887770
9867936077
8169770345
8779839552
8071015608
9892262374
9820460223
8097255247
7942759258
9607036555
8779307849
9702759840
8828297997
9920039518
9152729501
8268101093
9423438266
9421761857
7888233340
8888588528
7620166145
9096877128
9423140573
9552743427
8655435930
8446224709
8149710830
9657595012
9272888899
9518961538
8530388221
7588429116
9822243298
9130227435
9545653038
9067073037
9923309990
8888030786
8408080187
9028774254
9860885728
8070800505
9822190559
8975631449
9823197727
9822419738
8007599774
8308885662
8062916922
9121523517
9422171705
8308297669
9370182199
8208240788
8983700555
8237786034
9767109771
9049791469
8087501506
9022555690
9422874218
8007000450
8668870250
9028922230
8788004039
8828889981
9892856262
9323203188
9355870264
7977035296
9812593287
8069156778
9920974312
8069156781
9967186994
9987933850
9892584022
9323580891
8652150522
8779283241
7715996126
9821543609
9769598413
9833312708
9167495222
9820903555
9820903444
9820286148
9702735918
9594417051
9867958651
7757890100
9819116536
9819707851
8268007000
9820109918
9892718302
7666667665
2261777716
6353530685
8097979242
9930046955
9892926005
9137292493
7844979999
9167865430
7304129533
9821106557
9870466221
9820053599
8655091234
9820324332
9082134953
8071648226
8591757278
9820017666
8779603818
9049684111
9767708140
2512520326
9822770205
9822255065
8432701000
7700937044
9322076699
9892261986
8450913588
9067333660
9320978224
9823519111
8010366946
7021404590
7385870710
8551052507
8080080178
7276650072
7276067675
7709770446
8329622477
9867258836
8329210026
7977576575
9309007169
9822065870
7250566575
8446521716
9270144600
8788734242
8097651825
8104589895
9346571809
8879506927
9137328736
9833206581
8879976215
9220250607
9833529462
9136696977
7208210629
8046031026
9930790212
8390593003
7021097928
9930057074
8425894608
7208491468
9637782537
7387798486
7066825143
7035802802
9922829505
9867919528
8355834773
2225613246
9594177547
9920963070
7710994112
9867271133
9833054455
9224444466
7506985333
8446667584
9892632538
8080455578
9167421150
9867073547
9167469603
9819777178
9324875581
7738569809
7039304030
7977778710
9322477299
9222133390
9967676388
7208766128
7777007894
9967483858
8080786676
8108756789
9137199021
7570965347
9920333555
8062906620
9820613772
9136835601
9920902722
7977957044
7977654896
7666646880
9967393075
8080733177
9321092829
8928842923
8879846801
9920547196
8071326800
9699124420
7796664455
7942725349
8750056176
8037710321
9821336833
8069866941
8169303453
8652514754
8828321400
9833087673
9867147166
9535938953
9619374840
9535995831
8850338855
9867934381
9324067926
8999001216
7045010951
8044465296
7045378555
2271074821
8108492491
7977655716
9324343561
7021407145
7738319991
9167846914
7558339319
8239026064
8828873662
8598983333
9967042872
8828343053
9892142176
9920738608
9321668855
9594632110
8369586869
7710866660
9833335005
8655084441
9076022929
2261576666
7021215011
9930851003
9823348071
9136090860
9137676393
9324296996
7022002111
9594851861
7252006226
9987394444
7777060122
9595994595
9822056172
8803444747
9518757671
8275006530
9511371786
8754559470
9049877778
8087877652
9970983237
9579777700
8071912394
8265088930
9970340511
7420071088
9022395345
8600950603
9834564002
8802666313
9422654681
9850092258
9890796619
9356398971
9595440062
9923844441
9322945114
9175770999
8048969592
9960063147
9890923153
9370393249
8888209365
8668260710
7719069663
9028965441
9022663728
9860985946
9172837050
8408047929
8275947633
9359247797
7020766411
9730947737
8421550944
7888164546
7719833811
9665512646
7972904120
9403949551
2452221234
7758998910
8976142389
8425826732
9321465816
8796309328
9370888214
8976637902
9976742742
8108540667
9220247494
9323114071
9822207761
8850925096
9987149518
9158270033
9167944125
9702532525
9960539601
9082499473
9113596553
9870333365
7977256757
9920399335
7447744850
9320355059
7506077889
7039649101
7666140044
9967800448
6386714565
8976649940
9594301110
8490913278
9892557337
9326523558
8779154053
8080380103
7506775358
7506237290
8898656565
9167731415
9029808029
9137399903
7021813701
7021078851
9373026670
9930370516
9767663628
7045155889
7715846733
8983223850
9819749360
8796477600
9867744094
9702112110
8069828003
9892731390
9323979523
9004004725
7777065559
9819025335
8268233727
9167288346
9987148259
9892457487
8850807467
7021274522
9967411111
9372745903
7977874478
9819158925
9920195762
7977606338
9321839226
8037150143
9022512345
8071370553
9004990070
9930894841
9867511718
7400001608
2225689090
8169232234
9323956633
9321017024
9930662424
8448493359
8828820800
9137950624
9922382427
9326237070
8822771111
9860305699
9657221010
7775976068
9860645301
7350709696
9762818462
9130596656
7588622644
7045253649
9967243117
7208869923
8169233945
7506760864
9920084940
9820109325
9820413111
8879159569
2266933344
7021408014
9664862525
2266164653
9833187127
9136188386
9833981708
8591256803
2226825735
9869470357
9167899507
8009005675
9321713778
9136192636
7045452013
9892418897
7498658096
8079055342
9082063238
2223775223
9820060827
7208869906
9029441441
9321858585
8484820233
8108437075
9619153987
9920675528
2249394999
9372926858
8879495736
8291000991
9867123756
9076253999
7860127867
9222123182
9881164873
9122882288
2223517632
8097160889
8169798688
8082760605
7218122696
2226230303
9270093072
9975231483
9423002810
8856089210
7030028864
9172394848
8898761799
7066842951
7506938593
9867729201
9370557430
7208770849
7972294231
9270959845
8149679628
7028399186
9860899129
9209302403
9370639712
9170661545
9699425433
9892784967
8369858698
8329393245
9850283565
9004565253
7021403271
7276827215
9326877637
7776881905
9820695168
8180907444
2512314073
8010831607
9529562300
8483968879
7770009417
9325226548
9323072780
9920861321
8419957189
9323919145
8055858134
9356312998
7517612345
9004889930
9819715823
9860102241
8291887232
9607001950
8655912163
7208155145
8669044905
9284127305
2452222248
7057777289
9527916590
7776838028
7378692212
7385077575
9552255832
9890646383
9423143898
7993538210
9923177552
7822933737
9422877490
7066385296
8805935042
9518960156
8007764492
9960161232
9422176109
9890207797
8600947135
9422924922
9599087715
8484904646
8071729853
9822261109
9730568810
8149100250
9422177342
9158885888
8855079221
7350390991
9404186665
9422663066
9326342342
9860828191
8379992828
9970333347
9623837777
8766835354
8605051078
8007297096
9028988977
9881442065
9423488000
7864970786
9823634343
9850386537
8805111006
8108105652
7030034687
8551858927
7038017777
9322594179
9860607422
9623583796
8830161384
8071326821
9527176364
9890000864
7350236262
9850006919
8459757382
9970372286
2112224283
9423579313
9920540120
7588072436
8069351781
8069753003
9860546563
9822751654
9881020395
9637671111
9890931127
8668997500
9096720408
8855915591
7719866111
7758887758
9325673862
9890111488
9765747171
8448493247
7875314247
7809094242
7770073113
8040138113
8803870870
9606045070
9823737445
9552809409
7249779104
7768951010
9175393555
7020616950
9619248382
9767210044
9890301359
9822970041
9370726441
9767110786
8928803009
8983328662
9930999276
7718936669
8830472611
7769890666
9065653997
9049424292
7888099936
8554973761
9011686275
9529213943
8552992168
8796240383
7755908640
8488833888
9930560499
9175888745
9665566227
7028503107
7219688466
8433503718
9527761510
9766584423
7276720991
8459208552
9657703649
9860110566
9930528370
8108395514
7798870007
9762777543
8080669737
9823825751
9960136786
8002109480
7721021934
7977724576
8551951010
8657059494
7709545747
9773852566
7021613472
8286143497
9594307117
8286666251
9029014555
8169503278
9987144494
9518378349
9766178718
7020574448
9960699144
9595598969
8888347340
8446101320
9923592786
9673149546
9850552347
7507078181
8975682825
7769979126
7887696936
8956531787
9096967143
9011136436
9403553002
8149856585
9730696459
9146775775
9273333365
9823486101
9615157070
9850107891
9403928025
9260066008
9371957042
9860863075
9561347657
9423691218
9850953841
9579191062
9665185117
9930066489
8796175050
9421307440
7517361298
9503599497
9028368679
9529001054
7410781541
8751977977
8689943093
9021861326
2462249635
8446362890
8850515076
8793175214
9822388864
7028473042
9075433092
9525597187
8080633607
7715819373
9920377299
9664879791
6269120500
8450925026
9004128384
9167862635
8652493822
9769602377
9833273757
9920449964
9920064464
9167003018
2226554021
9664246950
7977700877
9967312376
8766993297
9325508980
7030073737
9944494481
9890008056
9356136314
8878886111
2261701487
7081611806
9082823871
9619597228
9136869536
9029777729
9987404141
7282923262
7021906735
7045093183
9892005080
9321201919
9619233265
9867967927
7796274270
9594455350
8355827622
9004738444
9769801078
9833094002
9619524029
8104334768
7728003402
7977010443
9022225533
8003006949
9673218344
9881390851
9422175890
7385493218
7679101010
9763023524
9527215737
9120455551
9307396974
9373259364
9168009944
9119492999
8390689986
9422746408
7410157054
9226262622
9689963284
9730732430
8044939095
9422070330
9168349000
8767330261
9405409673
7209950909
7050503850
7720804222
7517513044
9284996060
9011632222
9518389513
9921860869
8045475635
9604807864
8070319898
9403747516
9420694489
8329412005
9422070070
8888426595
9809555570
9921634407
9767597411
8378000788
9657580000
9834541550
9527402098
9422465899
7030922222
7775865558
9867420840
9890214191
9158447806
8010609008
9637720786
9370721905
8668457203
9588485576
9637188299
9923940414
9767217473
9850279303
9689795212
9270051452
9860602024
8830386514
7350418267
8007830044
9765712642
7875746657
9922339304
9370721517
8550909996
8767395677
8796963278
9764333903
9673671166
9765454666
9923497890
8698583269
9657193913
7385595581
9588668049
9689637773
7709994969
9028603771
8767076530
9325295552
7378346548
9325753233
9011466360
7378578844
7588624110
7447859277
8291290063
9923311894
9140615297
7507098415
9890713351
9892306607
7400070004
9702609623
8169048815
9324637522
8082239700
7718039839
8291705588
8779505809
9137734167
8369620363
8335890582
8097022463
9167667326
8828648228
8369498657
9930419055
9833697231
7249412739
9920853999
9819195340
7045019064
9967270587
8898803761
9321323839
9920169937
8104013133
8591798371
9769705041
8976134953
9867213721
7718847187
7700975067
8044953386
7718836492
9987274316
9869148078
7400422071
2228041326
9324765876
9920370787
9619757765
9220824202
9930511222
8002662990
9819418272
8507905930
7304739448
9819550304
9930303200
9637009624
9356934088
7507828457
8898999719
8452852600
8356870351
8411011179
9370179000
9762822746
9422558575
9822851122
9588619162
8149436729
6746745862
9503393364
7798914636
8308335566
7972763539
9623473812
9970111528
9923727270
9370204572
7276860083
9503396572
8788108894
8600795949
9960873873
9503646192
9833487489
9764258786
8329558104
9673276542
9271762245
9890888269
9890670916
9822607802
7756041448
9225929394
7972412201
7276121294
9822558006
8446797470
8007740090
8454010084
9371487157
8793292776
8698093624
9890078752
9270889888
9270747978
9420226331
9595155177
7798854545
9820181265
7878870000
9769221515
8655451684
9663123457
9867393805
8692045796
2228551831
8850646345
9820867674
8286971374
9819276782
9076017643
8051627057
9619526655
9004002273
9819946112
9594259224
9987058421
7400099984
9006499957
9372583316
9341789603
9833379648
9594888007
9076322551
9653261522
9819684787
9665893777
9594776050
9172165404
9702855778
9867301601
9987050065
8451857790
8451045143
8422922460
9021245483
8422922406
9892036201
9322005011
9619339910
8011959930
8169068911
9820426582
2226355822
7400147000
9223261851
9820790066
7208935959
8806998656
8976826435
8104658357
9167073963
7400076677
9970575935
8828476719
9029668981
9930740226
9146979879
9833720730
8082461919
9987126380
9136215403
8976907974
8976957305
8433889020
7900021212
9920702224
9967788567
9867219779
9326509946
9820199006
9323988902
8828753153
9324563927
9821503804
9594196019
9004538899
8655555245
9082632295
8850019971
9821504002
7045078800
7977097373
9320801666
8655334818
8850523828
8976180617
9923679707
8055547996
9822240509
7122548710
9096869191
7350005315
9429481583
9326088915
7678630360
7620397564
8652729472
9028444778
9665765996
9960555547
7420908968
9146621899
9850207562
9421360511
9834212795
8669278903
8956473858
9422070720
9922322786
9527619594
9422295263
9595569897
9657932365
8668556838
9511455555
8208287387
8983454646
7219333009
9325987067
9422931672
9858959555
9613965454
7756904030
7385946463
8308063024
8275941658
8857042332
9764399292
8275270588
9067811414
8208219842
9028707151
8062915574
9225390000
9850642805
9096989012
8686868581
9823434394
9422240647
8275942263
9011416842
8668202366
9921186608
9766645545
9921265166
9819291406
9260600200
9515565593
7744007250
8668425203
7710942993
9860346111
9021105375
7709052220
9975234345
8169063703
9503861223
9309246946
9028637709
8446693936
8329994841
9028604299
7972172729
7066552213
7021292319
9371481820
9323660156
9960930919
9209104645
9167189244
7276134555
8446130444
7387038830
8308717954
7447876888
6202933876
7796012813
9028953984
8037016664
7387092123
6202699197
9881271709
9137393059
9930604580
8999091898
9960702582
9004205975
7709476667
9324286004
8067518018
9156324982
9322257224
9921200711
8390486063
9623171731
9112274994
9096373002
8390530706
8484853153
9892222669
9699528451
2226232160
8652452866
8779074988
9699696997
8291531953
2226370754
2228246835
8898202427
9892383580
9653145134
9222213191
9920679736
8591676653
9769765599
9867750786
8037759736
7978479345
9920319191
9321155572
2267021345
9870487317
9819676666
2226317810
9797316017
2226323486
2226379836
2226782222
9819992898
2240111511
2226240099
9920190733
9819610984
9152000120
9920092010
7738417417
9869577756
9867761110
9930583848
9167617055
7045350893
9879232854
7726029843
9833649452
9833027565
9152933553
7506263553
9619814208
8600524609
9552009444
9921888865
7030505650
9156614111
9403447681
9226539789
9823234418
8766989662
8308600850
7020340756
8087062668
9021277154
2402980505
7028785851
7840997653
8668312436
9595822825
9325224228
9420224225
9724343299
8668557554
7020646455
8459209602
9158856464
7021148306
9422215123
9923695225
7972256207
7769037541
2482230126
9404694497
7020614527
8055801116
7020523100
7447518111
9049706111
9960757777
9850831773
9967818273
9049588302
2482258151
9730000019
9860883377
8956267315
9049047090
9822958857
7391044094
8805947411
9823193790
7028998080
2482220133
9421669900
9970893757
9890075871
7205889888
9503919355
8247402306
8308200027
9665005604
8956450628
9867060242
9922968158
8149675363
9322728371
9371575500
9561940900
9604137835
7756071294
9325134546
8788260903
8975219920
8446025989
9422096149
9762437864
7350812726
8806230069
8378959263
8446885920
7038435459
9011758396
9923388823
8446122602
9423382423
9271614615
9730381822
9423383368
9860458800
8208563349
9420392566
9226893551
9028628395
8087440587
8767848093
9028737611
9011454295
9130016858
9403271110
8652613697
9604958702
8149737381
8421972856
9922096179
8624873035
8879861122
9323443639
2261636464
8369684720
9833235765
9820011051
9372136079
9076269344
8880827000
8828142823
9987533199
9870100308
9324684856
9769255767
9321676050
9321940672
8080464469
9619404019
9869089197
9137377337
9869177884
9015154545
8850227177
8369386828
8879388898
9607001730
9987942274
9594786713
8062914441
2246658551
9867005302
9820228042
9322725706
7494424266
9773822007
9867278878
8452057169
9867980093
8291499252
9702678055
7977495781
9819937627
9372706661
9555900059
7208678180
8828285056
9820617782
9969868460
7039092596
9967677761
7385494276
9890133350
9209241987
7038100098
7276082083
7385281461
7020626778
9049073111
9370767837
9763862139
9890978676
9422754689
9322296101
8810061006
9146620222
2402348703
9665444743
9922103728
9763937766
8956314555
9823458437
9730557559
7769904081
9890636163
7875399885
9860378756
9529872811
9403525150
7875807875
8623838476
8329480763
9096998412
7517009903
9922822247
2402613737
9422478321
7385779734
7620589047
9552458484
8446619702
9850194594
8828355961
9658744444
2402980071
9922008360
9960302200
8989868658
9119500400
8390225915
8999095412
9404940030
9404752423
9709929090
7083132154
9689471001
8007390954
9970989878
9423292355
9890889965
8806668899
8806231030
7304034389
9595015000
9004874674
2352350727
9834364484
9422577266
2352796744
9284389936
9987109990
9284389939
9988911171
8605846020
7385274759
9665319601
8484068608
8275510008
9423875103
7249272111
9324510629
9422052271
2352220778
8698578371
9421139489
9423297452
7875160171
8668628435
9822688946
9890738362
7620214527
9665949748
8983161009
8275455701
9890976878
8830239664
9619103419
8329472878
9403769054
9637322540
9172620715
9890968023
9545191000
9423719428
9325893637
7620555072
9028860437
9657277831
8308946406
9970999809
9823924093
7498394829
7999815107
9804330707
7071221818
9011962759
7020498592
9028437901
8208085071
9545117723
9860038001
9421875259
7588973111
9923759788
9371776777
7020021050
9922090309
7706063131
7620343308
2452226188
9820811156
8668352641
9579092757
9860052017
7066924160
9404073041
9860771749
8421838802
9763049959
8055501211
9607784793
8482909268
8390203960
9172817334
7588875728
8888156008
7498402692
9970407383
9421692932
8087848777
9146632000
7276565102
7718071679
7775883483
8379879787
7314501675
9209443143
8600631616
8149377726
9225443444
9309106032
8779226699
9850870526
9637851076
9359486208
2194263738
9049015416
9823764948
9260735675
9822271460
9209999167
9156016188
9273443370
7350721111
9702528936
9595609039
8087690048
8793663424
7083424955
9209208430
9322542287
9665596066
9545215582
9373711626
8007759577
9860655537
9028891706
8793753998
9172191935
9322452079
8097043192
9423379610
8378884882
9270791444
8888651839
8149642288
9028889747
9579023089
9373710369
7030869936
7020601866
8007575444
7218649150
9702666990
7758947758
9096957577
9260500400
8888810064
9309284060
9169166789
8888888614
9604422333
7744975494
8055774458
9172409888
9422706671
9860822416
7507771678
9970110828
2402476637
9922331239
9699704632
9588408912
9028044486
9403954321
8446633405
7722066378
9673494385
8805620084
9028929294
8975895540
8668279948
8149012096
9273800320
7721965908
8888550754
7420027122
9823724317
9168265636
8888792089
7588640650
8317209376
9422201931
9545533226
9168733111
9226477644
8421125763
2406603030
9970185770
9071505666
9822318885
2402480544
9975360114
9975722117
2402240160
9527071814
9819985301
8551891103
2235523954
8929430203
8850532511
8356098426
9082802531
9867116876
9769018377
7506865658
9920227105
9833593996
7208995591
7777041187
2225637313
2221636755
2225684291
8830050306
9370941461
9970725982
8530455305
9923727271
8484841779
2112244141
9975868686
9689863144
9067902322
7588032120
9689473556
2112243111
9881256039
7972480365
9665269696
9850994014
7385859963
9822864852
7972192155
9850158262
8180814005
7020030064
9803828787
7775980904
7972184015
9665371288
8432551009
9607687051
9619039696
8067518101
7499320622
9820528209
8433804889
9404564242
9820029279
9773192808
8408089747
9773712727
9422393663
8830077249
9920403031
9304432373
9657224466
9130778719
9594319922
9421263748
9619169131
7507487686
8591097958
8999615205
7887426650
7887303211
9423511115
9225138307
7066480441
7007400247
9699350979
9511812265
9405052956
9529664345
7020271473
7779998423
9503333505
9823458401
8806617189
8208111973
9403558065
9422584024
9422435174
9423666888
8074167931
2367230006
2365246264
8830580323
9422054737
9823009495
7798680481
9421262759
9158953869
8806881499
9405713923
8319430412
9860677272
2312601118
8380068989
8181009494
8551877224
7558775400
2312534444
9422417245
8080613965
9921737755
9890127360
9822089171
8956417331
7066111500
7558532993
9146502293
9156143355
8793405403
8975780833
8855055959
8055576364
8484888079
8055361741
8767556449
9373115822
2312665379
8217697769
9326967031
2312640756
9921199212
9763910201
9552776611
8421657878
9011729595
9156087986
2312540816
7058619808
9623882510
8007866735
9921212224
7385868222
9067204555
9130252727
9975828730
8668272919
7387114444
9765732828
9834538139
9040019555
9404990410
9591990204
9673321767
9405405904
7769012369
7410102789
9833270043
9922567559
2143255868
9112821999
7276793517
7588142783
7397986352
9762677601
8446015203
9322668771
7559444594
9860477552
6200885022
8169510445
8983447767
8108437556
7757845751
7741994125
8208137647
9955464030
9970642065
9334379780
8261960857
9594888931
7678002023
9930552643
9221198049
8657800800
9284606619
8062905114
8069352497
9284901214
9552382525
9423375461
8788875236
9226320116
8299887278
8767305185
9769014248
9422383285
9422029931
9271486517
8669992114
9226719505
7507336555
7218450451
8484097201
9765575853
9049911553
9923599009
9225828080
8379838746
9975920534
7057492485
9307304436
9422050155
9421681111
8698779995
9420543110
7385256215
9604663506
8484098484
9860684007
2312660887
9168720980
9860920739
7776057068
7620747374
7266883344
8885551734
7709451397
9881827798
7350414443
9175743921
8055585504
9850185825
7066235131
9850682228
9850821581
9325693895
9028784443
9561944999
9921111107
7020878366
2316689364
9422620778
9823939891
9922270929
7588482709
9765393653
9823239794
9595709599
9767533911
9132927927
9011084546
9117004500
9552743358
8149126440
7057518558
9561400400
2112222236
7942729085
6366438024
7403434445
9146466898
2112222405
9075129998
9689453329
9004878541
7875792214
9762106611
9209873700
8390836836
9764546529
8805327020
9561371136
8451985078
7414977641
8390448786
9765454111
9143457771
8380088972
9560648787
9075088311
9833330633
7263932994
9321469911
9423056797
8308737767
7972455431
9637822273
7767937077
9967826087
9552227296
7719884415
9359793927
9209076760
7378548422
7507255255
9370270401
7020968360
7378769126
9579025900
8767752752
7666472872
7745081670
9370166220
9834806643
7218886124
9960791379
7218011624
7378725070
7875742414
8087619904
9423891683
7020509588
7050928541
7387398773
7775888444
7350734358
8691944222
9637293800
9921604526
9076543300
9271584663
9921218833
9028782000
8689838041
8722300077
9822891755
9422690011
9321143082
9867990309
9850750953
9325369157
8087227781
9167253426
9359947968
9518992267
7208973033
9850601285
9923223464
9130655758
9271736527
7798969211
8080669595
9765610434
8698904383
9881366069
7875158088
8793710201
8669148608
9822046909
9270488897
9702459130
8793429055
7385208875
9923101994
8484976751
9130909995
9109956891
9175167999
9619147578
9130062161
2312555999
9552330066
9209996184
2312537517
2312685555
7410725907
7760295050
9881095455
9545404232
9850260804
9325999555
2312642018
2312653376
9146469995
9096731378
9112222509
9371742472
9423041242
7798924677
9657833110
7507157007
9422424565
2312520633
9923418809
9673876280
9975232171
9423775010
7083418919
8208352850
7378733072
9579539004
9767918282
7620405959
9766482561
7875305305
9867040900
9730969999
8003119003
9881717530
8805052299
7666070949
7770085588
9325800682
9284762469
7774972755
9822478480
2355253786
9423212513
9405555606
7875201257
9511441442
8275199134
7020168919
7588481427
9975758572
8698600299
8551819569
7447397177
7588855554
2355230003
9297979288
9967053220
9672788081
9673591561
8275700878
9423855089
9784331615
9822689186
7705073594
8169199643
8448488280
9619515751
8080423080
9765415108
7249844134
9657914528
9587808608
9960811086
7083523441
7721861127
9420760103
9422436936
9423881735
9975042933
2362223584
9422055301
8848995155
7798776993
9764243655
7066500054
9545464308
9987332466
8275771636
9423321109
9112098706
9096210002
8308201133
9970062129
7620210976
9422071309
8657024604
8657913761
8669143980
9373788562
8600735222
8767852105
9766098161
8552827777
8976749101
2382242970
9867309626
8888882600
9172579814
9028649495
9421374498
8975452393
7385628469
2382243349
9420870969
8484005447
7507539192
8421676731
8390180555
9028065100
8308597089
9850688528
9708304050
9960001386
8208246628
8799855102
7666782393
9561439417
9699298443
9970407466
8007833006
9881826568
8530474258
9730714307
8007576856
7020909494
9370350189
9764870568
8655422900
7768907227
9657040004
9028390306
9822331251
9890743921
7020607110
9665148882
8856088585
8855801495
7558599586
9420488764
9823678116
9075588111
9522877788
9697987543
8956488129
9607970291
8668299475
2172749602
9921052222
9423337304
9579796040
9284902907
9850616372
8208593293
7588796205
8623820285
9595696777
9822072370
9822802512
9420492375
8208581918
9763142800
9322791340
8830582782
8999099611
7770007885
9028583069
9730312202
9373080109
9119533519
9921474666
9422522953
7219444044
9689017666
9175542108
8625902702
9834065825
7020251128
9922999908
9822080123
9226420715
9270560456
9270341424
9765436006
8007863642
8830742192
8983541436
8888546395
9209735046
7770095616
8625000764
7875066214
9545660505
7350451303
2141226675
7887511337
8454979759
9657864787
9156841006
7775844457
9930599664
8378990322
9594820354
7798738396
8071326987
7755940688
8709307840
9619947956
8097920143
9028482693
7314501597
8068933151
8286706525
9527409137
8068932518
9527048823
9665839706
7350591888
7841834480
8793290636
8037394899
9850533887
7972803728
9011736482
9022164694
9096100061
9373755555
8071370507
9657561810
9975758253
9819614673
9356033910
8806655855
9607692999
9321140475
8061873747
1246201217
9689788800
9359605144
9890838950
8421797836
8097985101
8551805643
7045351070
9890848355
9049891581
9822610333
8888705556
8956723345
9820039515
9850109555
9637623025
7718016800
2225250303
9892352498
8169615400
8981812916
9067147385
9762218526
9665538405
8805646803
9637741558
9822349681
8793566696
8055040202
9273600587
9820371381
9920558601
9870900421
8433754040
9004096648
8494888888
7738397750
8291305959
9890552654
7249034452
9011864517
2194232231
9405850257
8928297563
9607217730
2173590591
8999694243
9175659175
9960974430
8530373797
9112012033
9860036977
9158433382
9881629290
9112306000
9096733445
9595844100
8999557011
7058450435
9637891318
8830000417
9423485354
9326959326
9545406070
9823191848
9561272732
9168710783
9021150281
9552092014
9096828282
7887323311
9960085143
8975633633
8883921008
9823556693
8208447762
9373231516
9028282152
9503089555
7249448755
9359044205
9545279787
9175522229
7887964271
7775887733
8275616151
8975743938
8698004592
8999887636
9595271316
9110818768
9422408650
9890289005
9422434348
9975244919
2250647372
9273142418
9921381813
9637777218
9423833725
8888155239
7038043471
9422994628
8275842682
8412898197
9619581234
9422434099
7875054897
9405569443
9422434122
9049979986
9823275375
9420230878
9370984571
9975558125
9765577118
2363271694
9307290812
9923787891
9764313179
9921058878
7066099077
9822672240
2363273625
8554046357
8071406918
2363274080
9922052711
9422054594
9765917173
9890716539
9307876950
9764593506
7028563052
8208057417
8080244188
9422431913
9420204647
8554054715
8237777186
9404448008
9765395944
9423547959
9579923334
2332970081
8010157651
9867008432
9970168222
8888779419
9923504382
8424050177
8975898942
9097190974
9404416409
8983952285
9021346396
8788802405
7719964777
9823526143
8625826325
9370360485
8002676606
7030362689
9637362226
2332323243
9820023863
9763943355
9823789362
9150041004
9638711225
9921625625
8446484427
9527562727
9766046478
7499093032
7774034419
9028438346
9423869230
9595601348
9325354545
9860556052
2332222211
7028318571
9076419869
8623023666
9270268309
9370444623
9168194613
8380906581
9372909099
7030962871
9075222610
9834294752
9923918382
9371712002
9076919177
9822520937
8237321443
9420016622
7499732922
8879148129
9923515997
9860589986
9421149095
9420293799
7767804427
9284333958
9422434371
9930262996
9422436407
7378519510
9158494786
9404944031
9869937210
9881149629
9820804444
9822548547
8828823313
8459969866
9284517539
9822080628
9921795250
8888011114
9270768856
9422094074
9070903090
9665106400
9970391697
9860995844
9823101622
9022514924
9881816364
9822054788
8380847223
9860187496
9892479898
7770020498
8239729223
9079871966
7776814745
9372211263
8806683232
9421254278
9823212170
7038866615
9067016110
7276504460
7720974724
9226880818
9930663656
7058387884
9270609797
2248962265
7517738648
9970899683
8433539367
8793829856
9423383374
9665954288
7447337676
9373154034
8097730507
9673169315
9930973001
8446500304
8850116949
8767230496
9850751203
8693049555
2227815207
9324711010
9552817798
9762538633
7276499800
8432254111
9028082501
8698877666
8369958767
7788818882
9623036544
7385192091
9764212178
9270292665
8237779393
2224398311
9270715252
9763186569
8983891617
9270733514
8097560130
9821719014
9892563569
9869637746
8450940016
9370620250
8087366798
9975785616
9822029088
9423956738
9561622099
9405970002
7977400899
9604691878
9172616997
9422436312
7507426080
9860153199
9422803789
8805688666
9421148616
9158370206
9822441247
9423805546
7387011657
9422055331
9423304117
7030181641
9405852233
9422633522
7738709194
8806464913
9404164443
7507969620
9922669903
9422906688
7588150036
8275667291
8390239572
8805680160
9421316612
9404749921
7030307186
9421261212
9423303326
7218912013
9422155591
9960656569
9325988287
9421235333
7350296669
8208532255
7038529991
9284388643
9960806761
9767748517
9764236263
9545724144
7977691532
7030080919
9049147299
8107475813
8390171911
8855866088
8097306903
8551938331
9226441155
8169495206
8390446567
7875338899
7066366197
9373998612
8369487644
7620947331
9284695480
9595530599
9404812115
9423379330
9284167507
9270113537
9561132991
7448261245
8554913272
9321880947
9545037168
9850876755
7588653786
8983694652
9653244858
7387499599
9850156615
9960653555
7276164545
9819349095
8007314666
1800225225
9096988806
9272002369
8828284777
8976661798
8600188438
2194234766
9511223032
7276302888
8100101234
9420646999
9422096108
7276047629
8378897111
8380032300
8329372608
8369236057
9822584154
1143239200
8828103531
7499731779
8805111202
9967857945
8828980110
7719066333
7249894160
8779618387
9049035007
9623648916
8446454368
9967645939
7977769170
9270794002
9764557050
9850183831
9324272535
8275119744
9987033326
9823873484
7030677466
2141223222
7276862000
8087275685
9833507991
8983526989
8262854006
7378811122
9172591612
7073531505
8983269980
7798734555
7276762611
9137168424
7770060300
9860658448
9723616588
8149953702
8805022728
9167967927
9545788441
9921554140
9158317825
7447785392
8975939341
7517523419
9404446340
9730095259
9028956515
9420882774
8071326782
9422435264
8329636548
8421464516
9834159167
8308963637
9730676047
9637720549
9423085670
9673563109
9422648673
7942727832
9890002684
6744034596
9881660694
9423511543
9967607028
9699980564
9403398458
9423026962
9146035453
9422434816
8037394898
9049927226
9423020475
8888777780
9823473590
9763114991
9421269725
9422065248
9158040583
8275631579
9764502875
7841871793
9404940823
7507618417
8208105593
9822660166
9730739655
9923618152
9403145924
9421110370
7741974122
9819179766
9405885209
9422594999
8356877413
9969266583
8975415666
9359980161
9960527528
9890209628
9224589304
9673199913
9922275292
8149506321
8149134141
8087373790
9970532933
8605250567
8956190777
8828889191
8046330634
8037394903
9271924777
9970036834
9527731803
8379940367
8446041355
7020510295
9619232928
9967120498
8237592928
7777044868
8976072620
8097645700
8451920995
8928836738
2148204064
7378698866
8149679293
9226930672
8169487171
9011572787
9833622567
9137823601
8511040467
7263889919
8601525258
9822665723
9921771818
9919596479
9011777111
7378891799
9922775577
9270702313
9890804868
7972997760
9923031111
9921750012
9730929247
8668748140
9209663420
7972760082
9657040028
8087846253
8999697639
9322148473
9552635980
8087971597
9767730015
9511957383
7066763766
8421029231
9763672293
9359966871
8087285565
7972194962
9604811482
7020659567
9921067770
9767215555
9423263121
9960717111
9021228669
7071728775
8308384838
9421180686
8149183763
9130090345
8411066897
9146524524
7350847733
7038004800
9970333326
9225141515
2412417306
2412778797
8308026810
9146040813
9881119813
9371010541
9623184624
8999048865
8888860461
7276222221
7722022751
7775939941
7030577198
2362223162
9890007444
9702582469
9404395998
9970857810
9545094343
7057110666
9503834400
9421145184
2363272007
9011743679
9561170826
9421549330
9422055014
9890670262
8007641622
7066144555
9421239393
9107077222
8983511905
2363274253
8888919376
7507266814
8275072999
9405496776
9923818019
8552032598
8104965151
9421148440
9421979376
8008696229
9881234047
9158758759
2363299566
8108179999
9049883939
9699266057
9420878691
8390958174
9404747779
9420276269
9359045351
9422435240
7775989004
9421235550
2362222717
9422373892
9209304763
9371596979
9209165893
9518351459
7977939446
9820933583
9834928830
9423377924
7045744744
9167118012
2192274287
9105940680
9673222845
9823509994
9970537417
9422431112
9422433975
9730812452
9028477482
9270155515
9921688939
8446613005
8698869339
9822909857
9834544107
8149457599
9289922349
9011808952
8007570099
8552992953
8208811048
9028776680
8975836500
8177930565
9822156026
7721964931
9890606025
9422589844
9665135214
8888318585
9579801314
8482866501
9699098688
7977875654
7767881717
8237178044
9987664419
8600385003
8888595313
9970057241
9822164130
9405010832
9405542496
9209723010
7709627806
9970755029
8180910005
7208746949
9270861441
9130543326
9764209977
8803335555
8308388884
9762856158
7420090903
9545707141
7721033389
9422223182
9011675555
9272711330
8999779445
9850587116
8149490282
8788993545
8400647474
9421588789
8237360363
9960936333
9423793012
9923389099
9422738901
8999221043
9307072635
9834622346
2412345669
2412345667
9623909065
8329567252
7028810111
9860224557
9552626666
9130003003
9822294670
9890116951
7066669009
8062463665
8999161626
8149078149
9422343525
7769830030
8408849484
9422341674
9403738822
9763833066
9561020601
9011459341
7744097077
8669966969
2412430341
8855000656
9890144732
7385599925
8421336037
8070300300
7588894090
9065186565
8805309777
9422566287
7276589078
8408920869
1800222725
7776985860
8071326988
9822123264
9423047609
9552055933
8390885886
9096777607
8446682143
8390062325
7030353675
8390944938
9422376515
8381031040
9146880843
9234023487
6203449396
9960324873
9096840680
9577451555
8062646634
9552221966
9309547030
9730491150
9423047569
8149372734
7447599921
8975990909
9545889907
9765788545
9422595105
9325053262
8108361789
8037726296
8983759970
7744042567
9146035430
9822158525
9822095252
8291281432
9422382280
7499901285
9960172597
8806560613
8080543374
9765014721
9167144398
9284398576
2362222639
9421263626
9823683094
9823616665
9819597579
9040209030
8291138318
7447350505
9922414405
9689454647
7588865588
8879575709
9766975579
7972487310
9769946484
9372488842
7720014197
9623728857
9637992366
2114270272
8237622697
9673178251
9764989685
9284543100
9970408865
9623087867
8237205286
9673765293
9637483567
8888871815
7218009008
9890670505
7057222682
9881193784
9322620496
9226890969
9762187449
9890352412
9142375129
9049148200
9960193939
9834992033
7249362681
9011860057
9886212212
9881020783
8551882929
8668727709
8805393527
9967358900
9823232342
9561981820
9175888081
8962628080
8087755646
9405569700
9370661975
8180967164
8055555043
9405101356
8793008889
9822048105
9970642213
7020282847
9284949516
9028550527
9168696940
2572229701
7028179795
9850845999
7030018900
7276256816
8605018147
9370625508
2572229378
7387039041
9623229899
9022858763
9595113033
9822790257
9595241622
9372954491
9284858018
9028822588
9422223824
2572233547
9850115582
7000204175
9403097060
8600666602
9922143631
8378880465
9890802028
9403506989
7768054920
9860111342
9730991100
7875199999
9552553892
9284941560
7798104499
8010192473
7770050707
8446505165
7083532602
9326448687
8071406518
9146151429
9421704602
9422436230
9403947757
9404918922
9404748705
9420064214
8010055452
9325141373
8080318393
8888052284
9892819277
9422379570
9922175484
9370718131
9970619838
2362221485
9545898989
9529902819
9890450904
9423302891
8888259214
8888326606
2355261676
9403986922
8007142114
7276062747
9764626623
8087706030
9890870076
8237512561
7756957834
8788685929
8625001882
8421734979
7875665566
7758900406
8112122323
2355261646
7083362644
8421335467
9273546054
2355256468
9881301859
8087871677
7291812242
8806818844
9075300051
9029810763
9004193357
8459536437
9405872533
2572222056
9422283890
9890126127
8007777799
9422773040
8793153184
2572210075
9158517061
9404050836
8928111119
7057446409
8793005511
9823026321
2572234612
8459873944
7276327026
9822781111
9270524151
9142616112
9923334143
2572262189
9850104303
8888721000
8208505079
7875577135
9130753666
7355108325
9607084261
9422456081
9822495793
9518508981
9763588397
8208252427
8208815552
7276706331
8806301500
9823408200
8605875107
9823087232
9423977887
8407070741
7030370370
8766917788
7719909709
8625908504
9545652385
9529183796
9860614857
7498316651
2572233192
7387457771
8888587806
2572263322
9371656999
9423187498
8007380051
9359451272
9284711170
9504277770
9822308497
8329894273
9326388184
9423978887
9031637171
8668656495
9370227006
9766583559
8830266044
9881264242
9823941717
9322427877
8317206248
9604097896
9422311993
9922207855
9860718005
7517550600
9657997755
9763021041
8698600990
9803785785
8062915606
9130359911
9922969000
9689199991
9422519040
9822198929
2112229572
9396969674
9112498600
9413831992
8600079827
7350110203
8422021057
2112243686
9136283091
2112244262
9404485566
9921249653
9029601007
8976009790
8976559075
9869089747
8097307495
9321150333
9820613238
9769939397
8879000127
9821434445
9870004341
7021294282
2221649720
2266084800
2225650002
8850947903
2225932703
9833567890
7506160606
2221637041
9321126331
9689162455
9765837777
9422434701
7620233872
9518550261
8432403585
9421573131
8999801380
7039604851
9823905072
9422584689
9850560613
9920912015
9822229600
9422629432
9356160226
9561696962
8177838300
9900806559
9421239017
8411869266
9766067700
9373090239
8080925884
2366262282
9420259666
7059676767
9421265593
7350480627
7410006037
9619121246
7798804050
9373093353
9727776328
9270030754
9421509400
9545117531
9860205693
7208282984
9422431825
8208007570
9689576876
8600875326
9226781290
7498946877
8624018431
9130962561
9970080175
8806279999
9028705222
7666572257
7276645758
9270178888
9422285035
9766131833
9359003572
9783472931
9922089908
7757818450
9822445299
8275050082
9511200550
2562235888
7218266555
9970842140
9403197999
9403845101
2562283566
9404558984
9673755355
9422755677
9823178325
8888387918
9423494422
9503198888
9284867048
2562288890
9423916151
7057878543
9421531598
9096001600
9822608787
9404184698
9967325043
7020769845
9423509999
9923879114
9420603726
8805165551
9370119191
8379821393
9881654043
8669031616
9765901313
8484842007
9421269233
8855925786
7972162101
7719022777
2562350364
9422464310
7666067879
7385387095
9359435244
9423293048
9422054444
7057888579
8591032781
8600058800
9922089990
7755982132
8459842932
9158160338
8956584624
8237960809
9422377042
9423290170
9764019713
9322203373
9960996005
9527275008
7767862585
8600058777
9702706555
7558336603
9028748362
9579186800
8329719592
9082721795
8208728092
7722090512
9529146065
8793332890
8071326822
9594820344
7272855050
8291298501
9130978111
9038793868
8007972872
9403934258
9511607470
8600058557
7979977885
8600129616
7385855666
7796173237
9975855134
7263020302
6202107038
9820531777
9820169669
9819128466
9892211916
8001233690
9320687584
2230643065
9867644208
7016464512
9723791721
8450942512
9136197717
9820089269
8433801472
7666658664
9702887732
9867473447
7873739898
9112099155
2225683916
2225674795
2225694446
2225692274
2267260100
9167995779
9769990955
9819179930
9821993101
9619615508
2225900043
9892330440
7984333130
2244501080
9630879788
9324655531
2225918047
9820088337
9821455360
9833639763
9768215322
9930866851
9028492993
9930456575
6126720103
9372586338
9773686970
9967472654
9322830401
2225623159
9022401182
9922526378
9421263010
8390341414
9960503560
7719031098
7020534586
7522906262
9860448778
7276446749
9270539590
8380912777
8600966111
2355252333
9022351500
9272457679
9423833639
9869525374
9022948771
8433715689
9420305066
9420631063
9820444497
8591832005
9420191505
8329515141
9820218269
9309964851
9403630450
9422127666
9423320012
9067952167
9145043029
9004991919
9637968876
7083763158
9764769100
7768892781
9664229098
9423300022
9067867787
2362228222
9970457062
7385387709
8237133878
8975588989
9021647881
9860733000
7083933881
8121007138
8830144858
7387845544
9822656638
9422288736
8329523022
7020359255
8265061369
7219104746
8806082615
9850562923
7882982134
7798323262
7709037221
7020092493
9527504499
7020038943
9422707344
8999435882
7841082370
9422376215
9420602677
9921880800
9422506648
8999254806
9421933179
9421429701
8956042229
9423842876
9960658476
9923124606
8637789833
9423517411
9359744944
9146882841
8421372099
7743936883
9730877975
8928927992
9226938252
7218550408
9306579157
7567565655
7387030901
9096502200
7588460622
9168102822
8888501920
8806773143
8623007342
9405059080
8830456136
7567565676
9167102084
9833090440
9768517600
9820310134
9820967321
9987625881
9667046528
8082701247
9867339967
9867577600
7977009021
9324454414
9004669299
9029047700
7400484916
9320043333
9892021827
8652255385
8692066664
9619091025
9819175046
9323295339
9082596076
7021979336
2267564849
9223225837
8419912166
7045125535
9821430845
8291232225
8080933666
2225613136
9820091122
2225612727
2225615356
9607510057
2225912468
9820070344
9820048891
9773759237
8425871567
9820482222
8369093979
9833220013
9920680071
9820045933
9892647689
9137882148
9221439014
9987756353
7666479541
7038345544
8200279344
6744034537
8766854564
9422973873
9422052584
9561728612
8421801001
8698108786
8830567547
7498306095
8668365407
7276709369
8888096969
8507887788
7745042718
8779274525
7783818185
9423855679
7942727767
9146035442
9420525784
7798723215
2352222395
8888747149
8381025554
9921947866
8055259455
8483037079
7276633777
7020543969
8623808989
9172908113
9822165165
9860228048
8001024141
9309817905
9146035447
7058201140
8071649534
8888052266
9270030441
9309292060
9421630377
8411000065
9422219092
8830091144
9158000273
9890818886
9209288983
8975412797
7719890777
9518542065
9552593359
9209414199
7414942724
9545998818
9167911438
9960504087
8669161732
8087238736
9970057011
8830335350
8600164006
9422430768
8888310009
9527482234
8422926232
9067573949
9309401063
9403145145
9028284919
7755926768
9860041088
2224371932
9923430118
8888679888
7977405169
9922208209
8530836524
7447452486
9130441552
9822581565
7058833891
9421231221
9356350815
9511861701
9860021449
8087304857
9834926225
7972570226
8329961633
2352222345
9420739111
7276973838
7218669555
7066752566
8329494033
9850220121
9099049902
9850222554
7875140020
9820194725
8657355735
9076106616
8830851891
9145234520
9890607828
9405757896
8080089944
7517774243
7262839919
9422579782
8805242442
7709672374
9372544397
9527088832
7710999666
9823331100
7038148883
7083656595
7020257442
9404008407
9689233880
8378932535
9657151155
9822351061
9427256789
9168832880
9823666697
7600085353
9371840988
8956384967
9518327078
2240476606
6350027366
8275951899
8805678994
7020257655
9404560344
9373465789
7219516161
9373278199
7219243333
9970083010
9307154342
9730686728
9860009991
9595600500
9420523646
9373506050
9561745991
7875010007
2267765000
9850902143
9730833378
9145553333
9763096999
9623039930
9764473246
9730278736
8408062006
9822872483
8080231729
8788169970
9545368001
8788125055
8888803034
9767854879
9175921011
9049288988
9607108753
8275334384
9860335925
9373190695
9289922539
2482232545
8071406785
8888801607
8380883777
9422215455
8507076666
7058744492
9765215060
2482220968
2482232200
9511898900
9166054651
9422226282
7057779111
7020399016
8888629946
9923825914
9422722743
7058731407
7020707050
8378029884
9405812513
8180853726
8600638142
7875576459
9422216685
8055022251
9356400050
9422218239
2246026038
9029291424
8369132945
9619615898
9152947571
7506326030
9820001698
9867311527
9820533939
7710008968
9029115111
2268630631
2226774100
2242505555
2266940198
2226305577
2226360430
9322652007
9833449192
2226396504
8850457737
9920326733
9920300187
9920224484
9619959684
2261900000
2265300100
9967397798
2267191000
7506033900
8879861456
9869085153
9929855666
9699288288
9930741049
8872998517
9819936779
2226047810
9136153537
2226324764
8889696048
2249638756
9869397424
2226390392
2226334908
2242310812
9820038670
7447759977
9823113007
8459917587
9373167228
9158517551
7620658763
8788065816
7755988555
7387852615
8411900926
7709136979
9112000374
8767915520
9404606539
9890029383
8830276702
9284050266
7822975538
9766665687
8983454813
7385630067
8600748633
9552599951
9823607753
8767742217
9420077708
9359518366
9922404768
7058900363
9503456532
9371130152
7212510374
9579994370
9637331062
7391822233
9373919595
8956540494
9545540536
7709081180
9834654788
9420531323
9225704888
9270426665
7212567575
7212552277
9405335375
8149122640
9822446566
9923911111
9420715564
8956540495
8600550089
7212522111
8956540491
9923333670
8888327703
7972426727
9420844255
9552046442
9822485533
9272439974
9152220500
9423291616
9423291129
9833901488
8062914182
8626001111
8888392222
9405948309
8149396012
9075070954
9763369995
9545518172
9421925408
9172049090
9511830077
7030407777
8329922171
8002333555
2482239090
2482220220
9209010005
2482236886
9518970023
2482238740
7588606177
2482244600
2482240486
2482242077
9404548709
9422226633
9372801515
7030659272
9167793740
9975726790
9422215868
9822239032
9325017354
9028843001
7172253182
9158359047
9595282424
9657799664
7711888111
9822569608
8010978534
9518744098
9403191862
7758866710
9112002110
9890017622
9373746269
9923322902
8180069165
8180959593
9028072888
7709913513
9021041038
8380008388
9325491334
9172952016
8055031045
8999766873
9422141262
9503462010
8669126344
8999016383
8888595834
8975988009
9764784620
7741838942
8530028828
9730167713
9561726802
9595109460
9960711511
9049390959
8600290020
9665114118
9860878022
9970503036
7248915373
8007817480
9309101814
9920056999
2240128969
8976292122
2240155646
9004334626
2226719429
2226316222
9821112557
2240105855
7208012491
9029000273
9768325786
8767319113
9223506662
8286624526
2249706901
8850458477
9167679782
9920029769
9136664460
2246637113
7039069533
2267259211
2226355683
9320006959
9819748501
2226836163
9967130398
9221051667
9029035444
7304687124
9833310574
9004356146
9820639698
9819045053
9820029667
9004389183
8062463387
9920057441
9819058276
7738235987
9817776776
9619824080
8097808169
9820011275
2226334334
7666902377
9867649549
9594642699
9869242415
9975349573
9823186578
8004194800
9923923333
8071326843
8530511578
9423245222
9422991717
7030504153
7942727826
9028266826
7045183862
7498481542
9823947334
9175003111
7385618164
8421392870
7045183886
9975743665
9049150786
6746745721
8069840439
8686626276
8062905452
9890183499
7875411376
8062905674
9422219333
9325708411
8068932984
6746745726
9422560691
8421715299
8007777988
8263997989
9225307637
9373177955
9371259836
7779061515
9168831317
9421660063
9130009926
8889212227
9011697041
9665176397
9270062007
8071326971
9146530132
7972223861
7020535456
9422467212
8080364755
9765115146
9356655437
8806591777
9356760180
9823104555
7721852314
9637837440
9730252323
8484887883
9420123843
9403081921
7558690192
9284882788
8484003328
7212661666
8855077598
9793979370
7775047409
8888200665
9730546688
9922410171
8999857020
8208625798
8983697614
8087980339
8552855221
9028299433
9168187854
8208248282
8888339559
9319392273
8169297632
8668405490
8668836224
8806947655
8793901756
8069028718
8669650777
8446801752
9561807475
7719075845
7030708567
9371231100
8668518463
9130011858
7212567852
8085875030
7212568962
8180820101
9869085578
8097335163
2226774649
9820358263
9619952722
2226345364
9892039097
9619952521
7678052770
9136040507
9594834786
8291900355
8452099900
9987034212
2226122801
8898622944
8010450450
9511709266
8048035247
2249769736
9372095324
9870788393
7400335394
8655518330
8976641666
9082033307
9323543434
9820006341
8169889358
9324448296
8369270450
9137050361
9322755403
9833228781
9594532426
9833656028
9324070367
9773725072
2226356866
9820760858
9821325977
9833578386
9664223463
9372469021
9833578384
9869467196
9819202426
7715092014
9324726565
9821502333
9097646565
7666061415
9823864674
9421846111
9225132133
7499972849
7666680719
9423620008
9764061111
9665571775
9421200279
9545179206
8208109886
2482233138
7507196191
9405813200
9049364450
9420218516
9623356903
9403495157
9923099555
8888611643
7250195019
9096330447
9028886932
8788557451
9168300307
7276536111
2442227171
9922454541
9552808080
9730620228
9273707070
7058044440
7450011500
8788479179
8983474846
7020692164
8830153011
9611124423
7768929242
9975475447
9851553555
7768812777
9359884040
7972576787
8446428449
8700066576
9075868000
7218800900
8855864585
8308380932
9022369065
8999527550
9359082546
7507221666
8180861217
9011691660
9923302180
9325677957
9665400499
8482843974
8806143343
7020774527
9322277249
9922446297
9970725833
8552060888
9850040596
9561050120
9623946891
9834009643
9028621715
7775943694
8149484002
9588654535
9158639654
9637314339
7972179372
7875540540
8888116651
9890960498
9744415344
8446238682
9405327690
9657225182
9422163035
7709668200
9028947610
7058890521
8805942155
7841870995
9860819951
8482844853
9922516505
9970284045
8830846608
9923176108
9370284866
9823219924
9168618642
7972580104
9552258135
7350181182
9404019005
9028288887
9522878777
8262958055
8999269666
9850163970
9594820375
7942877932
8291764316
9167208988
9420334836
8380830523
9356573575
8793935246
9096633261
9579001208
9289922343
8237300900
9588404599
9850507576
7020791170
9822536534
8329802836
9422207443
9657765922
9657618333
9028889526
9822461843
9373239620
9764516690
9881394314
7756851103
9146222722
9623481108
8888205031
8830024961
9112780322
8779612213
9324330854
9820085127
9220909095
7021451671
8828821801
2262398062
2228341261
9892744887
9324519313
7900110514
9833380424
7400001719
9222200919
9146001102
9920696030
9833010000
9930381450
7977631361
9869254948
9167260076
7710045657
7977045184
8087494808
8828385318
8291134852
9833394141
9867999830
9870394248
8767177755
9819153456
8657001136
8655555278
9136045023
7021586595
9336755172
9702741524
9588888929
9867867777
9967425786
9355004401
7208078110
7678060267
8108441114
9769528476
8104260459
7400423332
9987492363
9773450244
9967611933
8600534669
9922556471
9422938302
7083884472
8408992531
9834608707
9823384338
9657864420
9225306513
9421893331
9423787256
9421754519
8484839715
7242431340
9922332518
8999477545
8999245265
9860754607
8483933824
7887395881
9405901901
8766517653
8087398674
7775011110
8483838837
9119544780
8983749748
7030307033
8660176595
8485017575
8793135889
7620574677
7588764151
8657146546
8347978078
7410767487
9767517296
9860939031
9623448888
9890557033
9545477713
7249417219
8679513833
7821856623
7741041802
8767886118
9860314044
7798147147
8975165587
9370267024
7943442602
8004194888
9615191919
8071326745
9422243909
8291933094
9850358735
9209565656
9623236061
9763774286
9112015312
9156008400
9105565656
8975216399
9561033525
9850789111
9764399477
9421337888
9767130286
9922712424
9921012224
9273456370
9075490209
9307391944
8067519039
8062368650
8329828212
9545467244
8045871885
7314501537
9673332556
9325711887
9881910202
9370199335
9763753475
9669666688
7030555855
9698964444
7030555255
8551858281
8421218800
7020305042
9822116242
8291647120
9881130045
9890121292
9975859594
9561512150
9226853432
9096469999
9922743181
7057522555
9822633371
9309159903
7507605151
7758906644
9067506783
8044939096
8879124465
9422703814
8308444666
9673311743
9130660303
7517727647
7875547872
7030888069
8669067242
9420873777
8180006683
7888035661
7796869796
8411889999
7385041947
7776900054
8104860155
9422463885
9823351477
9860105080
8855995264
9834410202
2472229633
9922186868
9730304042
7378483484
9175325554
8002575030
8668733593
9975715058
8180077442
9423342878
8999413580
9420200052
9422496789
8668475162
9665995757
7709265480
9881408318
9921252063
8605595928
9881344770
9699991921
9322771123
9324305228
2228041151
8454903822
9136894017
8881065027
7738991769
8408831715
8080786162
8828052603
8419975555
8452829622
8828163964
9820818155
9699091111
9029457880
7710914840
8108285999
8668815290
8850585729
7208150236
9167663121
7977300494
9769638675
9820396217
9029558138
9987305568
2228192159
9004051191
8828271823
7710986101
9833491766
9769504852
9769166366
8828127228
9833164021
7774053388
9920344265
9589058905
8756017316
7066779992
8652175612
8291267988
9892218079
9820206787
8450917942
8001036664
7666404518
7304995782
9221222230
8600012104
9423820328
9764578787
7447439463
8600000527
9890282876
9561681897
9403213505
9850390239
8600425405
7350931311
7738533434
7242459405
9422160957
2268120900
9011737973
9822571745
9765805470
9545847339
8007728071
9145608880
7385853567
8408008857
8080668054
7387371264
7020583446
9130513379
9823774046
9325736754
9822925604
9970689898
9373695394
9881254411
7774900678
9922875191
9145602233
9011394888
9689884431
9284666409
9890860413
9370565739
7620435450
9422923248
9067773211
9960571316
7776046052
7498104542
9561499633
9112985506
7385038910
8975886747
9421340950
8552008588
7709199255
7020804811
9769751569
9322222333
9035363134
9922750666
9975254894
9768756072
7718953211
9869056316
9930481021
9220984464
9820787165
9820984182
9167512142
7045972955
7021977306
9867603005
9833915272
8655129426
7045090440
8451919000
9378355555
9819144139
9004119578
7208205284
9819740385
9833774436
8850778032
8048960279
9021083771
9930349107
9869862638
8689972425
7977591792
9930677201
8037405320
9820801142
8696095220
9833916175
9579359939
9096983388
7774012351
9869044475
9370251057
9321571296
9270705916
9923268743
9920742586
8459636770
7972341153
9226160174
8850701209
7620477663
9665659696
8208326847
7262818159
9028156799
8037839419
8975313334
9422269079
9731088654
9421274856
9511624023
9225144145
9822927075
9970246412
9028748429
9764673352
9922536753
9763933383
9096814014
7738080724
7020709168
9922767491
8208765009
8329679839
9289922683
9604089611
9422464774
8037014051
7507775704
9325576749
9146179258
8182835552
9527671760
7020734991
7057305101
9405160924
2266895000
8767891563
9422867588
8830537717
8421199095
8652252515
8668281290
9150792222
9284606997
9665986108
9595955047
7719919414
8999336168
9834145533
7770009351
9922579901
9923531943
9764701119
8149914378
8459945253
7666931532
8806088567
9403617437
9890953111
9422869846
7066817301
9763180567
7066133420
9309530385
9822678882
7972631436
8275199649
7770067785
7756831100
8888632999
8080883366
7035005300
9271903544
8446266556
9922447358
9890218888
7559393203
9175582582
7038889899
7774994832
9623332826
8208900017
9850300280
9511874674
9922225541
9702848859
2502336318
9987579636
9270226695
9326464140
7028036243
8985012000
9822392007
9766551591
9665244495
9820949534
8600100066
9028132525
9922944189
9762441410
8087023195
8605440022
9822499042
9116510600
9359984051
8793951838
9284088952
9769365223
7875025506
9930998063
8329903553
8983055247
9270726270
8981965500
7719877566
7397953931
7721057447
9819213747
9970804313
9545590322
7208276806
7020242902
9271566311
9579101243
9867088181
9986164900
9561376353
7276946251
7219776398
7030280018
7875289061
9209513879
9359624761
7744821844
7021923064
8208689790
9049802220
9561959797
7620231001
9768504978
9665578015
9922225227
9168406122
9822711675
9922762426
9272575603
7205797565
8856080149
8459296558
9518772861
7028205079
9422702226
9922801200
8071326858
9422464057
8999319167
8459868633
9011709885
7020659959
9920246057
7744825511
8888897861
9820286193
9422464787
9119404087
9881684794
9156167246
8067331870
9421020170
9921633043
8888535715
9767087050
8061790004
7218338171
9860441485
9665809400
9422496938
8007199998
9665977695
9850600455
8668870528
8421684300
8208675175
8421527812
8329501108
9403399307
8381055721
9881313133
9921304308
8208829496
8888019606
8329114312
9991037726
8888535361
9922227969
9673132227
2472222233
2472227444
7057509951
9028597781
9511944294
2472299496
9950233171
8329612252
7721959493
9822461120
9765650505
8605883791
8605555978
9403938715
7387137008
9420092770
2471258148
2471242281
2472224520
9405144681
2472226945
9970114588
8062914684
8149495508
8291092137
9175379695
8626072423
7775942444
9890549033
7709222292
9552998080
8149282663
8087431513
9151527527
9970778878
7058400020
9604484920
9763300892
7020381924
9689315600
9823385565
9403287106
9922587497
9579007076
7972949572
9673162845
9421394211
7350604757
9284099272
8625955055
7218808765
8668710137
7058046368
9822226428
7888250820
8888735084
9112015460
7414966360
9075220050
8378944236
8421300974
7057661802
9881220117
7030461743
9766658802
9860171386
8381006150
9370104347
8007740842
9420497208
9503385385
9527585411
9404565163
8624855026
7218186489
8208034506
9922292998
7276116015
9420024440
7028293838
9403459909
8999170703
9403826957
9423436393
8623997288
7798835678
8976024840
9022891053
9881501652
9325200936
8888778791
7744076813
7058261809
9423144724
9700997709
7506414749
9637093158
8308309324
8999883886
8483930190
7219878322
9130022200
9527630475
9604023169
7276741801
7757063099
8482952351
8308080989
9975342265
8308872265
9422538854
8408029119
8788028363
9920057769
8830888380
9822057572
9284615276
9922333777
9922648409
8788901101
9011317612
8208120785
9850356235
7378322626
9130120444
8552801166
9983353233
9991206469
9270886464
9881388255
9665116382
9356441425
9822923454
9075090161
7276301031
9130694953
9657712122
9921424080
9146696340
8329366775
7798809768
8010609540
9518543289
9960033385
9359265798
7021315352
7208761752
9137472257
9672764553
9076280326
8830099840
9326602550
7028474996
8956645631
9673533440
9549016045
9545003078
9323410049
8390741022
9922089922
9890093722
8329541262
8600117318
9004607140
9922076600
8668601361
9323811851
9326470509
9975598845
2502336366
9920925050
8668911617
9702448596
9371061882
9823498901
9920790207
8976916742
9892192542
9822707264
8007439594
9730392867
8551909845
7829807395
9923442710
9820486870
9766990037
8652876524
9011940465
9168602727
9594321111
9765736645
9004881868
7709303547
9823220777
9323175220
9665620400
9821252821
8169527936
9823391463
9175901930
7709706120
9834475145
9890034369
9881339500
8788442662
9730329066
9823245360
9322189410
9653304261
8102810281
9920081185
7738118988
7208891983
8424956171
8369816370
8369616159
9137094915
9170555738
9223216888
8549002200
9699969666
9224303026
7666068292
9819452959
7996050000
9136988455
8071178619
9594046515
9320226072
9702000507
9987879434
9702800458
8237178811
8779816654
2227451625
2227459647
7039730192
9867415171
8097456444
8412992999
7410103102
7350442923
9657859519
9623887100
9422177765
8380860818
9822224702
7378808968
9850303234
9021619172
8806075313
7507580275
9881145245
9011516171
9422178342
9730535007
7821836191
7558408788
9226565688
9764291747
7020380908
7385040222
9822431873
9453039580
9698666737
9075558888
9156114870
9923034959
9763331481
8411830243
9422176156
7020207154
9112124945
9422876325
8390324563
9730853421
9307162019
9860289347
7385839375
7796785125
9860786804
9921813152
9923331897
9175930016
7620276143
7769992999
2222633075
9403812841
8329352520
9423274400
9964917999
8087526193
7666505178
7770020001
9860267169
8087504924
9112917565
9423611541
9125109125
9623303606
7588758758
8483943783
7798580363
9422193898
9529252356
9449490222
7020571334
9271914551
9970470288
8007094592
9028237074
9764919159
9112909854
8007373214
8554096143
7030897397
9881228666
7775930325
8766708604
9307078033
8180824705
9922311243
9923577234
7020916114
9860495771
7329995888
8055988889
9403005757
9860331370
9970886575
9356420227
7517065159
7058120084
9730541508
9209945450
8180895481
8459225781
7378497969
9921582777
9850219261
9822484973
7057099532
9422654242
9552234010
9923725800
9422070702
9922786607
7942877931
9579008515
8010500734
9226312791
9240083031
8788573537
7620025803
9370456333
8071406234
7942875238
7972422619
8380015500
7507060598
8069352385
9922020411
9922418497
9423073939
7314377591
9422900005
9145151554
9422935232
9096550495
9960706954
8793530853
9923917477
9850347205
9850303243
8237496989
7219340065
7666528643
9890204455
9763813801
7942876648
7020584310
9545673219
9619086183
8421230130
9289922744
7709673806
9762427999
7666536033
9619053879
8424014810
9004651087
9029804082
8007429753
9822236347
7486800220
8446887011
8766874137
9021741540
2452223702
9823388555
7776980827
9619048940
8767219218
7499161758
9834000744
9890958045
8788010180
7028886767
9226915563
9850119809
9604163089
9604958826
9579889849
8080700057
9623385000
8007321877
8830823274
9422175401
8208530322
9890779860
9422175921
9552439055
7249242994
9860541861
7620000783
8482894995
7798510641
7768915367
7020196887
2452229900
8999850241
7387090550
2452232424
7666844343
7770001204
9763399877
8788797949
9823442982
9284899331
8087870088
8956133255
8208730047
7588750000
7218530333
9421381614
7249377533
6392906040
9834400785
9833367777
9819508260
9036186726
9819493551
9867685576
8898405544
9820826354
7020920846
9029630430
9819768089
9892074607
8080479377
9920290303
8976037717
9372466796
9619921044
8404047398
7977769961
8082821432
9619459610
8169237119
8080862106
8976604145
9322004480
9821955989
9324733183
9224352239
9820704910
9892893074
7776049712
9833942572
9119556109
8625003200
9322143000
8080801917
9850455936
9321903913
8007510717
9168546569
9011510000
9890996666
9822074422
9765657000
8652589100
9890246524
7588242400
9320906476
9423080246
2512569901
8888832104
9422877034
9822712688
9822995126
9049951201
7028547522
9289923957
8390086666
2456220912
8799805894
9049178370
8071326791
7942728562
9960949219
6206325189
7039128783
9850433294
9822720644
7038892149
8766717286
8928378318
7057381713
9921557074
9922310785
9822363897
8669704930
8999384251
7020155261
9970739235
7887884247
9421865007
8390342313
8275279904
8879520758
9822711786
9881720344
8275347373
8888268887
8087267039
9975097865
9881859878
9881208329
7875543211
8087607575
8805383419
7385286466
8999498380
9834959643
9403222509
8080975191
9850760405
9322401498
9356332992
9423851057
7620494034
9822471792
8080050496
9011149466
9822236499
7385008556
9404036613
9326841791
9764783911
7888054154
8806180222
9518796061
8379835773
7719001640
8055958119
9096193999
8888384828
9975520001
9822231923
9637773663
7720901668
7020779449
9766552589
8855967413
9371475727
7499005421
9823081424
9673347885
9421192747
7242258643
7083984350
8055501296
7242414411
8793869380
8265046633
7058986181
9881833665
8788838442
9403651111
8605332709
9763143284
9422863459
7499737507
9860024626
9766330054
9850708146
8888560449
9764252801
9209633848
9881166669
7172253474
9970602589
9309586886
9970454788
9822204053
9766171026
9823550591
7507755566
9822490016
9028212587
9392746199
8087109122
9529927863
9604477771
8001203441
9763707438
7172262333
9559557689
9146088069
7841008024
9146938768
7720040826
9404103608
9423434821
9699921169
8806667683
9373992954
9766853950
9112345647
9673613143
9529051150
8999067649
9175777773
9370320428
8830615524
9284171267
8275951939
7744844446
7744993588
9764020901
8855001299
9503802632
9403967973
9822698073
9763707439
9422891305
7391932372
7038848992
9049093933
7620698833
9763450314
9763703756
9404957212
9765997527
9422469147
7020335295
9096936176
9890075649
7447721544
9987321999
7038210003
7350975777
9623821798
9145500419
7972744656
7666132092
8421728108
8149224543
7507221521
7276282221
9890047667
9823054644
9325552530
8857047272
8446440591
9422532254
8605385814
8087410408
9860774407
2382220204
7420965159
9423654413
7028075752
8062914112
8976844246
8857050555
9309178176
8830476967
7276893952
8431982699
2382315943
8055513338
9326968817
9022406755
9527916245
9607644747
9420015351
8208228985
8554003813
9049235912
9860682610
9028082108
9923140333
9049770156
9320117356
8828145740
8600112342
8087153185
9890146425
7709305577
9359583599
7720091946
7709718364
8384858627
9371027325
9773366663
7385485885
9970634373
8879511637
9822600649
2512328881
7045327675
7757950463
9226541580
9730286688
9766059569
9322513337
9322025972
8929964243
8888422200
7777950079
9320359458
7905643082
9867211008
8600671261
7447657000
8071178642
8237159267
9420376000
9822513536
6262123786
7744858460
9324525530
9321702108
9822271032
9637845947
8862000064
9322112169
9321002100
7719911482
7776880037
8976467124
9405475754
9156701170
9960160516
9970397168
9970444232
9422411589
9619825878
9423444016
2452224244
8208844129
9529848004
9763272555
7030720352
9604238358
8275207628
9970181343
7249690290
8037013990
7942728712
9766792333
8329892525
8600239323
8600015947
9860039479
8999135110
9422877606
9823394822
9175888080
9763870142
9403233222
9890221858
9022283801
9822858177
7887963567
8067518024
8069352369
8062905356
7218287800
8055627717
8062703629
8045873685
8045871227
8062905562
9422925166
9673905773
9923784839
9673060100
9970629380
9890891276
9970787436
9960911311
9823266611
2462255301
8055603699
9890204048
9326307575
9049240381
7767848737
9763736833
9677242491
8530421961
9284197062
7522961258
9325232751
9850134545
9637361556
9890350288
8919831366
7770004270
9145004080
8779164662
8888596786
6262300031
9403914663
7887729041
7588659970
8806199034
7887313716
9823246632
9850201863
8407946464
9028252503
7350002334
8999602039
9423105545
2067275302
9890405460
2462253916
9881843070
9022118506
9767210488
7588612020
9145558305
9850686766
8625056158
9665551713
8055208186
9579645282
9823409069
9766665188
8080146766
9373948488
9922667779
9881538188
2512603761
9766569873
2512605500
9545686833
7318400150
7249090666
7798197901
7304047878
9322175100
8600737969
9004382279
7498014205
2512620090
9822616959
7972499093
7738154400
9850930920
7057566403
8855042222
9403669155
9373426850
9175852777
9960537722
7972366039
9404551555
8788201276
9623312715
9970080053
9766426759
9158047890
9890800302
9822297839
7276686750
9960241404
9260304063
9653230226
7977669833
9834593721
9860534949
9075164739
7775810693
9405278296
8766560201
9604519845
9967443792
9119573539
2382227282
8698008868
8448493244
9326266372
9423776303
8069840393
9834930016
2245301904
8069156785
9834311522
9881516572
9850638290
8669666688
8421325452
9422469287
9822318889
2382251180
9422071229
9763388447
7020007042
8888988498
9421353709
9764641564
8766778136
9922216866
9139136077
9730387302
9421991000
7020816879
7620409192
9403247849
9970277769
9359069340
9730686761
8483080336
7558628029
8999959190
7517070001
9096877700
9849033853
9921910554
9422470833
2382245671
9175415098
9922225627
8625909018
9822542063
9422658295
7666045478
9503800095
7020101102
9284539151
8291412836
9552661448
7822013058
9011228534
9850588556
7057586987
9423423110
9404319251
7507011101
7972246506
9370113351
8459074963
9970205059
9890942123
8390026287
9970733550
7666890692
8766898176
7038953144
9371471372
9225201146
7030514745
9527000066
8888415356
8999421634
9049340005
9405902728
8329190585
7020056090
8149910008
7182358738
8668385226
9764804979
9158933558
7420001008
9270702727
8007635863
9623859978
9579680300
7030415580
7821979962
9823383608
9373676536
9075599483
9765659741
7798617666
8390908899
9226415437
8602983029
7350130946
7719812903
9022968413
9518761875
8329277132
8208178903
9723449884
7758006096
9561638322
9096745498
7755931681
9822219485
9689203735
9423640796
9890758711
9146630543
9404305564
9890106058
9067434954
7184252331
7184255093
9823514900
7184252400
7718855120
9423112392
9325111776
8999284842
9226543106
9423126856
9370012206
9405875143
8208215325
8668314991
9766727832
8698565228
9834760376
9700570333
7020455711
9921470640
8866222871
8888591111
8862089897
9420343169
8999263250
9370133546
8208771547
8329821668
9545634733
9158885326
7020763186
9422657075
8856879145
7397864631
9975786397
8600447928
9326520144
7020547055
8855050205
9167144803
9834683918
9881380950
9890642299
7720050799
9890657503
9822038179
9970181920
7796490101
9975526142
9850891242
9850672363
9767299970
7972943104
7888078052
9730487005
9960223737
9370704262
9595455518
8087615544
8390206161
9890861416
7057252007
9665235433
7030394709
8983065204
8390194999
9028758759
9623222231
9890201330
8698069405
9823051733
9921994344
9823183818
8956085158
9228849686
9359478196
9970798082
9518396980
9820937878
8080803467
9145042593
8983204091
7620710572
9373535322
7507179888
9561557345
8169831416
8828089611
9823704373
9145499284
8551879684
8551062367
7249754289
2512694235
9004655131
7030314912
9975797693
9890041466
9323981548
9071977977
9823648736
8421374611
8108761613
9823424013
8975738908
9967906637
9960823633
7517973577
8779240868
8806780000
8097287036
9158922462
9004364307
7218320286
2226529976
7768048459
8999983522
9322058093
8355896835
9822953709
7387555336
2512690066
9699540596
9851642222
8839236033
7875233999
9860631390
8983748199
8433596481
7276698015
9420935440
7058245797
9096393356
7745844616
7845429063
7182250000
9049828299
9673155741
9823889123
7620723997
7758882112
8485895594
9049393105
7020723178
9764528988
8275850482
7887324373
9834563805
8390324535
7720009681
7020143089
9665685168
8600573669
8767759793
9665310222
9404116239
7066674845
9822692151
9422134143
9822337306
9422117337
9607112111
8169022953
9370038103
7666578368
9405824293
9552024551
8329792127
8857933961
7249246556
8806642306
9890002348
7507786020
9503351781
9767471333
9309121753
9372099966
7276163179
8669081863
9158397551
7510857108
9773588622
9372373486
9422779067
9834817797
9819881455
7769882517
9850556514
9324480854
9890537233
9322113234
9552124555
9175376300
9960548008
7977949744
7715852273
9881092688
9322808638
9892377815
9822033822
9665820267
7400180613
9860811744
9323655840
9324810301
9022100084
9764145444
8380008555
8983711999
9324555058
9822192507
9892886965
9822192447
7385145654
8888332029
8433934664
8149414555
9321708764
8879735256
7066315609
9930751055
9130859859
9022656522
8208022367
9664966405
8879998824
9821069616
8108428428
8062208037
9867499887
9607778448
7820913715
7228222979
9923851466
8668923321
8999902496
9823021553
9422917360
7620927225
8459717668
9890701962
9673365760
8766096210
7030880725
9421822006
9309515394
7397997497
9371716071
7709598988
9689594715
9403967489
9769598639
9356579813
9359923008
9890627488
8975399771
9325303223
9405055483
7507552912
9730772496
7774088878
8668655006
9890993787
8329279560
8308012989
7038622522
7972216250
7020132023
9503427829
9763972010
9421477005
9325768678
9594174682
9322909482
8329225231
9420370819
9309777749
9226881626
8432520313
7020310582
9869154086
8149459272
7020497576
9890530091
8149366888
8208013825
9921843000
8793903383
7620484717
8888832132
9096301923
9763091022
9689618593
9970677443
8975660959
9347590235
7083790489
9022380114
8237078866
9834249078
9370870011
9011478536
9970099703
9359345660
7887440906
9823122388
9370050004
9860070384
9226796556
7888131000
8421712556
9890888837
9420849143
9011101580
8888591098
2462358469
8600106045
9503377373
8983839991
9982408820
7028006108
9225703921
9922594446
8007590786
7775098999
8421360916
2462263638
9325563185
9028141257
2024390393
9960434210
9823502177
8788138818
9922226276
9004452175
9763037275
8668203917
8550965400
7276899965
7030108035
8380886222
8208213874
9373459737
9075380502
9970119991
9511648982
9096694403
9405824477
9822754798
9764338444
9766434995
9421761049
8879052915
9518568823
9822417711
8766727723
9713050555
8888888384
9657125849
7775843737
9421757244
7350357773
9637859364
9860942477
7020027609
9730486663
8698764754
9511863803
8683855333
9289922310
9890028587
9421759086
8071646226
9970843953
9822416961
9764064124
7066126162
9881228460
7058349105
7721039769
9619758947
7083034245
7020433348
9768343103
7057144214
8408886672
9892881539
8657207025
9011698833
9823457681
9168921540
8104614141
9699366545
9822770985
7040030400
9673134000
7507755553
7387249589
9028221390
9028582835
8334069869
9823827100
9166347070
8999306664
9082401102
9503838126
2522225391
9870092552
2225367324
2235206466
9823343111
7798457755
7310380794
9373611498
7798358402
9561963783
9284811817
8180091115
7385788850
8793050686
8669021627
9673428019
9619477129
9223213978
9921120549
7969666966
7972856896
8433917536
7506191510
8108727595
9930153530
9930388219
9773611144
9768986747
9321316931
9545580096
7620170427
9028288214
8793795054
9158414059
9270411042
9860081557
8806420420
9226335695
7507718869
7774842500
7385163861
9767000034
8007329900
9370596605
8830540503
9049752747
7028371634
9970994086
9766668242
8055658999
9689469997
8007877717
9595854143
9373679323
8668473915
8999503079
9665168193
8390081391
8888682686
9370375124
7875851307
7769968947
8956003300
8010929049
8983322118
9881788080
7741087741
8767126195
9860504853
8888323575
9890404859
2462253185
9921101201
9226118990
9168245151
9529322732
7387711888
9860023004
8830424953
7517790174
9850599821
9420137766
9403238435
9405089244
7038658640
8888644123
7620012346
9763820316
8806358519
8888977774
7004096982
9822222243
9422909889
9518588468
9923355112
9075804419
9637541161
9975057127
7172253211
9834722632
8657668797
7350101911
9511221739
9766570450
9673802914
9371551983
9371424216
9888959558
7020474965
9518784315
9325068333
7770005445
9881471048
7249054553
7172266291
7769966224
8626024139
9763343166
9763793189
9823168106
9766205690
9657258299
9763746869
9766611525
8605107242
8262849545
9604413343
8806787608
7028722802
9022118293
8626064636
8857873656
9867082847
9960717544
7719080467
7448243477
7066600165
9595752495
8055548844
9970424622
7028161053
9764983885
9860163700
9011799711
9209032176
9960308922
7058679634
8625014859
8767744643
9970518166
7942727712
9422130227
9422131833
8291019553
7943443056
8071326848
7184255298
7869094376
8999284368
9403058777
7972726025
7875421686
7057413321
9021116032
8412934938
8668327164
9823863229
7263012527
8888203040
9130041168
7720022255
7620116735
9881752130
8806880634
7184252234
8037908282
7507507345
7083122865
9404551444
7020310714
8319518463
9606045096
9890494247
8879617775
9327071835
9022112222
8169705373
9594385150
9552699000
8108106791
9619362606
9820335516
9920143313
8369385690
9819056639
8767062217
7875246167
8850244074
7506300712
9819155661
8605842534
7045551617
8591153351
2512317280
9619374145
9022227000
7700008337
9930856213
9699995927
9920161633
9819083802
8108563174
9892677544
8779967003
9702916980
8657567501
8692029269
9833006174
9769097497
8379884152
8451829104
2512207725
8888354567
9869393472
9930145105
8424036241
9768834646
8652372717
7208795878
9930418348
9619630111
9167290009
9699994999
9307023754
8600119345
8999899109
9673401010
8208458389
8087914143
7020307788
9146662410
7775925777
7677774777
9511620292
7387792930
9767042978
9067821000
9850371076
8446844447
8237903649
8605047777
2382253491
9168364111
8080149785
8087444433
7066687888
8275389964
9960302264
8857009777
9423737321
2382248115
7823884783
9850920300
9422795796
8668422697
8009977577
9028892184
9309872853
9422071982
8087830673
8975639795
9850295383
9421383388
7276233348
9284931091
9421298888
7385971528
7588091151
9175664407
8007434241
2382244445
8483871175
9658690000
9922227443
9860699065
9423175944
8329307330
8999243232
9890796602
8806020357
9075245453
9545175326
7776979124
7039128817
9767442330
7499859823
9322003246
9619847634
9022691194
9765026074
7796884324
9284303689
7709963794
9158035500
9289922479
7218080542
8037221064
9881442288
7385433699
7507036041
8055175527
9637628867
7057933643
9860000654
9637111132
9588650658
7182250322
8669163898
9284139423
8857082203
8788901284
8007448005
9673917683
7770063006
7798393457
8484079265
9588609054
7942727633
9423175141
7588272494
7942876651
9112087922
9326659494
9325325325
8975447999
8285235111
9511662051
9892549899
7972802661
9970521287
7558547100
7020673636
8999136685
9579833853
8308914178
9421273192
2562235200
7020966810
9987212843
7020673455
9850438605
8308279123
9960816786
9096581997
8010857432
8956030940
9420814867
9371076260
7755960795
9765179522
9422487700
9422787641
9420813986
7822015276
9822780754
9145458451
9404756265
8657003181
8120541486
2562237818
2562229214
7020370176
9763838333
8421090690
9588665867
9284611884
9545654166
9595586536
7709494946
7558689598
9834437854
8482808458
7030706677
9420601694
9021707749
9404864048
8600101490
9890873313
9890945800
8275215760
7588334579
9423419106
9922775569
8208958458
8149949352
9579303322
7020330980
7350056656
7172270594
8149959923
9371271243
9822232648
9665905713
9403988664
7057874290
9665060027
9518314208
9921865568
9561788013
9822073286
7030975698
9370528109
8037002532
8624057997
7972690395
8037394877
9899707076
7841082808
9922314181
9145770222
7507158982
9325305198
8275294086
9422388844
8421873574
9767641443
8459758609
9284150642
8888495609
8459835498
9370240396
8329638294
8669526367
9766109347
7219442205
9970052482
9867629149
9920417692
9619263339
8104933994
9323335433
9922669277
9820984466
8097213312
2512220091
9987047369
8291252525
8080550507
9594145678
9224557610
9322264240
9819015934
9322833033
9004335440
7021971182
9324088227
9022710442
9833132273
9028184443
9892751800
9869343889
9673381152
9987937463
8928576335
9820750536
8779393071
9167397851
7507737891
9967203090
9594523543
8108846002
9336312762
7400133617
9773623755
9137050713
8108918011
9082757569
8879465885
9820157911
9867119838
9867036111
9833007327
9029870576
9930418080
8108435411
9604602201
9359693314
9850283421
8382882804
7507904477
9423687290
9595540771
7152247474
9370429779
7152251777
7152231710
9922331088
8805407887
9657344169
7385828298
9359506249
7252232299
9890704636
9689416101
7030121251
9130415971
7038690509
8009007470
9822072993
8788449561
8655735744
9503657849
8999359980
8104952985
9167989927
8767717273
9920951588
9326982649
9082605670
8655797417
2512447653
9167032756
9969535425
9619303210
2512424271
8108666152
9372545997
9323552444
8928357187
9930378937
8591855356
9029880275
7012147428
9221446569
9029279080
9819845747
9987763389
7276137672
8591737137
8080771146
9892289659
8169360560
9619288095
9930960285
9820968593
9309178370
9769365276
9773307004
7506100050
9967006704
7028661843
7977125526
7624971952
9619644356
9223550111
9660167707
8094169652
9930430118
9768687779
7303779201
9022224412
8169731300
9076434343
7021355351
7058000055
9112220665
9623312254
9822139808
8552993354
9422879225
7020200212
7709070071
9579638989
2451299421
7091993483
9623863648
9923242888
8380807778
9112996588
9420790165
9022811660
9890936592
8805214418
9960319662
9420428899
8888088982
9623237782
9970229270
8605374137
9960688745
9130794641
8379851338
8484801609
9022334355
8830427623
9168431509
8956576465
7770006469
7820940689
8055500062
9423428093
8390252555
7387489258
9284924469
9699650611
8668351463
8600303461
9850376356
9595950897
9763102465
8329047445
7972525785
9028359195
9527255443
8999638939
9021336782
9049943802
9158177677
9834756711
9834470252
9970411344
9284668406
9850990111
7132222907
8208755665
9595978754
9823969839
9284674395
9552820127
7038879760
9289922586
7020627976
8605021825
7020331213
9665880600
9619834539
8830038366
9576836260
8071935228
9657386463
9404038039
9422153073
8446310117
9699059754
8329173633
9152500482
7447421093
9179979047
9422608428
8600234119
9730333013
9890143838
9028364005
9422171896
8459243238
9421719796
9860853975
9595665153
9075573585
9822593579
8956443911
9422835578
7972174569
9423607966
9850301174
8055547856
7841844840
9405502106
8484903131
9765712002
7796382531
9665415166
8007232157
9860402675
7588808882
9545875044
9588448689
8605668260
7775929652
8766901839
7350394167
9881261198
7038635913
9158573563
9921137590
9767671585
8554017471
9763202422
9359096417
8080657134
9657294801
9309922751
7030890890
9619150247
9172634043
7262242566
7350161636
8999324980
7020220798
9309758090
9763408992
8329430105
9665134494
9545504882
9552790503
9511983378
7798780918
9665727358
9855645543
9763984459
9128494994
9890486076
9823610280
9881833699
8975757277
7972658440
9545255068
7218017336
9028855516
9850266297
9028931270
9619607115
9529825649
9422948667
8806671780
8928840992
9765456405
8378812038
8071406599
7020482060
9422191964
9374923007
7083130997
9307862765
7020024256
9422412498
9881100376
8390698786
9588400174
8830106967
7798282836
7039129268
9595942901
9970381623
8071326749
7588807588
8411988866
9689321192
9764211354
7942728693
8071326787
9423416832
9881016197
8484988477
8888634444
9860331301
8668707653
8956218387
9011074100
9145140502
8069352493
9921990443
8068932684
7888259629
8879072919
8381090542
9822055305
9890253599
7666650745
9821139635
9821251108
2512474777
9930231314
9320285788
9833545867
9892042787
8065078397
9819141144
9967287789
7045478002
9820821628
9892463496
9773721924
8149980802
9137000671
7738224949
8828737614
9167761626
9082219596
9576661999
9004366620
9867058310
9321834296
9819914488
9833033425
9867982495
7678086693
9821888750
8591114343
9892886349
7303261156
7506631718
9987757753
2513061333
9819533634
9833393356
9930697515
9422868213
9372063433
9820147164
9820675768
8600559473
9524567894
8425909415
9107711077
2261942222
9022200022
8007291851
9422717349
9850393393
9766432066
9730482595
9420683717
9561450972
8999422377
9326889317
8668382319
7152241076
8275285656
9146119146
9822232157
7040922516
9970772537
8879941908
8071326798
8208897567
9167209326
7507702931
8657785387
8482939498
7387164481
9766104549
9158600768
9766773020
7020451193
8080996334
8600226127
7447709690
9096116352
8007169626
9423890009
7719063111
8999165347
9860076183
9764889458
9404210814
9665173358
8007434058
9881021262
9158269321
9404027271
8149691116
7387133839
7499994782
9130023503
9404094146
9922789121
9356498346
9422939301
9422160941
8308316214
9850642632
8421775298
8888689718
9545896366
7773977877
8408844405
9011747813
7709762094
8071406708
8788389052
9289922717
8007044195
9529738382
8805949455
9960532272
7066593065
9637866437
9372666769
9226862155
9403739434
8830199429
9226890335
8888938849
9168133657
9818785656
8805144061
8600006642
9422860652
9511209550
9130309921
7397860660
9970300756
9923065377
7350961819
8208446479
8044939036
9172780471
7942725468
7744917841
9404832223
9420101924
9595120755
7875887888
8055909999
7085460108
7507847924
9172170291
9834286409
9370587926
8149333991
9823406766
7517435032
9823300312
7887345534
7972478588
9028935747
9049199904
9766545535
9172790999
9921684255
9970218014
9922856224
7775008660
9130555888
7387771285
9422187664
9545808101
7030530590
8087316077
9421020327
9272101223
9960342727
8850630310
9561527527
7972602209
9372303311
8329168186
8756775560
9423145531
7499863841
9922498015
9225137171
8855999015
8975696383
7972862289
9960034500
8275950239
9561168123
2312520315
7058559234
9975251231
9145560777
9637005511
9834670492
7507525557
9860310407
9860604571
9921020001
9955777191
9370744577
7020872838
9764440097
8329839204
9657130131
9850114270
7887770009
9545450566
8806572840
9860237095
9421215809
7020151012
8071500070
9850567154
8655808323
7264082525
7887432121
9371638357
8412001615
8421214004
8329388514
9226468189
9623817902
8668300921
8767447204
8806791816
9834225121
9422160924
7744079987
9356612994
8928577111
9921363513
9022268614
8551093777
9422860348
9545460589
9766463973
7030333944
9561555233
7776877491
6203964229
9975254515
9822416078
9175105099
9423127868
8045873589
9767776077
9075298780
9309374008
9665921333
7798218250
8847716814
9146018183
9764110075
8308061234
7218032847
9922577476
9423127862
9404094020
9637553759
9422160944
8888911136
9765746149
7823849974
8037907816
9049571111
9731098220
8329680300
9850565870
7769070683
7773913700
9420222691
8237502898
9271727321
9112233052
8087890269
9823259446
7276700089
8055791777
9420388072
9011634149
9623999063
9146543875
8983684943
8482858051
7020320877
9665228779
9511866422
9325871606
9765151486
8999331336
9763699555
8080061352
7066146141
7385847999
8668672895
9422927582
8830976143
9890891444
9823454387
9371715369
9923415725
9921733858
9421422080
7058986188
2482241297
7276719773
8421317428
2482225117
7507060285
8181929230
7397807837
9822911590
7721912777
8446481716
8551027829
8425982267
9096325944
9730222253
7249730820
9766333070
9922243659
9970653659
9021437742
9595331330
9372472600
7030414140
8062914517
8380916345
9338000222
8983153221
8888993113
9403081922
9209189991
9881201238
8446306000
9423649424
9422818844
9403228045
9890256366
9422155812
9552225902
9730146214
9607657879
8432443322
9996667982
7219715295
9503577953
9823304701
8788144725
9657591450
8554900275
9545369816
7744938672
8788516584
7020645649
9284734581
7212552310
8411993826
9372433340
8421846450
9665364933
9130075566
9697895895
7350341767
8421384660
7030474458
9764685699
7798975477
7020000471
9209018909
8447746385
9860106010
8007981444
9355596958
9850878537
9970342992
9850775024
8007908566
9421495939
8329617413
8308153732
9422126113
9370712071
8879941762
9422325159
8380026227
9619784376
7768012765
9022905927
9763456008
9423145190
8180931931
9922891769
7620952291
9604034861
8975677768
7821090166
8237017777
7030626077
7709310387
7720051713
9422180608
9561701943
9594820378
9423445191
7887399441
7943443051
9422181238
9921755851
9822169266
9970055699
7588846719
9172164356
9421463127
9822809175
8484840423
9527185974
8421679556
9372125102
9225235581
8600514391
7798540646
8888057888
8828245944
7897893747
7020334020
8308653083
8390886005
9209577990
9579104469
9011194552
9552023434
9890558868
7058211617
2352225538
8208393736
7020650059
9766118831
9404771771
7620148688
9823887897
9324290060
9284179980
7020128170
9527406676
9422746812
9689046248
7218885695
8624833438
9284767376
9423528282
9422003128
9423094242
9168268579
9823071188
2352224249
8999308112
9270296969
8149240247
9960245342
8329241696
7387766685
8975349091
8007184222
7720934600
8788827693
7038130056
7057623756
7020128147
8999916116
8668978008
8459237674
9822536553
9657711220
7409943559
9422220378
9922663431
8806500400
9371075513
8999726712
9284429920
7028383791
9021717108
9209640006
2172628111
8850286942
9021094206
8766683229
9730443999
7745080707
8830401761
9689345143
9665682987
9970145909
8071647433
7403225786
9594820335
9545661234
8291232766
9637382863
9730919013
7776044902
9822066851
9921317775
9112842222
9607414865
9923868251
9284991611
9822638165
8411996947
8806320469
7971263594
9822732434
9272171713
9657830404
8999867467
9922302832
7875055777
9763335889
9970976767
9960242696
9822725896
9405272020
7232244444
9922590433
8806164713
9422869368
9765220880
7942877918
9850331914
8847767014
9763049500
9922422452
8857960649
9607976000
7350597427
9763462147
9289922344
7709105499
9111893939
9881588031
9922137246
9881735234
7350050581
2162231501
9028253535
9623478871
2162239223
2162239846
7219479090
2162233568
2162237799
9834292370
8600102242
8600088788
7517691657
9011146453
8062208054
9823488789
8796504608
9860305964
9850100040
9766788624
7447453453
9764634663
8888310605
8390000819
9067681819
2162221187
9673003001
8879976363
8983814678
9657004746
8668845453
9822274746
9356618089
7972758942
9423952963
8261980223
9022896389
8554982900
9021535217
9404315242
9637259637
8766577990
8806540030
9423303350
9067705166
9021215144
8605000007
2269719590
8055049950
8668252953
9423032065
9850370921
7588864854
9767660099
7387928628
7020512548
9766231073
9422404325
7020200167
9097661666
9922452066
7083173601
7796553963
9175003003
8275060405
2164229737
2164221082
9881989902
8805139806
7414914103
7020499297
9422165103
8071408498
9673300714
8600288133
9075045642
9096746513
7499651225
9822245206
7350609821
9371430143
9765066888
9801083598
7949294144
8275556439
9619152818
7058333999
8291763521
7387019835
8071326818
9835617137
9804271786
7949293877
7942727631
7232254200
9423132071
9960395253
9075846683
8069351913
8069352470
9028383878
7277999555
8068932874
7666680989
7966245643
9518577784
9175475567
8087792789
9689665069
8183998183
8793418178
9270733351
9822222579
9657409001
9822200975
9673310779
7875549697
8888993351
9356120674
7776873715
8071648002
7277779787
9975644916
7039567080
9604802412
2365252103
9168833335
9322941144
9850273262
9403261144
8369012818
9422584685
7264879805
9049845688
7218866400
9423310810
9404355314
9823474333
9422055096
7057495665
9850952402
8275244400
9765361996
9421234816
9822424258
9930929821
8169759096
2362223244
7760601122
9860311277
9975939632
9819325750
9405533009
9067788993
8263888958
9619241428
9168387073
9869404032
2363272650
9421193857
7588447523
9158858808
9420926070
9921900550
9637246591
9158383363
9665719700
7620428920
8375784998
8483991155
7972711712
9404596257
2365246575
9004135748
8888249404
9284436179
9112987969
9324676195
7066863658
7769971440
9860043991
8329216354
8275865655
9423952666
7057220097
2365258208
8055250444
8804880477
8390769596
9699016699
7972222797
8879915917
9579589893
9637444568
7875596662
8080245204
9890816469
7057867808
9373418040
9834815798
9309269153
8975553262
9075766171
7743994477
7387869453
7026471104
9420052255
7503469999
9673633344
9028806443
7350434825
8788560461
2355250359
9325282819
9420040613
9112982235
9503084980
9766980347
8208029678
9322602304
9209868202
8640806666
2562222590
9421407313
9422787208
9422289092
8369378538
8828515151
2562281585
8308149835
9271757440
9689340020
8806643163
8999793590
2562241313
9028897775
9373477979
8999918999
2562272103
8044938995
8888375151
8433553145
8005721299
7943444107
9823154501
8551033172
7065079414
9049125147
7798240303
8007945230
7875200422
9168153600
9545924116
7798430037
8421757138
8698194019
9146221101
7666636381
7841878862
9021876044
9145652184
8485064378
9890724977
9359792648
8600290801
9373504193
8805045555
9422289893
7757901141
9422788298
7020001312
9423191768
8698627401
9764240907
9423493570
8208911480
9422755688
2562233293
7588001118
8552920773
8793316339
7517585985
8806619237
8421100102
8149988562
2562232021
8208174401
9284777426
9284858465
7875679111
9421665644
2572222241
8799333303
2572222613
9511289088
7666751872
7498650065
9764215026
9850847335
9325522202
9271971333
8080043079
8087959096
8329052348
9372477209
8530999455
9921328115
9325205805
8080275415
9822623111
8062512940
9403149154
8071646010
8291468370
9822231517
8421241337
9975710071
7775944485
8087808715
9975111786
9422959980
7020859370
9422164050
8888285158
9503848110
8055291953
9881559734
9421891319
9004000440
9850265285
8591243727
9359979758
8446764537
7242451934
9921129219
9595120451
9423428012
7498588952
9881626754
8956391313
8956006202
9881365008
8308382764
8624007846
8805949863
9404093301
9767992379
9623333003
9422160611
9765437489
9175747262
9011190116
8698694747
9545644633
9423715471
9673344883
9860601529
8180893878
8408070143
8975549688
8378917102
9834960529
7517922183
7218764896
9373643480
9175757895
8208981933
9890606034
9422833099
9529458645
9075072020
9096274738
7709121225
9881233550
9503131432
9960747112
9422162063
8071326862
9594820362
9503217321
7350972514
8888941529
8793564786
7743871777
9881229953
9373417111
9372506729
7057203202
7942728615
8806152786
8069352492
9421137626
8069352328
9923586288
9822578954
6746646745
9028861747
9356040898
9850137754
9923100617
8068932509
8600000025
7276991531
8793429004
6744034580
9850252673
9860958261
9028135354
9996967795
7972602235
9823370070
7875699719
9325258209
8788883874
9021193820
8421589887
2572251522
2572263328
9270618668
8043694931
8600444929
7733998070
9665511139
8046512346
7276411929
9890717072
9156129128
2572242554
9096751989
9403570259
9405791223
9423488621
8421602801
9271986656
9764132244
9960224102
9604199486
9673934972
9890862453
9423772797
7709978760
7517022975
7020673004
9860427243
9850313989
9370183996
2572222261
9423488418
9960948499
9730515117
8888840106
9325137567
7507051572
2572220411
9423903711
9867655899
9579570752
9225143521
9595990824
9420597575
8484886424
7098000369
9145318829
7720090925
8879561047
9552130517
8600222200
9921344446
9623724795
9921552900
8668851694
9420028906
9881601600
9260601111
9225321159
9923024240
9970070179
9970847847
9822533993
9422234790
7350368369
9822290211
9762050591
8888900641
7757038181
9890433343
9822446585
8379080726
7498914749
7720003852
9960609901
9881835064
8830350550
9421332121
2412346477
9860277347
9890115339
7721992999
9923485777
8055666061
7304567777
8407981515
9975175455
9545521545
8793316254
9890831318
7841099970
2412326008
8037016502
9767339380
9422155297
7972917887
9822731485
9921122124
9823535428
8308003211
7757837575
9423429328
9890021125
9767892551
9823698333
9922519215
9673530996
9326146444
8806168111
8411067861
8087662710
9970158789
8800334526
9850252345
9731109724
9372501515
9890491608
9899242347
8275393982
9850599360
8071649222
8421224395
8071645932
9922874858
7020660279
8055382833
9923464677
8806944696
8975601526
9225707989
9764445666
9422955224
7020041145
7212510909
9923535304
8999286557
8668823792
9890900551
9960580776
9421822635
9325476195
9766901650
7066662267
8668551799
9403173517
9921130816
9325559972
9673389366
7620066416
9921158862
7385633794
9975363389
9822822244
9850579668
8605000688
7212675598
9860059668
9890373311
9527301004
7058030409
9890066947
9175297341
7770004240
7020030379
9422168749
9112001143
9423301442
9730112113
9156922435
7020523520
9307642458
9850335655
8087577791
9860006761
9422875691
8767533981
9422958341
8291295639
7961733648
9823063767
8668341040
8956244033
9420833002
7620272410
9665857396
7212660468
8071326863
9975757014
8071326788
8071326789
8071326859
9209563867
8424812788
2355252617
7057020401
7262079017
7028441332
9370655364
7709242454
7507583602
7977822696
9423377161
8421925650
8432387699
9960324900
7083663000
7378973443
8668378469
9579401954
8446861667
9890726526
8411984660
8169279970
8624978772
9930400404
9665060568
7875747996
7218771981
2355251041
9404493341
8097703178
9930852797
8308159095
8149433891
8793381155
8446243633
9619633344
9421065387
7798896234
7058299668
8380077979
7414951972
8530915054
9112841968
9422584267
2362221656
9373117281
9763186706
9404649801
7875192505
9607274622
9822670539
9022079157
9270240694
9764148643
7798111215
9923973284
9767214954
9404439901
7875318727
8097820527
9146211284
9404991545
8983447959
7030456947
9421563001
6377484418
9653144566
8290292380
9420209961
7768821518
9168822395
9356692566
9420855892
9588454366
9404919929
8766829159
9158987678
9422374277
8087725255
8275599268
9403559922
8408960399
9423944228
9637135356
8097307849
9075223076
9067275454
9975142400
9860393854
7568111547
2363272246
7798193108
9421148323
7977946833
9607283699
9422562881
7218104201
9422061778
7588299988
8275826250
8956564099
9834818924
8115181191
8044939141
9890878280
6280343704
8939106892
8169441808
9923369542
8240972231
7298300500
9768313111
7058616376
9028219595
9623158241
9011920483
9028557223
9850687787
9146460646
9273187367
8766453218
9403700522
9850641990
9225321010
9822261357
9822650520
9890011579
9561648555
9975456598
9421197030
9356862767
9309555831
9890609194
8805084082
9807995995
7020768544
9975418517
2412419077
9422225793
8390532663
7875449471
8983039478
8956781010
9423467950
9630395011
7276859355
8149872693
7942727318
8308479576
8530640202
8378992356
7410759445
9822877796
9423265721
9822262170
7083283832
7620407007
7949113211
9766737213
7391907772
9604541294
9890908311
9881678505
9158271414
9225819062
9096280410
8007707094
8208047392
9921733877
8421404690
9032321732
9922513984
9284778065
7798309911
9370790413
7385655355
9044869044
9766483157
7775972425
7666934363
9423870644
8149383344
8999057417
8857092685
2393303588
9403233630
9022970615
9850914975
9960143738
9604371177
8600333647
7719899888
9028760772
8087219970
7558480687
7743856852
9975016668
9822740944
9850040123
9881349057
8888662632
7387592993
9423917083
9021194245
9075085090
9881552701
9595225584
9867610045
8069559031
8069352459
9545264598
7070040010
8069352434
8983769859
8069753048
9067980857
9011262753
6746646788
9545354767
9022486076
9823225371
7447470567
9422190393
9423250085
9421787205
9284410012
8830645393
9028183337
8087744284
7387440277
9028107206
9823127896
8055211387
9960607230
9423424969
9011074816
9370070012
9860200072
8788300131
9890504443
9921220476
7066066043
9823218758
9158213529
8962509914
9960231903
8484849178
8856970005
8180814084
8788845717
9209241044
8623074216
8329262480
9421571578
7972854472
8698540595
9823379005
9619738066
9823206671
9167106219
7020049650
8104000854
8421930879
9527058271
9545840128
8329277304
9975491313
8623893684
9923317259
9422795959
9119611818
7942727770
9423942704
9923694158
7030772015
7588516662
8262944457
9975064720
8565965965
7058755055
8007251973
9637006551
7020583293
9371622688
2565227990
8069352420
7972750173
9325259884
6352165350
8062703646
8459869610
8062905640
6746646748
7966245664
7972356689
7020581149
9970646999
9370644472
9850259795
7028064871
8788501964
9405204202
9422627330
7776045551
7038056481
9403010892
7038338771
9420709777
9765840123
8805753670
9405218989
7039694455
9527282627
9175406737
9370922067
9158284221
9422436147
7030687244
9270630895
9371400639
7558748227
8888610464
7350039187
8087661504
9082586836
9768005353
8600504786
9158596100
7350435545
7385968081
7620212788
9619082013
8087715701
7499567185
8087574703
8412888011
7400270073
9225950128
9503593226
9922469958
9850980486
9920515895
9004416481
9850170041
8050485071
7798711863
9325583916
9930679771
9403090820
7887377882
9561921183
9270000740
9270997358
8446934939
8411012938
7744815519
7798467555
8080041094
9673385544
8805894413
7507345259
9527461842
7262937979
9604435785
8793710503
9011589473
8605870034
9136439663
8888189353
8888558321
9696252833
8983742675
9373591935
7309893288
9226146009
9604411104
7841087375
8237232646
9004068776
7020144834
8888044442
9823487722
7777067474
9593550550
8805558790
7774811492
9922482985
8983090172
7028593812
9011072000
8983522985
7507327507
8552839539
9822344990
9604888393
7996100076
9152660043
9819518755
9518740899
9527595891
9422094240
9804494111
9136175353
7058751213
9850882305
9422285356
9404184651
9422281845
9887830543
9820443199
9850078534
2562796153
2562275177
9403730663
2562237430
7028852978
8600185959
2562270267
2562232696
9922296065
7741907006
7977317336
9403637090
9423289061
9823098249
9860482513
9022715559
9922228307
9172392723
2562233672
9552648756
8275858905
9689434314
7218528863
9411983935
7620810903
7385769085
9850771106
9923808283
8928838511
7798347766
9923654527
9822711976
9226786911
9850091427
9975767945
9923451262
8087073336
9588409984
9423150215
8668533346
8830028105
8857034316
7721001317
9623468826
9021235982
9960748412
8668218523
9158882450
7507144771
9970328276
9326212126
7212575051
9673080519
8600855075
8600002513
8080300464
7212578012
7212569750
9689336043
7758810716
9422860311
9823090293
9423515069
7385712818
9422919511
9822013361
7588892605
7820921760
8177884422
9822711733
9310509050
9527191311
9822696288
9766367814
9422115473
7767012114
9561671062
8956621111
7947467731
9028665117
9975321277
9623757585
7249598264
7020325092
9975591777
9422861435
7798972095
9604286261
7276814915
7222024444
9545454712
9960301601
8149828313
8071326246
8208077057
8879228954
9325891871
9271843258
7385770172
9503263000
7387101182
9028719002
7770080703
9422788348
9175859429
9028724007
9096095061
9226766686
9422749153
9372822203
9270543121
8788110479
9373247586
7249393737
8087751927
7942529172
9028184523
7709814314
7821076062
7588733603
9881860008
9421537171
8888153344
9922346288
9270390494
8888309003
2562236600
8806596469
7447382218
9623615374
9850654322
8805872938
7030384868
9975911599
9561296353
9289922549
8668867979
9890982142
9405375070
7798773093
9834467226
2562229229
9420536155
7030616286
8637770770
9960141210
7721977345
9119576111
7798430311
8329416165
9823397787
9881262621
9225536977
8999275571
8857992958
8600747579
9309863173
8983322571
9049282035
9011288211
8669097743
8830203895
9922828742
9922181118
7796483680
8208355051
9881508799
7949294277
9423966950
8888888520
9850202212
9637774864
9225138886
8087886872
9420985807
8071326795
8149286626
7942728699
9518557988
8657711513
9850447086
9527169773
9423088296
9890398404
8983065177
9689602167
9028496186
9922962379
9850024837
8657929292
8329553007
8888617786
8291166396
9309797525
7719870595
8483880674
8421663047
8855802551
8799898698
9890581768
9922277772
8698484079
7410109066
7448008004
9975899994
9850116447
9823232382
8793395921
7447456886
9156503039
8999501690
8484007383
9156007490
8888716169
8805956873
9764170642
0023300007
8010815795
7709126713
9657111210
9762698805
9881408908
7738815148
9822008953
7385586675
8788091302
7083079299
7559285305
7841047720
8482841102
9922165152
9595955220
9136131615
8806488481
7888046047
7588164001
8087509995
8055426778
7020841095
9823105004
9075101333
9422026560
9730576785
7020702669
9403183951
8010625353
9226202222
9860463040
7350977775
7020286901
8308293708
9022775121
9657652144
2172733481
7385044026
9545788182
8275519798
9657772002
9130401122
7798125912
9579211416
9730505065
8888221966
8087408575
9922968850
7058585895
7709696532
8983582829
8668283321
9325340480
9822280146
9175941833
9595111166
9850550710
8237436426
9730008008
9545467866
9096257516
9595101112
7666954476
9975829299
8999041468
9922226872
9923890932
9623478681
9823278333
8827108827
8657949904
7248946611
9307697632
8888698855
9049105090
7887697816
9325165550
8291885353
7972267770
8600607156
9960011402
9850098182
8087688769
2162320780
8856050659
9028497829
9768705550
7840981142
9823753466
9970066786
9823295117
2162268233
9011187763
8527238862
9284238744
9403969496
7720080399
7588870856
9284755510
9860095600
9922324597
7517915655
9156008156
8490080054
9730191594
8805518654
7588627645
9199121100
9793929939
9579321333
7709702509
9096885888
9518381021
9423742323
9075926746
9823813371
9158295802
7559295923
8062515427
8830293677
9665438330
7709890497
8055204926
9834470448
9391719171
9881409946
8830901300
7276100036
8237739991
9665532950
9960550133
9960099953
2227454750
8530994545
9664109938
8975729231
9850013431
9922803172
9356770139
9499686384
9421126787
7620630405
9503591912
9372917166
9561046505
7249182105
9595106565
8625892892
8766557011
9011747493
9371850025
7058209573
9143039191
7972423836
9511900456
9975385337
9970266601
9284030205
9975400509
9623522496
9226551073
7020922817
2332670150
8485052825
7261934532
9423535894
8446844408
9130414767
9112712525
9370774277
9420702709
7822059244
9960302104
8329201373
7588374181
9325094664
8600187399
7378915972
9764066159
7720054929
7506825353
9860547198
9028281565
2143255588
9373904040
8055932377
9922209357
9950393755
9518340841
9421781418
7726988449
9822295579
9284893230
9421161202
8390390350
7798413344
9226587070
8888102838
8805255236
9686991864
8121271140
7030134440
7774881119
7907388785
8788381119
7350023181
8657526591
9834275469
8767255464
7350205891
9960021094
9029818515
8379922697
8983861697
8286920277
9021851117
9605457337
8390801951
7710045353
9890054328
8983099717
7767029305
8983489079
8483934148
7045725891
9175704600
8668320016
2194233185
9028920615
9503073965
9921361208
9270060288
7568867099
9765533330
8308596772
9272802900
9422541473
8055675959
9420057164
8600557220
8087426447
7276135657
9169022022
9836461130
9867768822
8888637255
7744850223
8793805236
7414951921
9270023304
9272508697
8087661902
9923884297
9175577344
8446221919
7448284260
7756953666
8380847909
8828415353
8080054784
9604687465
9665770788
7758806781
2148223024
9273207660
9967355474
8793789413
8329755460
9525483343
9552631444
8619263524
6367744906
9820324026
8975727179
8625096801
9960339209
8062915004
9921222304
8061160442
9822964554
9730308882
8291169471
9021327740
9422788084
9822964587
9422788299
8856937207
9923949676
9763443511
9028192022
7875332850
9421886896
9145962335
9420852898
9604126814
9850191144
7843064445
9307957502
8071646238
8668873909
8390242088
9423348288
9421666555
9860053933
9923099187
9096907872
8421428717
9422277196
9657549242
9923541582
8411883302
9028317747
9423665773
9960223445
7038370371
9309507310
9370004717
9860255121
9175665360
9923708711
9561394268
9270286788
8793218242
9970029477
2572271249
9422771313
9850766964
8180948686
7744067277
9422981643
9175150321
9527969204
8888676162
8830220238
9766747494
7276656916
8010758799
9420068278
9049338922
8999675022
9860222002
9763995551
2572223746
9422774010
7083028453
9731093059
8087507928
7039130516
7045473272
9960324060
8071326980
9922358833
9371713388
8263833470
9711993037
7709778177
9890640470
9923193405
9158797111
9822193714
8788158326
9421640028
7020517935
9175889005
2572211000
8421562015
9764879714
8888365246
9890122744
8069156784
9371740121
7588689090
9595597067
2572232202
2245301800
8069840406
9545513395
8806938361
7776888666
9730885560
9273283380
7840987523
9834408149
7058905198
9665099983
9371899979
9607555907
7057011999
9579244933
9975319373
9822560108
9028618392
9167860533
9209511416
9168919480
7276927137
8087601843
7028881976
9011857589
8600548443
9767544964
7350450555
8828068281
8010665312
8698140960
8668529460
9325441678
8975990591
9823033788
9960820820
9552004444
8806878653
8237843125
8698144408
9372775111
8380090875
9762041516
9604820885
8788556815
9673330590
9082973573
8888061348
9146004454
9762483704
7385677335
9673370446
7768999009
9226406951
9764480231
7620276649
9226747714
9823550085
9689968901
7210810873
9822244376
9923072440
8390960999
9049097942
9689833347
9107272303
8007770518
7058877132
7977347359
9920484447
9423204971
9923935866
9823859697
9850161307
7030332212
9763044044
8035918991
8421730148
9527342029
8369881589
9552646789
9326889620
7588717908
8007448484
8007898802
8657017755
7700950099
8149426414
8421139336
7798239362
8169159561
9764520423
9423785220
8600001482
9975391075
7350752915
9359820179
8668399780
9226162454
9923626116
9021736244
7507642034
9309887285
9545211416
8459595533
2245301818
9730154164
9422282984
9028100724
9595953428
9422279698
7966245656
9623777732
9923786992
8208664411
7385408301
9764949585
9960191993
9970028763
9890691987
7568957686
9422222983
9028197523
9028717999
9370808615
9371399994
9665161378
7020281419
9860570651
7588648001
9823191399
9156008304
9823438799
2572214002
9657913572
8530539099
7020118300
9289922304
8071646508
9619885394
7949106013
9623662686
8482927762
9422225092
9067464750
7709032059
9923379122
9422220221
7709511221
8796018748
9561920175
9405401786
7038987839
8805757475
9960749779
9604521110
9822290090
9822806372
9595955392
1205244329
8380887572
2412422770
8485879587
9240220376
9225989897
9273163137
8087165505
9850579025
9289922485
9881827740
8329347677
8888945893
8329398066
9588418787
9960976364
7020354332
9270849181
9763696480
9766948026
7470070058
9923000500
7776077778
9766688869
7620080191
7218101916
9096067297
9594206814
9960546809
9325190922
8421415868
9552869094
9270724449
9762921016
9604509862
7350725252
9860139063
8329979732
8208305928
9404672721
2412430047
7276848116
9922199901
7045476486
9175985810
9146293232
7588884477
7020754007
9422810094
7242439959
9511220595
9527595007
9021674007
8329141021
9405676563
9011334402
8329559951
8208749042
9323129871
9405529068
9422123888
9322785768
9404060010
9545849030
9922225287
9881935767
9422165690
9850051678
7875893338
8010328914
9850736082
9975721023
8087242182
9970648654
9371167675
8686555568
7875289611
8237436080
9975658050
7373270303
9822734245
8888264934
7377357371
9011788711
2048600090
9145704607
9326170289
9763684451
9850207050
9657589636
7252233141
9623333731
9970537521
9405704620
9850579993
9834328209
7252231777
9130035175
9224880216
8308511311
9545011612
8390904185
7252232256
8055259567
7822075809
8600010901
7499932731
7251222311
9881346884
9970284787
7252235720
9422143014
7152250901
9423118241
8390125338
8087943895
9604654497
9850280970
8698848408
7083405373
8856080559
7152245476
7588788588
9422357055
8888111255
9822942202
9422567355
7972733578
9850599779
9664051317
7820999828
9545003355
9823706059
7972373807
9158863319
7796655393
9960611558
9765597056
7709230211
9370353235
7083544531
9823424174
9421814556
9049216972
9822443603
9405941946
7058409929
9325597336
9975383285
8329419033
8262074722
7020544389
7756935656
7775899356
7276505009
8605093171
9421067815
9503665843
9172767880
8421356003
8055102103
9860005390
8888961229
8010374300
8668686083
7350262454
9881578821
7020460865
8263017353
9730365441
8788959124
8007999111
9764000917
2172625262
9970974754
2172312207
8010677043
2172332718
8037016553
9823984999
2172320886
8071655125
8888753796
8788820522
9021940422
7083136982
2172726691
8483037037
7822021343
9822933105
9960385353
7057264289
9975474190
8055556344
8149980703
8055102550
8208053043
9326428353
9156311188
9595648964
9049995772
9822203027
9765000426
2172733333
2172313266
2172723555
8123456776
8062914004
8805101188
9156149742
9922418888
8484968739
9763956277
9595498888
9765905666
7755971210
8888737320
9922486353
9049852525
8975324343
8767652266
7744991977
7501177155
9561404620
9422075288
9689704778
8855885136
9011075215
2312690134
9689538998
7030099001
9373979292
2312680026
9923515786
9604493682
9820995962
9890957947
9822803093
9022265940
9422708064
9112257425
9860085671
8888292406
8888582686
2402329251
9325021719
8806252234
8422876238
9477151515
9763484886
9699378387
8237032603
8071326766
9422227634
9890185001
9731109615
9881111879
7796561515
2245301794
8069351643
9860282774
2245301782
8067518037
9673961001
9890734876
9503033303
9822216840
9921646566
7387673555
8045873624
8062915195
9822570172
9225555571
9595434611
9890097664
8408888898
8065079036
8381000984
9763258008
8380075812
9890918026
2412958336
7875137777
8956916841
8788450704
9021202157
8071326764
9822549255
9922222800
9922226756
7397840934
8408859200
2413299777
9860002021
9028807566
9405221455
9921666614
9921173776
8446688868
8698422512
7666417157
9513482855
9823024034
9822203366
7798129422
8888376562
9823888815
9637862829
9960335155
9890457953
9689111190
7387908833
9764999989
9923919426
9270852646
9881332011
7020440073
9860921485
7798990888
9637622706
9156006637
7710848177
9890070847
9822655421
2164229851
9822612756
8830788661
2164271004
9766343578
7709691115
9619908861
2164228499
8788638526
7387992444
7020106687
9112727170
9579639863
9146127171
8421878282
9764990117
9607115155
9823040434
9822640933
9657225171
9665102091
9595753786
9022765638
7666464354
7066143233
9130539137
9764836584
8159063288
8381047047
9664461000
9373339099
8070900444
9579747797
9552990338
7770009218
8275247814
7447337447
9149739554
9763857065
9503033990
7028890208
9764692764
9823960008
7769939696
9096001255
8530807254
8668511414
8796039697
8698896601
9075148743
7709562490
9423307194
7888171646
7841847826
7498312814
7756068021
7350984141
7796145506
7387184874
9420607000
8107313255
8862046599
7028883139
8001230481
9168776356
9168243329
9552095544
8888289990
9022498067
9766598260
9689899935
9271632795
9834822218
9096830224
7666053584
9890081443
9764217231
9637775025
9657077204
8605151151
9503773305
9637466698
9175090111
8007208383
9623967900
8888206413
9604079555
9921581556
9322581522
9139531054
9142804242
9579001137
9860622144
7875222001
7720989686
9049917758
9822457369
9370239080
7498619030
8668602007
9881268887
9359370996
9139303051
2112243507
9834268746
7756931158
8605961606
7385443508
9096449696
9860000806
7620192273
2112662100
8686244747
9665190111
9421020342
9423073814
8668575656
7021214710
9820093641
9167337555
8850151702
9082907415
9819195251
9892764784
8452854315
9987567554
8369773610
9137701791
9987076387
9920942455
9323026362
7738082485
8879487949
9969287025
9920906276
9004061989
7715988158
9076202026
9222058805
8369751598
8369153848
8369900797
8369234134
8655255333
9769446444
7506596513
8422993535
8451093537
9004368669
7506044755
9167091090
9029090944
9892512992
8104970642
8424906006
7506108294
9969571733
8850341898
8451948383
7506569090
9769701212
9004868559
7977760650
9172115667
8657552135
7304557013
7045807168
9930612729
9869458855
8008902202
9699411975
9322336421
8452071222
9930033337
9136559565
9892528256
7208869942
9699830446
8828072111
2221633260
7303669980
8655505454
7700004923
2225929425
2225922646
9321624511
8828121396
8091319131
9930883333
9930993031
9820159003
8082525258
8898092199
9769469417
9969660036
9137091417
9820142109
8693835501
9167987870
7977186403
9892635296
9967388932
7304496104
9987473237
7777093575
9326526142
7676507070
9326178057
9082617572
9321144049
9969120343
7498151515
9869759975
7208935960
8828141700
8369597702
7718001047
9664764434
8655532915
8853863234
8850504847
9129069985
9594870111
9423260718
8956301852
8600365572
7030064555
9091717155
7400200591
9075350015
7045095536
9158502727
9561579054
8308076220
7709367777
9822282821
9326720295
8796471049
9118117711
9422401625
8071326830
9561305520
8262846941
7942700000
8340341834
9322771111
8071681214
9226923738
9563254141
7387383666
9096148456
9422093132
9142583003
9420633708
9665562441
8805656111
7507515000
9011424693
9890341974
8069840426
7666850001
8069352422
7558315156
9970703152
9960668841
9325295603
9860655855
9822954476
9765957132
9860881464
9822999034
8857897744
8600056000
7410561861
8308253141
8208843679
9890700722
9970002727
8668215969
9975713346
9096535714
9665440033
9552195209
9890227675
8208703401
9623794929
9673606777
9420772722
9552812418
9960865555
7942877921
9319485862
9604261666
8652270999
8806344771
9373606212
8483901316
9921120188
9579711127
9822008646
9022485123
9822247576
9890525363
7020363632
8788618038
9763360776
9834697772
9881555990
9623840247
8291045594
9975716351
9762284256
7756012243
9881101096
8830799981
9881464567
9881786689
9922950606
9881444851
9552411328
9112001691
9422600698
9172646001
9822565301
2225646858
9870400635
7506002003
9594795555
8050003370
9321794993
8652892232
9227980127
7400069183
8655508787
8369026494
2225677099
9552959258
7977911696
9892844889
8828918393
2249786610
8557800999
9167348445
9167616600
7208657191
9324666209
9833661920
8104131718
8928298377
8828889991
9326600194
9819194745
9920723723
6375246559
9821073255
9820141599
7506523276
9321668830
9920774697
9920200507
9326600409
8879948228
2225610010
9594993636
9969583533
2225911840
7021670752
9820351791
9987002443
8097913044
9820277091
8369222734
9870066520
9922065537
9867644609
9594313339
8097336651
9820097377
8355965589
9930624753
8108757911
9029992568
8104244959
9856549856
8097867744
2226289385
9769311010
8879785770
9867676070
9311807223
9459459791
7738494947
9819744176
7738683111
8879909992
9867304427
9819819664
7021434036
9136426339
9699464699
9769210932
8691007436
9321375811
8286091888
8433743721
7718994996
9930556611
9223599836
8655410036
9820086645
9090809018
9821834483
2226310123
7208869913
9820401985
9167646520
9820686641
9004834383
9326391139
8850492507
8849215515
9870883824
9867053716
9082546550
7083800936
8007887979
9921173572
9175431703
9834067924
9922480999
7709249595
9421962998
8329239831
8623940584
8805781007
9209563847
9511725271
9665851415
7219788692
9834007455
9604117827
9921433519
8788698942
8600335588
9130805182
8446434214
9766791777
9511893563
9284695816
7083722022
7775993498
8381019616
8928908989
7028388914
7447777003
8071326814
9960529091
9822418079
9420487184
8071326785
9922640627
9970111114
9594820356
9731099623
9763491490
7776048640
9172761565
9764175101
2162244383
9823982680
9922097576
8037014014
9850915492
7942728786
9823182424
9850390909
9822008414
9422608483
9011229373
9172185113
9975114312
7887787799
8069351623
9665943744
9822068514
9923894860
8149092219
9623529947
9594778354
7767000036
8067518019
8069559019
9922836015
9168687786
9850522456
9850519696
6744034368
8605008070
8766740011
9822454437
9890408185
9850322451
8390111311
9578101020
9960618955
9822637298
9890552591
9623242959
9922097342
8805208910
9175556943
9325284049
7350472244
8830421748
9673363336
9552507090
9767580886
9960024380
9822270993
7709896355
9767101095
9890071250
9604400010
9763950959
7040793737
9404007987
9422832329
7067939337
9112361771
9011019955
8329007145
9325539941
7420966636
9552120478
9518982549
9711919768
9405354593
9158503614
8329989974
8999432327
8999198078
7276369115
7182234564
9823516600
9529245285
9175466580
9923986993
9579977085
8668406456
7387645101
9890477792
7875260891
9892147590
9420515656
7743959336
9764624595
7507015313
9922337077
7184285517
7588363518
2462244074
8308298870
9325285025
9527551166
8055950980
7350263137
9130196652
2462238674
7276227467
9503116222
7721811991
8888885383
7709681730
9852985299
7776004297
9766579141
7385151221
7743865767
2269719540
2462241074
7499947322
9860222903
7219881123
9158273184
8074146657
9511643909
9011851555
9860110404
9359837925
9421448997
9860121790
9850349038
9001632127
9960063494
9923789396
9421452021
9890102323
8275005283
7263067001
9423775051
7891067001
9764980086
9764331314
7411187111
9974946189
2382240382
2382246070
9823066802
9423826826
9404503380
7517520700
9422175517
2452229988
9730553554
2452222314
9422536000
9922297997
2452225528
9890936275
9421867061
9764707170
9403017886
8788155225
9326704345
9323600011
9833371325
8591750177
9833686319
9403483663
9920857888
8591917438
7400091321
9833366006
9643800901
9029999711
9930055669
9120912048
2226284333
9667308555
9833217232
9769487258
9819136661
9967104606
8147770574
9004081700
9833382021
9833123702
7977363577
9029816661
8928304008
8655756092
9326092384
9324750110
9769998972
8047760007
7045894299
9266010040
8976766771
9004530507
9321470550
8849600476
2249422020
9082237998
9833540792
9665921383
9820881256
9820008543
8169394317
8655400532
9167603231
9773111548
9867255000
7738469117
9007900927
8728872830
9833913309
7208318705
9224455731
8169520822
9819983556
9930018943
9987922146
9619563851
8591608787
9594030464
2226740857
7738677172
9137630035
9867169619
8850609741
8779767119
9004569981
9136005339
9969082088
7900132981
7045550916
8928755217
8104966278
8655634011
7738645223
8181962962
9152112001
7977292156
9082192602
8853610680
9594412159
8097907185
8828675933
9076113500
9619295522
8976850983
9082385880
7045192640
9820561618
9820442027
9819163763
9372392627
8767842199
8291006668
7506555006
8097333535
7506555004
8291242446
9220586833
9892382226
9773446666
9967811529
9172502105
9552592901
8071648207
7504041818
7397900697
9921392827
8888727005
7588802451
9766712107
8329438593
9822292955
9209235353
9513482748
9595040707
9289922337
8308941320
9284970310
9970331888
8055772735
9623380464
9890906786
9822106126
8308555571
8600369438
8446645732
9325022730
9850550699
9422408193
9372449898
9881347271
8149264527
9890544409
9881088104
9762800992
9766666376
8806640981
2332621430
9766221160
9960789942
8291472053
9881429356
7058324786
8037907610
9922917059
9823319388
7385403403
9545011999
9404287808
8668204104
9561044944
9175518003
9112994619
9625552777
7767877767
7058843363
8149907894
8329742620
9623425317
9373494957
8746920307
8329771415
8888268283
7949294059
9970217304
9975699467
9822370889
9594820351
7620734063
7020358211
9021090891
8071370554
9403625313
9423267693
9021359555
8071326760
9860074465
9970707377
9552089697
9922966754
9960577702
9860418323
8067519095
9822082049
8069840384
8069351917
8069753025
9096951143
9370101033
8069844648
9890931645
9822314279
9168331458
7420992858
9923924820
9890377110
7756870073
9673965485
9850508788
8069352461
8956565289
9833203022
8828829444
9920333301
7506555005
9967666486
7208869935
9653155584
9987925254
9004479652
9769558290
9969636796
7507110033
7777093114
9819178286
9821030599
8369092832
7400033358
9004863410
9870414657
9820477964
9892482229
7718895107
7045244835
8369344794
9054318567
9321766280
9167659494
9324222657
8097142161
7039555577
7021096081
9004082169
9004279175
9082215257
9821778755
8169112904
7977870847
8591300610
8291093750
9767005174
9152776652
9967880183
8169701558
9167252225
9137744276
7506721217
8433664580
9867877806
7400402916
8424099219
9372209524
8448774573
8452952089
9819023324
7208272555
8879933953
9004260529
7972027551
7977520923
8850205366
9082886238
9987765588
9769886878
7738900163
2243437000
8976820082
8850981520
9372243917
7700996753
9920438841
7977623051
9076177787
8620883333
8070222333
8055885598
7400387970
9167903060
8104803915
9076023111
8591547873
8767870818
9833318880
8097664655
8433979767
9920918849
9004792283
9953225205
8591331099
9702637971
7406599986
9619482426
7045537331
9702243515
8828317827
9987556895
9870630786
9930930200
8108608266
9619000302
7900041729
7057826154
8408043667
9294923003
9922375553
9511897189
9595847685
7219008981
9923147786
9881824900
9890160483
8482812501
9960959426
9850071252
9403139294
9604056768
7391077618
9850969181
9970255258
9372146085
9860306801
7385515259
9823526003
9731089613
9404367803
9422042004
9619980913
9975168313
9823350350
8830953209
9561417108
8055635580
9665568262
7666349808
9860857453
9021852019
8983010076
9890862786
2332531106
8600705581
9923472334
9289922311
8071650818
7721072244
7620339394
7020261065
8104884706
7798886013
9372994949
9022341697
7020660309
9370602359
9890248191
9822268260
9423333337
9881053750
8600089326
9823839839
8605146027
8007177841
7020042130
9890444275
9422066419
7083667576
8421252688
8421033842
7777909537
9763139304
9970640443
8208688188
9420663336
8007810082
9767460347
9890450023
7875696013
9552961526
9850616407
8669077798
8482861972
8433537760
7447207210
9284470690
9422067095
9545532777
7218364955
8806125539
9271400000
9356579898
8888824237
9421767961
7741910080
8830491724
8830983133
8989778484
8380995599
9850724480
9370404753
9823592939
9503207733
9421301000
7039128940
9922447722
9834177211
8485874030
9137030108
7666291082
8087240867
8600328932
7796717575
9860576408
7875119444
7709315269
7741013256
8956059282
9890306622
7058680166
9511663233
8600636339
9595039595
9665475767
8087925588
8698247153
8484879066
8237923921
8007375816
9970529900
9850433339
7276088383
8668336967
9766175959
9229398686
9405842747
8623938919
9604629000
7218830050
7070145577
8655683212
8407916054
8655683211
9823751595
8446565611
9890980361
9595650504
8888837771
9168248248
9168582767
9359604272
9765535383
2402351612
8830330491
7030980970
9518983524
9730408881
7219308807
9272855656
9028643254
8657446543
9890578657
9422294411
9503670608
7030172060
9657617051
9823017535
8788773528
9511909150
9371306189
9763126320
8007052224
8668441180
9049687666
9975152808
8888035405
8668515745
7517519633
7666100179
9579777786
9158375856
9762979011
7744877930
8855901719
8055880074
7018022501
9970021375
9423707879
9422888315
9371894018
9890497328
9975047776
7709859098
7972491965
9175444454
2269386700
8149985698
2402301354
9923801430
8530406078
9850140014
9552935441
9923214545
8805795032
9004221681
9869539443
9920674631
7678015888
2228121134
8879714179
9930866298
9768829888
8169901597
9372207306
8767378984
8329466052
8237386279
8788929543
8263931153
9673240107
9869175890
7798750712
7030491359
9665833763
7741946819
8779523693
9765033588
9545081580
8552892777
8668425828
9359063155
9167902949
8421998831
9130026177
8828055317
9096111284
7558602931
8010757854
8286518242
9096552711
9561768806
9272355831
7387645371
7758093517
9967116600
7715929529
7798447262
9356761180
9307121800
7567993998
8007361234
8269909998
9096551552
9890475858
8446562375
7559195467
8975176683
8421231708
9096998990
9960537706
9096482329
2502334420
8080439947
9860290017
7410534666
9823918841
9920979998
9867655162
9808044044
8766571993
9619940166
8668620830
9167657360
7977537915
9096281006
9322754533
8149327815
8668784003
8788092544
8828278883
8767382584
8888028294
9168998179
7869520846
9822101091
7249198722
7972460124
7757099085
9923290817
7377788893
9834277903
7410004950
7757964268
8149604554
7977889388
7387898879
8788948700
9967272988
7276547769
9767879879
8879321916
8956555768
8805879879
8888155533
9371251251
9021242216
7719879879
7387927492
7977496750
9022039571
8850188204
8208258418
8454042323
9825874293
8448480966
9021880235
8087868547
8055562519
9022856146
7028870002
8448481408
9769636663
9320724546
7304064166
9923268886
9518958799
9860360120
7410148179
9987523277
9527651881
7276145449
7397800988
2502348800
8446055409
8408913475
9503458884
7276644144
8698111006
9768985544
7977761989
9699797776
9545711560
9890873129
8999769838
9834122940
9307859488
9004705310
9867556663
9158494140
9769525314
9833655758
8698747207
9833840370
8149727145
9890329546
2502332297
7021923028
9819625381
9762613082
9136968259
8879367986
8108867935
9867440065
9819652823
9619910553
7977541129
7738515163
9326409207
9029039386
8369984353
9909630504
9326765070
9769196268
8655633427
9920026174
8097840850
8689944557
9821097631
8433535555
9769396268
9167205353
9223284127
9769477782
9892734397
9821038324
9619618344
8454937182
9892649153
9079811715
9324112055
9769388005
9492741313
8692080802
9819935640
7304306201
7303977131
9769680115
9987194332
8080474545
8080433939
9799021740
9324703845
7710055553
9322045797
9167824037
9769412299
8169326990
9920761401
2402329843
8830089413
9168618643
7262098124
2402335425
8411847777
2402322309
7350977723
9172916623
9359313149
9370789407
8530769479
7588076537
9422209881
9595285555
7038004659
9834653381
8788193316
8329439259
9763083485
8390893331
9890354936
9665028700
9975966226
8788108863
9623547828
7972476194
8087797707
8879550676
8879604463
7020554699
2047138733
9075279224
9730544683
8806008908
9404413050
9174474577
9890194487
8108504400
9767893305
7276635353
9326605999
2533244385
7447411133
9763482280
2532669051
8421466685
8390294295
8007286874
9822054369
7020989097
9890417947
9309903681
9503132737
8971994033
9082952829
9987070874
7506954709
1800118005
9004225224
9987229960
9730657998
9890678073
8669877123
7447433944
9607236524
9767342280
9823038749
7875221329
7709120057
9699657323
7977334640
7738813070
9594700512
8080444856
9307758331
8451999506
8071178251
9619774545
7718839185
8828223061
8779790591
7700997043
6239040825
9920253101
9136616479
8452052234
7304690989
9527773528
8286910493
9867538624
8591342773
8850029843
9930350898
9076223889
9819116133
9819292542
9167591515
7977682828
8738923580
9323511117
9765670709
9930104828
8928091564
9664214676
9820010899
8080503050
9769569968
9867837171
9820686472
9665456625
8010050397
9819009004
7303338480
9324203623
8928880434
9892977333
7208629545
9819004292
7977944836
9769616262
7021569148
9152979188
9930555328
9082229587
8976284804
7498666667
8657540896
7208649920
9833938423
9800390039
9821306619
9732002751
7039532476
7738000479
7021474940
9152013766
9967816964
9869322580
9136375998
9930426641
8169158008
8369283977
8657885181
9372207987
8850516696
7208947845
9930161734
7506365566
8655477466
9082103126
8082255577
9321734983
9004355366
9987796268
9664545052
2227459925
8655895517
9152218922
9702517999
7021671991
7775999166
8446641810
9890683426
9823237727
8828682372
9765663401
7738446708
9029290200
9834045570
9833830767
9321482891
8180039615
8626073889
8237444080
9272554339
9822390375
7038818181
8806009020
9403599194
7400122486
8087120182
9226622002
7768027240
9890462087
2512730252
8149808495
2512701131
8888391839
2512700815
9822825245
9881217775
9890245646
2512700606
8999644185
2512731884
9822045540
9890359000
9960551974
9673605551
9833509378
8850125208
9820361004
9870373116
9137598143
9322015040
9527797562
9156096082
8007074088
9922911551
7499325190
7558769591
9822081721
9822233399
9545393467
8390004995
9809717817
9518703158
9325396456
9322167531
7249632634
7744881582
7709993656
9664552379
7498266920
9137187950
9821165041
8104628139
7588916769
9338002002
9420020202
7770000229
9527665151
9921623903
7887305333
9422243747
9096668797
9970585716
9422231305
9422217510
9850970835
9420223218
8149789106
7709964730
8669214433
2557221710
2482232366
9579421725
9766227000
9420349913
9309587234
7620857664
9011470172
8983911177
9270143147
9168414666
9422433646
2352227177
8308179171
7045018486
9420739129
7218999777
7769978753
7498727636
9011831800
9890235354
8767623357
2352237258
2357257881
7796475192
9404942826
9422434028
9049394516
9870012127
8291311912
8007655431
9403638743
2366262160
2363273740
2321250005
2362230023
2362242028
9420207055
2362222508
9423658020
9987109258
2363262754
9421238925
9420378103
8698490745
9422012184
9619934459
9657898910
9920645501
9822587955
8446230060
7774021100
9870754552
9168177423
9960057011
9930591242
7721934171
9404905841
9423381342
9405495220
2362297400
8069840421
9158363666
8668600535
8055519000
9422092152
9773027013
9518346601
8080111151
8459661010
9158689897
9075522023
8767452600
9765447171
9175688406
7774083939
7709944088
8459120901
9022948385
9975181270
9096176819
9922779114
2512705668
9850876373
8355936868
9325006755
8888552347
9850197000
9323222999
9822414296
7499371739
9322260100
9359138522
9011509320
9373626365
9143945945
7209090981
8329653625
9321216060
9004241717
9004114337
7875979247
9850876157
7303549549
8421292343
9970395215
8299311627
8208141143
9921053868
9767022281
8600562020
8446214744
8667226235
9284407110
9822122736
9175779905
7776052882
8052649226
8625969862
7387833151
9665338760
7045351538
7030891993
8668333151
9665599000
7350473012
7218170832
9373724376
9820717291
9321632500
9860333266
9860553355
2512568196
9850532034
9822963636
9890017607
8087150643
9594300758
8485857573
9823331707
9158334374
8080069300
7058909913
9769763456
7775066622
7208562928
8888281118
9767050458
9324627180
7744859876
9821969594
9307652409
9321293722
8087008527
2512608899
9653106820
7058771617
9922911922
9637603350
8105696977
8793666112
9922666702
9652484928
9595494942
7972801123
8600867434
9822247171
7083198816
9922733550
9595664415
9209641118
8071326767
9890008365
9834505895
9422457211
8446160621
8855048470
9975545786
8483088485
9373989593
8999782959
9518780597
9588412816
9881238411
9309182493
2245301792
9822679728
8069352468
9422069391
2245301905
8067518103
8067331851
9923159149
9552701312
8067518102
8007300180
9921679679
7966246781
9623597007
9767977653
9527869964
8421364443
9850966545
9921857005
9850166117
9890888361
9809004500
7942728550
9970766775
9096524144
8888883730
9975524408
9289922692
8071648005
8071648012
9804184184
7218754445
9422461880
8180032761
8668466993
9822957733
9922080999
9970739300
9890975790
9422066204
8421993714
9225793299
9448748344
9766197909
7020662029
9049298444
9422380305
8071649420
8605909690
8830984989
9289922309
9422521095
9673737357
7275707371
8071963424
9619596275
9823237975
9579378065
9890013525
8605572015
7744057488
7949293898
9764341108
9594820235
8071326743
8045950767
7387919894
7038647300
7942728617
9922874488
9767095032
9130223022
9850849478
9890974898
9766987799
9158271007
9765572253
2228258484
8432133666
9527768807
7066233679
7219773933
8169918795
7020235105
8369409188
2363272429
9405533440
9403071465
8275809239
2363243003
2363272622
7507555191
2363275257
9004738822
8291276789
9967167591
9881637047
7823807310
9372495275
7737752323
9372238290
9867448483
9833962109
9579025059
2141225678
8446993014
9158483546
9833019303
7715963851
8955457765
9594098984
7057931115
9004416573
9769650993
9112781986
2228362110
9922263115
8087186196
9324519297
9702921292
9096967979
8850818742
9320201350
8169437966
9270012656
9960792694
9819313599
9226318645
2226484959
9321384025
7387377057
7040704041
9987879356
9029736802
9870073056
9820514726
9930009915
7021280529
8983197120
9372958485
9860376955
9822099965
7700042131
8446117720
9172152228
9322986301
9819993293
7420971605
9096346318
9892565242
9321350777
8087974181
9867214701
7030542880
9225606656
8806025959
9822111484
8007052769
8459024113
7039003003
9049366521
7507599464
7720987028
8975551144
9168806323
8591997541
7756939324
8600712425
9881494700
7977665075
8999934981
9975137030
8956517555
7719809550
7718657187
9307758326
8421962400
7499228176
9108125260
8010685933
7447557072
9823272968
9689525331
7559123116
9561194629
9970670111
7447888478
9028658900
9890049877
8767567567
9619051707
7757954213
8484904543
7030155123
9867629126
9767295378
9922667582
9960737667
8888745151
9766818914
7559135692
8468973959
8655439437
8446230349
7522952686
9561567133
7507481318
7387775046
9284475519
7350112565
9067836912
9702865458
7887331352
9664351291
7768800123
7410595111
9175510018
7709764236
7709699927
7559399481
8779894900
7400009313
8208231556
7410569555
9324291819
7304930402
7030822341
9867633319
9822662265
8600766425
7021976643
8237751509
7387533078
8591692567
9867964422
7755959443
9773006045
9028672567
9226741466
9029071785
7447652356
8424028003
8793844205
7397905238
8591107297
7767835839
9321754532
7208725008
7387779363
9022161056
7499025626
7219026274
8180927615
9326809058
8080720700
9175069315
8983172919
7977819030
9326557996
8652763915
7387562993
9850062495
7021771963
7447701105
8625034545
9869588606
8087660973
9767983331
9769330806
9146101240
7020270007
9309093327
8700606597
7030911011
7397998535
9324367237
8369927710
9225533730
9822530550
9930579090
9082790239
7499561686
7378444950
7083597151
9967249029
8087139029
8446566559
9892829998
9021303340
9356558959
8369208322
9987471123
7718884934
8459295007
7400454220
7397906421
7900026413
9082450280
8169462797
7387315778
8446537307
9356275019
9322170500
9321555682
9930424767
8983455580
9022653592
9167662883
7066980635
8999367335
9371572099
9323232420
9765605898
9890562999
9823681423
9767503173
8080773330
8698028440
9028357333
9766897626
9823424939
7887721401
7030690990
7028547447
2522257177
9503878078
8530539090
7500173458
7021675188
9607856832
9860557040
7448190007
8796403747
9049148089
7887519167
8108787287
8718994519
7942699689
7263814389
9136731594
9970992037
9373055621
8433781860
9670210682
9822836214
7021857840
8888808435
9271618185
8104153876
8208490438
7057353888
9987748028
7710850209
2269047470
9284290882
7378491784
9850087437
9011133946
9011512051
7767891500
7391091173
9423380210
8484822669
9821540063
9168683561
2114273760
9545417400
7972258016
9824231065
9421944951
9833288374
9156589326
9762842580
7057363888
9028698899
9359295101
9850666462
7972250052
9822521875
8087316147
7774007794
9604883003
9822960141
8421161176
9096211926
9881124993
8554032285
9096395400
9881625000
9860621945
9028881194
8262863097
7720930201
9867754548
9869879933
9967123826
9930974742
9930937679
9136093469
9335004480
8928435366
9819617601
7666316666
9867931051
8976090760
9987093661
2225919898
9819777538
9371965533
8080741971
9967759594
9819588222
9322909930
9324299109
9840020243
9920575752
9821725561
9324372771
9869071366
8850040474
9326633213
8104005813
8793217569
7011784499
9702350202
9833442097
9820697944
2225617541
9323532909
8956766991
2225677500
8879424647
2225679111
7039076999
2225683014
9987913588
8850134055
8071326750
8668948134
7045107536
8071326828
7961733654
7961733657
7066222245
7949212469
8447343695
8879208344
9545852160
7122520382
9373623636
9881613124
9370632959
7709025974
9421842561
9371720710
9226771258
9513882820
9503717901
9073990317
7722017188
8071649372
7447444227
8652820686
8454961543
9029665661
9004891714
9029273655
9967079969
9321474872
9869973446
7506102919
7718012926
9270781505
8390907004
9762786678
7499173008
8600723057
8228022201
8390975050
9359326886
9146494044
9004315210
9850595383
8999439803
9702084572
7290093971
9767977897
7448002266
9689823219
9970944524
7498238070
8071326779
9167061030
9850009872
9324490019
8097869245
9769557053
9266908222
8976412737
8355897840
9769820107
9869104676
9819532766
7208403826
9022313214
9892579211
9920689077
9768931306
8879108884
9702212798
9892436020
9970840786
9870465826
7738261259
7054775751
9768351565
8591252729
9699324581
9833604774
9821967125
8037710332
9222999886
9819955466
9967323560
7669223382
9594917044
9619724450
8291131374
9326372173
8268638826
9769084112
9699243826
9076669990
7506631878
9004568357
8169361314
8692961562
9619367828
9664344973
7208035374
9821332112
9321816679
9930500045
7303540340
9082822552
9146538083
9904840767
8655444744
9702535617
9320440400
9930444224
9833929202
9324827190
9324992933
7977076363
9619333939
7304773097
7021369395
9004494605
9152756191
9324909716
8879718409
8879882757
7506507353
9082810047
9324074796
9594130630
8879521785
9607517713
8898869186
8652715591
9892854796
9029596194
7900172874
9191049104
9547673737
8108199218
7208438502
9167744725
9892938809
9028660104
8693822564
9833829899
9152249387
8286058999
9004999551
9763569339
9823770644
7738968121
8237181917
8149266568
8604780265
6262808026
7304156949
9867892309
8001025093
7506000067
9326634793
8779201332
9372882645
7304941074
7304622667
9768464808
7527877777
9004273724
8097516250
7770005964
8879829236
8657682273
9321212233
9892810384
7738306069
8652162185
9930500070
8369210361
9152221005
9004317568
9594426764
9702770265
8733965363
9820424248
8828162523
8355847640
9619588666
8879944339
8879181224
7738227798
8655857606
8433822611
9819285553
8850000833
9326037026
8104768314
9322515862
8286975945
7506290209
9136821001
7977599546
8291941613
7400117867
9958682221
7400465215
9619230156
9819014393
9619321321
9820395745
2248257855
7700077697
9220834170
8976878945
9869242255
9987835118
9322591098
8291933440
9820852660
9920030136
9301037886
8689890685
9819015557
9653199193
9920655455
8928289306
8104149913
9870183330
2226396820
9967094054
9930354567
9702678376
9136938551
9702241905
9819581085
2266997992
8655081008
9969309410
9324959389
8879010550
2226370611
9699988448
7304906623
2025655021
9969390905
9860264713
9324652370
9702820635
9322311280
9867417949
9702464434
9820587570
7738884397
8069200852
8080800104
8981545437
9076003444
9820655050
9821091974
7045733915
9987711177
9811393930
9321035900
9818084614
8080208473
7999686896
9619900754
9619554447
9930783990
2226398758
9815160297
9082765162
7057948551
9969985563
8766588423
9004268585
8169207352
9926814986
9004569837
7700910592
9324564063
9594022835
9967113531
9987346651
9820843367
9920051286
8928231469
9320036937
9167161640
9136845567
9136154994
8910035813
9140477181
8169249823
9152056173
9920124328
8850899901
9821081724
7506681310
9987754312
7020072403
9152570912
9867763338
9892418097
9920150472
7875251234
9821476189
8879041667
9892869039
8108997999
9653334875
7977066091
9167908432
9022036292
9867572565
9820063913
6394814381
9867622284
7400344496
9322672676
9892306594
8369280094
9930275880
9821071225
9769937298
8879855527
9987491685
9320111331
9769079414
8828572066
9769945022
9321740243
8291202644
9619345777
9321760340
9594455361
9987769566
9819470380
2512454527
9769596333
9167550417
9820938898
8976711149
7678093575
9987694996
7506315192
9664172641
9969039899
8318760876
9765600701
9987908009
7977075751
9987026230
8104743525
7400489249
8169549151
9819080959
9930573231
2512801545
7320066110
9167221413
9892880555
9821937463
8169685372
7710976477
9076069056
9653667298
9004928883
7039335731
8291658232
9920127388
9619142026
2266916600
7304514677
9867373778
7507090103
9819630504
9819419811
8104254778
7710897911
9838787171
9920305237
8082763866
9356811452
9833545755
9833435337
9820320086
8356959995
9167327533
9082516323
8879385698
9220937688
9769070899
7506530596
7777066982
7710010105
8898185557
8291267025
9136140519
9867248882
7710974549
8067519068
8112559236
7400394429
2228106213
7559422637
9323237453
9819080613
8591242234
2228111444
8291355513
8451034718
7709587929
8655605624
9056469160
9820779991
7208405005
9867520529
8073071734
7045026529
9372526012
8779470041
8850230788
9867329117
9833895070
8999744302
8779014078
8779420783
8000244800
9323202894
8087451183
9322141455
9987166983
9987163399
9322392881
8999471262
9890194037
7738266392
9869145824
9890189249
9890740766
9371709966
9765396401
9219995312
9226529014
9115732571
9967481921
9699997896
9769041259
9209809921
9172667572
9820365031
9152171715
8108974857
9130031315
9834712202
9860785773
9209264246
7558797142
7030550066
8421619967
9112369933
9503797002
9321416716
9967458882
9529224328
9765137579
9764734304
9930853366
9322197673
9322213632
9730548660
8208424609
9892567446
9665144472
9702090212
9766266159
2502384142
2502462427
9323744556
9226898727
9323682840
2502381911
9987241605
8600638671
7030999045
2502523698
9860414472
9930607550
9421545443
8108424433
9324860518
9152306655
9699223819
9730886920
9320008801
7208011844
9167995266
8779683477
9769749253
9284375387
9833937258
9167525062
8305893418
7987103968
8847752755
9072012384
9289617247
9322372512
9136644575
2512027147
8850208524
9820396844
7039590555
8048045313
8657046736
7506164327
9152018883
8855800115
8550998836
9987472814
9670477011
7021136650
8355881553
9004026556
9763064887
9820969959
9766822997
9890243638
8888718584
8080885588
7303073072
7738711200
9890715627
7972095532
8975330266
9595802208
8390672002
9209088000
8806668344
9987543554
8208165561
7738555005
9930066664
8799965640
9324881926
7678036105
9730542363
9152233331
2162240309
2266541416
9762567053
8237283866
8591287783
9970352166
7499996125
9921120931
9960602244
7738233845
9960590593
9130830751
9877739970
8240401541
7738090547
7905588183
9664214247
2227456071
8976242884
2227491920
9004075555
9220892974
8655590063
9819677368
9152484326
2227483068
2227459489
8369923704
2226502546
8169773088
2227455461
9792949315
8779199291
9320956466
7700918045
7356027033
9820996558
7045530365
7700927563
7208112331
9820997767
8655373616
7722819634
9082626591
9372619362
9890807032
7817968812
9767537799
9422074487
9264964009
9850330679
8308698033
9993269392
9635938077
9022283900
9300483967
9137650910
9320148777
8850518416
9145333355
9890494633
9519395529
9702851811
9511648472
9209699426
8793627445
8383006789
8048261632
9136031250
9324060860
9822176514
8956027067
9152925513
9152097139
9975241279
8976769646
8591181359
9850010865
7943443718
9527250332
2512531111
2512524618
9822371632
9156873135
2512534733
8180906666
7276434124
9270690484
9970188262
9527289293
2512524615
9323004308
2512521912
9881274741
9022222264
9890494766
2512711449
8329650262
9156303694
7709052166
8452000406
9930850846
7719931999
9819633459
8108509628
9167383080
9075421321
7208314931
9356136933
9167177711
9273105862
9890117020
8087512475
8668624237
8484842299
9422294070
7507691203
8055879993
7276757409
9423479425
9699604060
9158182554
8055608388
9021330001
9730003646
9765007772
9823229977
9890403868
9372777727
9834276198
9270059015
7820924131
9823068571
2402338631
9767375262
9823917197
9423153376
9326203972
9765253627
9970781761
9822908224
8484870700
9860173434
9325601450
7498522966
9423781631
9049385854
9823629452
9764952751
9766151555
9309169278
7972511471
9527095660
9370700414
9673636209
9822092807
9766238999
9890031740
9673606158
9373402907
9284929623
8446149632
9779775671
7507832641
9325204110
9226432632
9595989825
9850132121
7972734846
9850888720
9881525596
9970927819
9673296816
9767576382
9823296965
9325221497
8657888119
9766842841
9322670306
9423779420
8484072417
9762405212
7387301786
9112443117
9890070986
9371812686
9890111460
9326209722
9422711198
9326203324
8691049152
7798766611
9168503018
9970116644
9307266813
9552852101
8007697003
9834212803
9823354978
9421662809
7888265959
8087746499
9370090835
9823294557
9823460450
8062703211
9960005402
8062914793
8062914099
9860970433
9860554658
9822371690
9673903857
9071117124
9699936936
8082294284
8855055594
9099225678
9822910885
7844994499
9146390924
9356952839
9820655991
8149149003
8355920083
9028255456
2250036900
9503279059
9529008060
8425919268
9970637515
9321073000
2512712065
9881355656
8069955406
9922998944
8421446466
2512560003
8983251788
9322039673
7942713395
8097896419
9320206363
9822445673
8857881057
9322633204
9322703020
9834519963
7304496444
9307617221
9561902259
9833365301
8356061480
9223232559
2223881724
2227462886
2227484000
7506193580
9771496998
8918563014
9819978088
9819561931
9004051641
7666344221
8652111339
9004695723
9594222334
8850134424
8422986521
2227452321
9820866856
9769233537
9029308508
9022759022
9819346163
7448933618
8425809976
8888231888
8355879374
8928419080
7303555512
9527434978
8691815110
8369799532
9702637852
9482717752
9869673415
9022334464
8530450399
9175822207
8369830324
7775022544
8104679941
9819861079
8600353355
9226530242
9890053179
9082078796
7304553215
8452988599
8806970902
9920902714
8087538133
9004400168
9004689424
9999891715
9075499111
7798070009
8080860083
9156865050
9321122557
7977946005
7304328809
8928030146
8779298268
9821717296
8169614673
9833639070
9967952802
9967446051
9967975349
8097926555
9820274073
9324422238
8928481182
9967028905
9920360237
8828426248
8356000863
9892252612
9307837286
7903236586
8850908567
9152625934
9821899872
9833667459
9920031578
7039496696
8369226048
9076157340
9137786462
7304627811
7208853386
8879327215
9702735729
8591408173
8104484873
9665540421
9833769885
7710033533
9769980478
9004338028
9819090084
7738284122
9768460703
9702466909
7738000873
9372983364
9175525899
8446119369
9820124414
9322210102
9730943195
9953884456
8655168232
9764597874
7798044486
9665167600
8168901940
9527169769
7741099957
9971578882
9766692879
8411986913
8652383568
9326476093
9221269186
8828278070
8805588599
9890536596
7756098601
9022306255
9975783353
9137628383
9892742921
7276285035
7756069489
8698079120
8655017156
8855012116
9819256474
9921309379
9923705990
7303319928
8169011862
7756822614
9970528849
9137756457
9503788775
7249742394
9984866263
9820255196
9021157267
9372015347
7066881408
7249892703
9699297776
8087579041
7263019787
7414985783
9769211782
8976911837
9260127111
9011497474
9850903759
9881137583
7385195323
9730282872
9325522463
9860969609
9130912026
8956211781
8080920192
9370223119
8657575707
8766797018
8446666212
9168782018
8888349349
9860288702
8071890073
9922962057
8448086518
7588532142
7875083432
9921902087
9146197119
8600969050
9923153726
9595952095
7385200088
8793510825
7709778972
8484824967
2402484639
9225313111
9370070578
7249391385
8087052094
8087052095
8956936809
9595376727
9289418831
9890548949
8956180107
9172464033
7066050065
9373937330
9823016081
9403050161
9823503943
8071889616
9273430073
8888880864
7743966178
8071889615
9146921008
8421658655
9356983825
7028386999
9767622226
6366665815
9738500000
9421110690
8308851180
7709377775
9881349996
9768823823
9890890867
7030506090
9764251797
8668514494
9405526120
8600050014
9850849394
9156025269
8411965001
8956797877
9270977077
8380095094
9130577712
8275919798
7020089153
7218330909
9766036657
9763876474
9823064710
8600822555
9370014244
9158578484
9145657674
8855913977
9970057498
7758823030
9881511188
9422045929
9860944005
2312642924
9359591412
8421885666
9850692056
9822111007
9766050486
8879777999
7083175029
8369581809
9152337006
9819927771
8482928589
2512682874
9969291305
9702836784
8097794012
9947962179
7276791816
9923881147
2512603211
7350340993
7058513585
7738220215
7875887459
8976264779
9309925383
9870245805
7219592500
8411010091
8369159269
9226750030
9821890632
7030214214
8208379978
9833755730
8181814269
9167951445
9834352927
7030090045
9928816974
9324234099
9822194940
9890253444
8806800438
7030330051
9850753737
7304304161
9967669261
7798050495
8698222688
8275253640
8779389110
9766598394
7030197145
7385933768
9702666636
9320619424
9420464353
9920597009
7777802727
9152370383
8686317173
9167313615
9821769591
7977364764
9152975251
9029016474
7777074300
8037697491
9920469004
9175263178
8698382967
7276841027
8080529695
9890137173
9850357244
9730485954
9702735715
7208397585
8422887784
8007505505
9820012993
8605768639
9272555987
9634206204
9922771788
9821173566
9967204085
9004556808
9833511521
7039199901
9819099244
8422884415
9930799229
9930393023
8788292168
7021220721
9594002502
7039511789
9920691069
9773707304
7208762201
9082650330
9004627075
9167611259
9773534523
8080440022
9112251879
8788557178
2502332704
2502383888
9055666111
7498381677
7558748742
8177813794
8605444644
9529400255
9867807208
9987232997
9579835515
9029766631
2240120291
9322829626
9819344344
8169443196
9987700047
7020877853
9516504105
8879296034
9619010876
7666667351
7021066736
2228166017
7977380865
7969002222
9867501483
9321813174
2228977184
8561985619
8108101104
8454900577
9324780379
8104356633
9769315150
9320008069
7400227860
9321290268
8451838889
9819621717
7738751401
7304455088
9221439536
8062463590
9967298302
9054000555
8866445311
9324555076
9152104018
9768141056
2228049600
2228557777
2228902318
8879740609
7700029403
8983781610
8108937162
8450995538
8879634541
9372895410
9653138251
7303033651
8879454816
9004600654
7678069800
8422840313
9820535230
8591912121
9867949275
2226350031
9833006207
9707885313
8602586633
2266996673
9970577285
2240149377
8087080870
9870101786
9136213621
2262810312
9892442217
9769664444
9172819876
9833963738
8452029966
9820133492
8779287278
9920321210
8591165633
7700998630
2221630391
2245301850
7208943804
2225933636
9321657796
9422519135
9766808053
8208217811
9545057019
8087339510
8793134660
9513445957
9823119666
9604638450
9011323611
8888735007
9422544405
9850167040
9422582818
8282838374
9535932403
8071889831
9850845058
9890473250
9922249222
2312640289
7030079006
9595279292
9923438813
9284960615
8805900291
7020738614
8062703142
8062914791
2312540521
9518976100
8062914282
9923909500
9834381614
9028481617
8208555319
9175783330
2316610280
9970072172
9860016884
9156382904
8552972468
8432279595
9226153030
9665757629
9422413038
9607196989
9822170597
8421225024
9423286241
2312640350
7385658480
8275483900
8071264656
9579632293
7020096964
8378837863
7276222286
7741846310
7887868054
9823389786
9834028452
7350551399
9021414437
9021166991
9595163217
7447274482
7774949808
8087029157
9822269128
8208817656
9960859988
8983305550
9175766061
9730632380
9594815341
9370411076
7045690618
9767843020
9890214717
7620424854
9545581503
9860115936
8275274612
7385103252
9850562826
9822476513
9921084761
9890189091
9511828625
8390116789
8421816470
9028916534
9923009572
9730871471
9422352644
9860700553
9881837255
9423856920
9096414678
9271202343
7709636475
7208369624
2226248611
8655460002
9305704314
8390328493
9322223103
7249729086
9999891366
9870462235
9820077633
8097426941
9223213286
9665400836
7757914367
7720887799
9967910710
8530067676
7507819908
7721944144
7738317775
7021898909
8007724979
9834419963
7506058869
9833471020
8850566259
8850971041
7738635956
9892984704
9892437810
9224174533
7208721657
7039351962
9769659424
9820831242
9594065677
9769227942
8959868978
9167622551
8097781741
8594122213
7039358929
9152585327
9029687080
9920864324
9653397657
9892594028
9886025209
9326783466
9892223883
9820870330
7021765526
9867988750
9820462046
9324220740
8369845397
7304350625
8928743705
9930000936
8108411298
9987924523
8097479547
9967849692
9768616908
9004884006
9987188762
8082057043
9819201035
9820997224
7208325502
8652524040
9082075839
9930912609
9619909955
8655314072
8879929560
8655231797
7683022563
8767169381
7021724197
9594391919
9725999465
7898851677
9892923542
9326247068
9820895122
8959605662
9702060862
9004717391
9987909119
9702805684
8850893693
9082398177
2226742919
9967100441
9967587002
7977387545
7860504504
9967329459
9820910891
9205861757
9967447533
7030893377
9049444429
9595939510
9975265284
7402151015
8888105760
9822342228
7777882275
9970185558
9767212034
9423238235
2172749641
7276209109
7276162122
8055103553
9890630627
8983172407
7276324242
9850000340
9422067100
2172721983
9923970123
9371202050
9850092568
7083377344
9511199171
2332381715
9379979999
9503906235
9325803903
9158332299
9695133177
9021770583
9595517070
9529484548
7276304004
8956020104
7350715078
8956267153
8605947481
9175906709
9404289755
9823156090
9423731050
8929854894
8055425959
7353456245
9096475146
8793373002
9422041225
9881299990
8055708673
9270339966
9823649292
9975161661
9503444402
9372294722
8600489121
9850054504
9371164336
9403723807
9765324770
9422613402
8600019250
9373737075
9822592218
8291450656
9325051033
9423035685
7385708650
9619040809
9158176100
7745011400
9090809052
9535932458
9511209206
8071889911
2332624441
9325608246
7972475006
9823440707
8600997155
7738096174
2261711919
8062914337
2332333362
8183848585
9860578548
9766124367
9769992330
7506703634
8888162726
9136918525
9167255740
2332331123
9890591948
9930303436
8169607255
8454991720
9112338071
9890908090
7506164972
9665656756
8047497888
2226336377
8369856674
9987259635
8080100777
9819050366
9136114212
8879656667
9109265622
8928299399
9152892999
9823651010
9021793668
9730624232
9359662542
8806720222
7020275995
8793813430
9823447409
7276157815
8888358575
8329507871
9987086003
8329806447
8483099669
8698760002
9371286941
9822912607
9370930846
8062914108
9809090205
9764887732
7350040585
9545911111
9511213926
9850274885
9096185102
9607872727
9028931348
8646050505
9067865109
8956210526
9821783434
9359725960
9137388835
9422400858
7030562000
9595323773
8048007616
9822454854
9021630304
9822637203
9921991251
2162231309
7741067382
9764082211
9422038084
9763408267
8888816668
7887882929
9822054564
9823477330
9561213934
9588657138
8007156060
9970307997
7888006392
8888501909
9822602652
9850155708
2162227440
8062703135
8062914413
9975699222
9370687860
8956944120
8007199696
7020829952
8956567493
9890566904
8788708321
9561927559
9881786552
9822196691
9822456225
8483834423
8308821916
9561158158
9822212751
9970171903
9730915948
8888327282
9765176666
7030296767
8855828350
9322670990
9011786858
7066232909
9359015545
7400600604
7058936666
9657714771
9161911117
8929852920
7040092999
2164223535
9850849170
2164224304
9970301969
9766558825
9595495332
9423033044
8806062248
9730614461
8505844476
8668623515
8830088318
9890749339
9595208835
9822431195
9822786496
9860935621
2164228473
9921553399
9420772365
9561858495
7350938477
9422891891
9850301914
8552948144
9820898975
9004509316
8149570390
7666558215
7039858160
9892740868
9321191210
2512363824
2512323946
8080243888
9892401950
9555609565
9224416424
9833347551
8898512324
9029294727
9820574213
9833433447
9819399792
9607885115
9987274882
9970809801
9136312529
9702448435
9167218724
8976621787
8169791606
9167303029
9920791305
7977413897
9833144568
8104645731
9663296566
8097498664
7040165600
9223450668
7991131060
9820979034
7400365736
8779239184
9664050159
9833012784
7715885675
9987266130
8108987074
9870866714
9769331957
7039175913
9930277881
7977486238
7020999537
9326670064
8779955927
7738503902
8591984948
9870077649
9820460330
2512430497
7039881830
7977557798
7030177537
7208713219
8452821411
8169499388
9136538984
8424041271
8655206479
2512439015
2512426682
9820656411
9321222598
9664933971
9892434250
9820244228
8108233332
9004171012
9119571521
9664636308
9822489847
9922275132
9822489200
9156135000
8087166555
9403378333
9706151515
9260660406
7020072121
9822035191
9767245886
8999072021
8329261287
9823612123
9766222274
9075040404
8999352558
9021021515
9850414160
9028197977
8055555653
9890761616
8605088066
9623909002
9860652020
7758809144
9823653344
8055807030
8446555559
8657568834
9309944246
9422345391
9850999586
9890916708
9422740989
9850222293
9270929269
9423165432
8805197056
9420754501
8237373737
9822264003
9423160126
9922223434
9420752181
7350140253
9270707084
9822272861
9890795728
9535935690
8446848882
9975365277
9423255755
8600265555
9822442202
9403663400
9225323212
9766440414
8983332333
9325497316
9270787087
8888111315
8062914749
9011227070
9850301927
7972935415
9860449661
8087157281
7722022202
8390070806
9850290840
8605334241
9823268860
9762851717
9422338144
9623455599
9422238811
7620156326
9890548721
9881881616
9822231984
9022292676
6744034377
9960584201
8237808497
8062915216
9657265265
9420579633
8956010367
9822637669
8956010368
9158687922
8390610611
9960998585
8956914610
8007480008
7030260777
9766385138
9765380820
7020139937
8888767514
9423835454
9960507389
9922955646
8657568805
9823609796
9665908114
9822037538
7028323307
8087475356
2572211795
9209211321
9371669996
9324917673
8830602018
9146942826
9822914457
9423607828
2572233087
9022963733
9823095738
9850824399
8329760277
7083634752
9960905130
9423186796
9535938413
9273177777
2572241592
9860509806
8788485636
8767426185
9209184484
9423936662
8087506010
2572229803
9370000040
8062914388
9373443447
9637777730
9730841900
8010065369
2572223970
9405446407
9860482007
8048417730
9028182915
9423148260
9403479180
7666881453
8317252517
9970744449
2576510557
7720940786
8087498874
7304999995
7387694343
9370111981
8956083297
8956180106
9960002267
8208000082
9881355253
8956914609
9511747569
9890147777
9822888878
7828076576
9823134220
9922088889
9834331139
8830029882
9422288388
7798637982
9823048077
9272734489
9923840609
9421526328
7057036184
9167167798
9823240104
9970511370
7840877704
9619128784
8999273896
9422771417
8888801396
9260629965
9356908279
7219384804
2562358509
8200089090
2562281222
9049232359
9923032800
9404188686
9145386017
2562238167
2562229890
9370082999
9420890890
9623496358
9921367459
9529774018
9819966660
9405988877
6235240518
9421944142
8329041166
7798725028
9657378495
9860493778
9421282808
8208569646
2366262234
9420739418
9167443232
7219079355
9923671596
7028888368
8976212243
9890476995
9422948970
7718931910
2352220885
8308081111
8758312668
8806428110
8552007362
9823062569
9923969607
7875620462
9803790079
8788827982
9420027333
7300444841
9890023300
9766116839
7977114561
7057258915
9284105255
7350743859
9975699662
9422111232
9766634222
2382243864
2382228063
2382223199
8999250451
9421519378
9730711807
9422468507
9763653208
9822847409
8421531735
9309007939
9822335886
8149706438
2462220277
9403214424
2462237885
2462238494
9850203295
7814398955
9766562261
9860548204
7720910426
9860870079
9370868364
9158422326
9137296469
8149353035
8007736736
7387022367
9022241202
7020731944
7775850742
7620674800
8698204356
9881888344
9527818443
9503181647
9552079947
9890254159
7887707719
8208450074
9423370055
9860113218
9764091510
9970114863
9028183918
9730979323
9011868880
9960697397
9422285089
9422787438
8788395049
8169765008
8956256511
9921113032
9404005025
8805128352
9881490082
9657411311
7498900710
8460002056
8766775883
9175309604
9975391414
9765433733
9921439304
8459587350
9168297498
7385766676
9823344490
8929051112
8291051494
7058592962
9172207055
2564224442
9370972322
8068933185
8733975255
9011900496
7767967958
9665566195
9420441556
9156700762
9595379640
9860412421
9284601018
8888518885
9730334455
8237447342
7276876078
9607043088
8411027359
9881518118
7066666696
9370171588
7028291202
9850300300
9284827604
9890959392
9370002821
8698529636
9371672868
9372628000
9371053221
9970304981
7775038980
8793299534
8421434123
9370281477
8552892776
9130447697
9370026816
9890461789
9767296888
9960582087
7035555051
8799917459
7798055520
8888668529
9370151816
9822694696
9167216315
7212568257
9767257333
9822717269
9423126140
9535932052
9049151097
9370530931
7212574256
9730303470
9422156120
9823725413
9404783036
9370152055
7020598188
9284780244
7499610685
8037377107
9146677666
8857078946
8788043530
9175468295
8062914213
7020944305
9422155318
9370151931
9421715388
7744962533
7942811824
8329927764
9420094578
7588762147
8055753160
9167006416
8082464767
9137991902
9137322232
9833098097
8655071077
8866666480
9222260006
8879773380
7738196832
9820050591
7208347089
7039031233
9987790627
7045601111
9002690014
9852098250
8291112277
8291945193
9853538888
9320793207
8939183077
8433899237
8591681418
9892571332
9324726481
9820093339
9819660579
7045663298
9820220895
8422007277
9529093219
9769199122
9870751453
9987268914
8850443511
9930197979
9820932266
9930008295
8655300999
7045704569
8805538219
9503999887
9860035002
9130198571
9270361902
7588946107
9527194242
9545939900
8888880779
2112222702
9423136862
8208315051
8624099646
9822517016
7972395166
8285915995
9762203021
8378995345
9657461703
8446797860
2114671111
9021504348
9653697071
7779945379
9321912626
7208964801
8007944545
9923491525
7350197400
7709770869
9325588554
8956156323
2250022223
9175646545
8530904885
9764617999
7262958959
7208535455
9226740412
8055566677
9309096608
8600603029
8805762500
8390848090
9284365506
9422383296
9769163207
9833322442
9503381655
9987017769
9270292567
9833297700
9260660758
7058829076
9850898680
9594656406
2141226301
8308876218
7709557729
7506755533
7028889324
9172030082
9321137056
9820638141
7506644084
9819780227
7208292843
9222115307
8767772626
9867931320
9594338584
9619922952
8452819620
8454973737
9321312697
9819530686
9867747779
9251143521
9930307250
9004062829
9322447570
9820074266
9137642697
8879492582
9833559856
9819192679
9875433088
8928726707
8976144102
9892987929
7066446763
8879049682
7976471034
8233731642
9082270377
8094224616
9819474779
9137051322
8652692021
8689888996
9167016100
7080803074
9987877116
9372300319
9137607787
9930579315
8977005506
8108038604
7977508141
9702143253
7700021258
9819126380
7715007247
8097379888
9769696984
8652532722
9071712828
9833726792
9920261425
9251242841
9619539191
9136017784
7900109784
7208226705
9699396919
9323886086
9819968648
9004036552
7208310412
9819585554
9322711494
9321736565
8689891555
9820710392
8655312127
9833919868
9167170155
7057740477
9594962506
9821692953
8169002125
7208654025
9594934366
9076470196
8657588321
8652020206
9967780849
7507111127
9833644991
9833021386
8103777999
6744031996
9920762737
2235202121
7506031628
7506415353
7700959550
9892348712
9619703081
9167622439
9004035425
9594281969
6386955418
9224023880
9821750703
9773465764
7738517042
9773843454
9870052234
8080112915
9699265620
9833606700
7506426121
9930865019
8879202020
8692837746
9821668694
9833170125
8097915357
9769749023
7021956217
9967185689
9137892050
7499903650
7738905302
8929805491
9205309541
9326735462
9870270891
9326701840
8451971423
8828570052
9355041062
7428094016
8046051347
9967507387
9546824171
9987112642
9619469785
9833732424
9867951140
9820203337
9221719104
9326054248
9920032111
9167007255
9172514340
7021380796
9321023139
9820465577
9619754577
9324432006
9372588567
9223261016
9766159419
9322557799
9082822723
9766636730
7977739520
9833371684
9763327752
9892179172
9930161680
9323020812
9324039731
8652273031
7718998154
9930826344
9821441169
9892601345
9594216680
9082546850
7021295490
9321001702
9320923204
9773293392
9870784039
9129125262
9322623221
9869643586
8071643879
8104849523
9833248400
7738257226
9967843649
9221086141
8779456907
9892068906
8108111211
8692999992
7738194075
8071889619
9594165071
9867575771
9322057597
7400219401
9892152174
9821910585
9987994695
8329599354
9321519828
9158141594
9892486419
9082669622
8758677555
8114451855
9819135509
7506353847
7774040406
9022727542
9372041803
9322231290
7977154628
9768262728
8828161962
9372447904
9975859473
9324309682
9867675880
8071893214
9702436754
9833361930
8268602376
9702144999
9322017107
8169409088
7900112518
8657201702
7738161977
8046038063
8879707534
7021678586
9833851019
9920730504
9987802220
8452022430
9987772424
9321878767
9769699837
9167410908
8080883030
9594757575
8422942222
9594757375
9653391538
7738070801
8828354771
8088721853
2241023000
9867710170
9930595635
7768941772
9773139498
7506714696
9167574716
9594646444
7710012081
9326965893
8291184411
9022222939
9594949999
9920148388
9920647661
8850492181
9987716056
8866000222
8108023682
8433936106
8928003933
7021612016
9818162916
8454877836
8422966365
8080044988
9137481631
8097671673
7031155111
8369472728
9820084833
8291429850
9324326811
8591110266
9646417921
7039897982
9987108287
9820002511
9004387343
9114519114
9820966773
9320043101
8879020104
9372084094
7977719464
9833155536
8097438676
8369484146
8655001178
9820240746
8828687287
8879617706
2267484321
6262818128
9819213421
8409702015
9326488527
8591751436
9833288320
7777039596
9928911181
8828411027
9967221266
8850728856
8355954584
9136806757
8779225668
8097266444
9702560669
9323303653
7977091306
8104973331
9167791889
9004170502
7977732831
9987891954
9372782477
7400176969
9703449884
8763028364
8369736683
9940385283
8169410064
8356920616
9594136252
8169874540
9022617481
2226177117
7666309752
9820635333
9324105995
9920900291
2268480527
9076170222
2240066945
9930984901
8424847542
7045622664
9820844758
8291122802
7990740623
9619829298
9892808033
9930495720
9820043926
9594335169
7977774526
9371145193
8097266575
9702006400
9028625297
9833988653
9769675793
9082674160
9082253634
9930796137
9372250533
9702886162
9833264831
8369586053
9372783174
9930390120
9820462293
9820512702
7020402494
7977859401
8600756743
9076497704
8591845969
9819711568
9920306158
7021153082
9833591629
9920115097
9322293326
9967055996
8655988655
9619250438
9769400641
7738034196
9820530065
9321671404
7666152391
8828447259
8237658792
9833183319
9036152009
9987553567
9920939929
9702707578
9930961981
8779296860
9820534794
7506774601
8082021642
9167636349
9309819673
9730582245
9136828806
9004491328
9867307063
9920061386
9096701970
7977563578
9967373378
9920254240
8779840005
9324829329
7777097875
7777923369
8080705150
7039184939
7039123065
7738550232
9029785784
9920649307
9820209129
9326555840
8591426110
9829516750
7039178339
6262929248
9324307140
9969004873
8484812047
8454828221
7506799678
9819876359
9820155405
9167068001
9004042968
8779928509
9136609037
7208003215
8070606070
9284025771
9892100580
9834830418
9626080470
9082646748
9987960931
9870215286
9757069311
9320074454
8879671784
9920725695
9969162789
7039511020
8850546128
9820797181
8806806606
9967514293
9920120085
9820098416
8369229762
7304880579
8097311546
9664789536
9930171202
9819150277
9920499636
9975059702
9930603284
8047092136
9724900854
8108128142
9004147442
7275065036
9930806506
9769831839
8929767497
9930686857
9930092097
8879310666
7304499955
9833358729
8369332600
9821682900
9082165895
9594347833
9773051249
7666452883
8657862032
9769324881
9819004242
9819003075
9820693450
7391019139
9076171508
9152825593
9320382950
9321748363
9323192442
9820798275
9969566201
9892975425
8591278195
7718839306
7666641992
9167879344
7021241437
9920771225
9619377377
9152012535
8850943925
9920547026
8108106737
9321296859
8800013069
9082468783
9769762281
7903370914
8800854823
8800854603
8037309040
9930198249
8800875890
8800897122
8800013117
7715878825
9619071345
9076371234
7710095924
7498971870
8779940056
9004078746
8302655216
9930645556
9930697407
7311169612
9820510983
9324702738
9930388030
9220770023
7666860021
9152913150
9987931811
8046512437
9702235770
8928988076
8779490755
8879409478
9619084108
8655594050
7715916861
8097847666
7977738303
7304902529
9930576937
7977969821
8779794557
8828853666
8080705372
9137051042
9619436066
9821215621
7400083227
9029837033
9833256777
8879449599
9324336411
9920171754
9136922600
8369231127
9892864305
7506390257
9769955839
9930309352
9987082088
9167063776
9892829498
9820683852
9321155622
2225060079
9867253109
8451913521
9136477268
9326631815
9820820208
8069832152
7666177751
9920095658
9057897993
8097705557
9370749107
9769535604
9372150329
9082743798
7045315187
7387831720
8250020953
8898540500
7045741151
7057043206
8767939182
9029284687
7039021191
8898307008
7738143750
9767172727
9834708840
8828192692
7039846038
7400457691
9022332313
8071889779
9920714044
8048060452
9167495445
7039682878
9029933773
9869555960
9324259942
8888855477
7030670666
9821212119
8356801908
8400200298
9987116562
8806350777
9975771920
7715972997
9960483888
9209776971
9915576333
8390328789
8657803132
7710901776
8698423958
9646566673
9538657181
7718961978
9324396652
7021492788
9821846750
9867107803
9922493333
9833786577
9987141961
8446909089
7841988142
8108597429
9730003701
9272678727
9822409498
7400298906
9930156603
8779542566
7738044861
8144506860
9112118863
8806431313
9822913639
9819880606
7860317662
8600000789
9152398498
9819484847
7356565553
7888218884
8290028707
8087328043
8888339007
8087900393
9823610979
9890241854
7021521213
9890858541
9890125098
9152233448
2227780605
7777057467
9890712207
8369700445
9503181328
7709908999
8048085730
8655639991
8976930406
7208334446
9175930957
9284965731
8286145086
7038794779
9226776193
7498182838
8530421122
9880039950
9970793235
8878999966
9890928682
9822501088
9595460293
9890945993
9850243821
9146663535
9579315537
7219370579
9822301804
9766991505
9850900636
9175133397
9356114640
9763592211
8800013074
9075120325
9226300900
8055567567
8623903904
8975351800
8956016943
8530655777
7517653975
9522200750
9766118877
7744907484
8830115524
8380012719
9890192929
7720060731
9503837167
8007500096
7303763204
7530807530
7646001001
8788376179
9689000979
8069015455
9898815559
8623908354
8929920917
9405008384
9766609759
9697555444
8806277677
9028089595
9175924166
8007909160
9764731312
8421762647
9405267810
8857090603
7770005193
9175823321
7720060014
7498312038
6391207089
7249646808
8087802075
9579108046
9922613737
8669960101
9923199249
8080144845
8805967585
7559245513
9325121401
7387386136
2025690342
9422415492
9823230905
9890192287
9881680595
9226751671
9281100200
9923230702
8888882539
7774060125
9667671155
9011854847
7775078989
8888569569
8788545855
8530166222
9975242929
8888138555
9527724533
9823396193
9579807980
7796009700
7264006300
9545971259
8956409830
9970366136
9860760910
7385559005
8149450005
9158998235
7774076890
2046720347
8291727827
9371350274
8600972993
8483088847
9309373286
8329054432
7276013767
8275573087
8983307533
9518366313
9371004329
2025673400
9763949383
9923066166
7378323330
8275243543
8149207363
9890750689
8806760946
7219371994
9209206666
9665582238
9823050579
9284188870
8010837246
9420177737
8999183081
9545096288
9970465108
8408055855
9922403737
8669116880
9960886075
8149071829
9112435879
7420817235
9689529510
7666761960
9923055710
9764232034
9049404904
9860387968
8975419722
8956967337
9822542254
9822063003
9160000527
7058633313
8379090666
9226476788
9579226405
9028827832
9604372267
8431027391
9270701504
7208090120
7276233972
8412933033
7507250660
8484819852
7387810857
9922936049
8793528562
2024457610
7821067359
9850645153
9850039765
9930458755
9665218807
8080818410
9270178355
9923369866
9158204746
9834862952
8698667850
9390353148
9860352811
9890388819
9175262464
8087681984
7498540760
8668383273
9767265245
7010028399
8668452146
8530003900
9763972319
9028069200
7741053225
8308307800
7972153544
7768084466
9770346689
8007903394
7276138376
7796760746
7057187900
7798630174
9673034357
8624876464
9822009207
9372404822
7276527219
9922992286
9172313682
9890907245
9822398722
9922552244
9769103233
9822617373
9270090326
8554842103
9518520802
2041254123
9834833867
7972156985
9860181918
8668347904
7328007070
7767024333
8180886080
9049932183
8208819177
8237300666
8983100666
8805963197
7770073793
9850540619
8055866266
9822148202
9112298421
8652290747
8530137666
7588685856
8421492702
7507857008
9975603595
7875265561
9822802506
9922730532
9764767045
9762744679
9821033605
9623112145
9822556607
9665511050
2025666720
8605616395
8308266952
7821993232
9890330547
8788014251
9423581047
9552666179
9860661616
9767549444
9822719655
8888808544
8830041342
9890810440
9145364646
9359229094
8888882765
2025882810
9356282407
7447418301
9822307717
2049001674
9763729137
7339734844
9822037343
9762186815
9112104555
2067637373
8600123607
9881363463
7773939719
7387125120
7219044455
7028071904
9767016630
8446663100
9822852267
9860691235
8275311644
9404893229
8329551418
8237269159
7776011355
9414375789
9552143430
9823400128
8830026381
9403185576
7350963666
8421216814
9766329650
9356633411
9923660003
8669663131
7887975050
9272144547
9025062033
9881094265
8669101211
8007140000
9271609003
8087898856
9834070254
9730753003
9175925973
7796986347
9284178839
8637758689
8530220202
9730330321
8668365538
9823578680
7414913049
9373882424
9511786307
8668264679
8308802524
7350099172
9860383340
9850237861
9717617731
8956673348
7666089056
8087909022
9769508145
8830015757
9850146462
9822796490
9823578134
8888728658
2032393311
8806990887
8857871095
7499545571
7391925090
9975760418
9834046695
8065071780
9529843855
9822089943
9890905675
8007838709
9960440348
9107727111
9404872993
9881251488
9860947486
8208171643
9673470698
9028660663
8048988121
9890273970
7517838733
9820444479
9373730930
8888239246
8928377777
8446355355
7498319852
9890948585
7796760254
9325999994
8149667377
7020477012
9371066822
9765287938
7058852278
8087312312
9021375929
9850600796
7741996663
9850255468
9762194625
7557425757
2026360426
8169535157
9561081524
8793712867
7498725380
2026130808
9890898989
9752086110
9822214700
8408005466
9850088587
7039002416
8291488967
7448181400
7620273305
9032745361
7498521433
9168301000
8380815922
9834476989
8856998835
8055316262
9819753436
8882934057
7040737100
8668489959
7498302104
9820081849
9987144720
7652030372
8788998836
7666334433
8888560569
9892054749
9920675258
9170452885
7066814223
8286333388
8104665910
9223656160
8657284145
9890554607
8097647073
9975767567
7507834775
9146494424
8888556665
9309196325
9096645946
9076012404
8828668828
9889477039
8433608085
7738233272
9076465746
9702460368
8169927876
7071777874
8766075044
9057538807
9987102156
8928603789
9136568807
9022458785
8451872839
9699018182
8976402356
9820008595
9264228215
9867134101
9822842493
9869652379
8209603788
7709731682
9175476276
7264851172
9920451356
8045475188
9767680818
7758801671
8048082866
2522255314
8071912362
9322233672
7054342576
9987485122
8007179844
8898788372
8805336699
9139478636
9168407272
9721265105
7709568885
9224786874
9850780786
7888237773
9823444336
9324439738
7559240444
2522220390
7709945885
8381041000
9819270307
8956599738
8378034126
9324115328
9890399145
8239776634
9869957324
9890206238
9029565676
9822778585
7219812882
9822295868
8149239867
7888153786
8554803000
8796227037
9700001614
8002661658
7709651475
9975164922
8591951377
9820141520
8097155542
8806325012
8669996634
9860462431
8766744325
9322051685
9822192449
8369203412
9665020933
7218098800
9762227897
8268877111
9967872469
8652087964
9503865550
2522225296
7021876591
9326337979
9673497247
8879543319
8467046392
8655501110
8108797906
9096372280
7498786117
8446595243
9284016515
8070042316
8291014884
9867443007
7977676177
9137239043
9987978777
9594386197
8097053897
8692086742
9833348899
7303119649
8755620718
9892606000
9867941017
9323346047
9822522653
7385687070
7666473411
8071655428
9316370285
9766889288
8369662023
7977610883
8879724222
9322274331
7045278910
8591921800
9372701230
9890052951
9673862999
9323965377
9657182524
7447660376
9822987075
9820368679
9322244540
8286239020
9594928090
7715888616
2225425944
9830600801
9867223698
9022887880
9321119037
7745044490
9320091428
8411001256
9323044777
9011822220
8369273992
8850129398
7900050271
7387789115
9370571465
8048060305
9325099098
8956360430
9890002312
9503572748
7972393377
9975743927
7721874336
9689530900
9822960858
9588617808
9890322231
7057055521
9850494274
8766691688
9823069613
7874455481
9503854178
8411939257
9922695424
9860871509
8890739900
9960852249
9923400555
8888896885
8805391000
7410019074
9423012899
7588186264
9850158864
9922753868
9970600116
7030707009
7304455555
9209853340
9311550527
8237699993
9766966299
8446732930
9890074298
9145850392
8800884851
9172950166
7217219100
9561799936
9822274425
8879792448
9226623002
8767331852
8291894257
2041045333
2049022222
8448386609
8069191273
9035755959
8698786251
2040792411
9779046382
9970364949
9764277042
9326067803
9090099035
9028221458
9860131707
7030080569
9890888414
9049137731
9730144422
9766393033
9137538675
7400487256
8108052379
9821920746
9702080630
8850360168
7067971198
9221492925
8879227746
7387772404
9987703500
9004007582
8858437057
7770015800
9152577501
8976678193
7710010042
7045795415
9833384727
9892336546
8691997993
9820680526
9920863046
8655122693
7506553139
9833992396
7977707734
9029205586
9869120206
9769935935
9920608052
9167895333
6366526955
9769729090
9892052811
9873899349
9819180316
8652806551
9702519703
8452886968
8369308874
9821729729
9820520472
9930775944
9987515921
9167679734
9819244695
9819001212
9766817766
8097858283
8108036716
7058534285
9821187619
7219893949
9324024529
8779165045
8983717075
9699822424
8779371244
9820193497
9773277638
8551053850
7709782711
8412924327
9082444242
9119533256
8208553894
9822188358
8830392735
9922646693
8924021240
8828200777
9820251910
8485088034
9867090567
9930130136
7276108992
8884447210
9820414749
9423907080
9665355753
8956704203
9930207462
9970846767
9137621674
8169300408
8149951577
9324822996
9773485616
8411004800
8766992821
8071820516
8080868085
9920992810
8169125207
7823062944
6001535455
8600138498
9730406818
9152100123
9834612802
9271843435
9987193247
9422574742
9870400112
9850310357
8149335546
9096674854
9167835925
9637641364
8975515221
8087356747
7738623527
2512680540
2512620220
9552286661
7676137171
7843051052
9730030583
9867548505
9767904970
8600880782
8071331540
7488672073
2225792013
9921663344
9766666877
9970874863
7820816572
8655346068
9922154056
9890680961
2516619600
7798591925
8048719649
9140993803
9833075126
7841031588
8999899295
9766179222
7020179525
9373222377
8949428191
9604653466
7499205573
9860889815
8805032498
9422149220
7057696013
9175970197
9028456007
8983448057
8408889367
8956661336
7066220069
8888827527
9834155372
8830231799
7385915084
9098905480
7972662797
9116617911
9823881743
9595373765
8551078627
7887862786
9673473797
9545566777
7768055276
9822498244
8530490888
9307484234
9975444159
9021562349
9111777949
7499348292
8855905751
9158993869
9890268359
9665140008
9921230000
7499201687
8149500068
8767215631
9730653014
9420695658
7020135542
9822579108
9860904500
9850908455
7028789497
8007462445
8806395195
9373879915
9892458923
7385560575
8055996347
9325913194
8806927507
8446053180
8830662240
8600364231
9579698648
9226594630
9021794752
9527811121
8600044482
8669990919
9766441460
9420694086
9325167030
8830737257
9049520550
7028742403
7887755088
8605273513
7385330611
7066600042
9404688607
9403515388
9970759443
7972314826
9822980124
8830471574
8767804436
9096360295
9011323589
9307767831
8007850846
9860935744
9209895473
9763728438
9923415678
8805970206
7620517992
9552102992
7620944434
9112734235
7768853379
9822625925
9850811007
9422283109
9527224334
9960839149
9011775774
9850125425
7385736299
7020461661
7972408290
8698096499
9422183399
2532468752
8468899539
9422255265
9158792622
9158220928
8329069518
9404687103
8237218218
8983996323
7770011933
9860963228
9513183379
9922339911
9623357367
2534557329
9325648570
9881202789
9422255750
7588827277
7772053750
9403781999
9881467273
9689539569
8800922395
8380830444
8390890444
7666016500
8265007334
7769905236
8048055474
7738098217
9960226477
9823310427
9325589491
9822712101
7774080077
8929728408
8698667450
9892937237
9321936678
8149607227
8652855218
9867975418
8850530849
9769439653
9867072045
8116032400
9920031938
9594343863
9967609120
8828866266
9820166680
9022160174
7738626360
9930181790
8655130859
8097022675
8424855551
8879181669
9930448830
9892844381
8689834000
9892656461
9892530955
9821864498
7977110672
9769733031
8433723373
8286385174
9820224847
9930745170
9820301034
9594861740
9898367548
9167698274
9140915381
8652592839
9619664821
8080833553
9082945420
7300118117
8850990717
9821856812
9137868560
9820011058
8169770437
9769023823
9619721381
9892505331
9833458698
2512733834
7498029996
9326577853
9323222837
8793604583
8356850006
9892475720
9325622730
9324401879
7698068097
9594105097
9322374096
9766481561
9326087939
9152840019
7387623422
9320962333
8080868989
7758854703
9822340493
7559338206
8879976415
8983930306
9322017367
9322298538
8888377977
8766966379
2268674500
7972303222
9323307000
8879958899
9588423994
9822210168
9049868000
8888392539
2512712861
7303550831
2512730038
8482994290
9326564498
9284371889
9146515359
9822822770
9822002598
7498028231
9822554613
8308745000
9022291222
8830395288
9822499443
9921098585
8793909093
2532581000
9405605011
9860657084
2532317745
7744885576
9850044176
8830086377
9765509298
8275799052
9373902151
7387070776
8766739557
9423963310
7350863545
9713174377
8208616757
9970688086
2532353052
7722050035
2551230838
7972212833
9890398666
8369767764
9145573881
9689233369
2532312387
8888366662
7498797259
2536601759
8806289295
9146268240
9226887785
2532994030
2532311722
2532316200
9970210283
9960886530
9766240891
8975831009
9325722227
9850043740
2532307041
7756859999
8071499497
9689844477
8698034013
9604844455
9860692503
8552863435
7020787285
7588515002
9960607068
7218351651
8805647795
8446212346
9588498503
8624029807
8788568664
9595366261
8459201314
7887877722
9545592292
9922185551
7709623023
9372744499
8055560600
9028173228
8180001505
8087388796
9112233023
9833367144
9515667056
9422260560
8767586084
9850830228
9403371609
7776924001
8600617271
8888408665
7972007785
9823679428
9970042989
9011359717
9623446785
9322071320
9422284038
9881261562
7020981286
8600752689
8888893087
8007070444
9373039592
9960471411
7972922986
8459502183
9370962001
8888138129
7841924841
9420691996
9284278722
8308698298
8696969229
9892717157
8693050520
7397866459
8007582998
7745010890
7841865863
9222228798
7499092630
8446423232
9021860268
9156433499
9175511506
7218521644
9867936163
7348248025
9011299917
9146783600
7498730057
8956382977
8669583809
9975938508
8550910660
9702064949
9075501114
8446573291
2512621210
8055500325
8805027084
7738826837
8047549211
2516636767
9096628308
9284857805
9834368552
8485863879
7710040216
7387477156
9146194675
9320856985
9890363597
9322848896
8007942636
9325566623
9657436698
2223422192
9730694420
8149199237
7887660669
9004995095
7506605379
7021740106
8828262127
9867985591
9321194161
8850500399
9821768766
8601797009
9820922356
7039569733
8879450869
8652315764
9004161315
6263918590
8424994148
9326824581
9833071111
9820058092
9769928104
9987511996
7045442951
9029480415
7045367722
9930918978
8591699833
9819878415
9920648428
9111266565
8001217474
9867355781
9820824822
9137936382
9867348165
9920557806
9137361431
8169177520
8591891512
7089154077
9082429198
8976406926
9920707413
7249298058
6204031353
9819766105
9931517661
9870704223
9324659050
6366990264
8080119993
8453962222
9323656767
8450996532
8888119335
9011001979
7030590999
8275585946
9356467827
9518398411
9096887894
7559105853
7391000195
9272103185
9594178435
8805551656
9822065355
8446118172
8830638488
7722081555
9322149557
9175755095
9822077318
9689817558
9822290210
9096773772
8623082995
8069361492
7447325247
8530135196
9960250945
7841954709
9309578298
9822954981
7875398606
8830369047
7722077285
9834702581
9373550305
8069228723
9607099925
8766852950
8087889977
8624067671
9225301545
9960160005
7620204660
9595255656
9372524242
9657567276
9326201806
9960008137
9822604141
9921750424
9076136620
7777066065
8668776470
7385908485
9555562375
7738291740
7219815625
6390612491
7500889812
8407920761
9221220514
9890139715
8999635817
9960584283
9699103641
9890485748
8390506666
8830031415
8830595592
8329067717
9322777955
9822056109
9975462066
8652223217
8149667974
9209209444
9049581722
7776052020
9222470000
7020188830
6126711235
7447744490
8983257509
9922085055
8013600000
9763799700
9975002500
9822416648
9850563455
8483892300
2172728530
9561467788
8071640478
9921593336
9224440581
8879485355
9137051705
7304684032
9987151935
9991174095
9765859277
8222922200
8668684566
9158677407
7798280580
9404460022
7796991975
9145360055
8446582777
8668773520
8605001992
9168980555
7038233283
9284394661
9607039290
8766567766
8999842148
9028000082
2402340611
9404688159
9260667576
9423333000
2402240234
7517855177
9823252383
9768066168
9404477551
9730991482
9226615315
9960437217
9371091251
9665359429
8378036093
9960552222
9960414060
9545404044
9561063771
7558600955
8669675273
8698467777
8799948249
8055413413
9604699051
7385853676
8007280180
7768091459
9011033983
9850955133
7420941789
9284100105
9920658964
9890311322
9423777949
7776886054
2406066664
9325870280
8275284178
7768005774
9175625515
9028074636
7722050860
8956680724
9673970014
7588081242
7020773024
7669098308
9975211346
9823752425
2402403217
2402332210
9923803408
9175433577
8806143746
9850208018
9923848041
9975855116
9359794886
9552380111
7620790490
9028272762
9373670060
8668234017
9119595289
7709616295
8769121416
9821215667
7447689844
8080659134
8806232153
8390129050
8830559326
7083185242
9403923138
9921969912
8390711100
9028198199
8530880898
8263802331
8087951366
9284033454
9175385809
7689055681
8149008858
9372050095
8181919194
9595950099
9518936240
9892535111
9820071825
9820519202
7304555642
9920348057
9152914748
8976469490
8898023877
8779949624
9619058609
8668453325
9305564858
9820871613
9987422888
9322726000
9224586559
9619306739
8047630676
9029570257
9323593063
9920116739
9222101333
9324178555
9820578409
9769349664
9699998007
9833601899
8828064456
8452029421
9594942003
9324362268
9026686341
9819987566
9527888778
9833475476
9137031371
7710882488
9819729196
9794760904
7977346316
8879621191
9322586999
9987715530
9004093009
8850158423
9082626745
9136705559
9451493639
9702029895
9819671226
8080564529
9422355094
2227451213
9820124074
9323222411
9324589719
8767050411
9821448186
9082244617
8104765602
8097555760
9619081867
9821466652
9820797218
9619889131
9896849821
9769023611
9918378746
9029056148
9920065863
9619691102
7021142174
9594304670
7061999611
8879128334
9619376414
9322594398
7021946002
8356973316
9559931001
9769144818
8081994877
9833324482
9076076720
9619161616
9076469091
7304269186
8850335799
8850004986
9137818576
8433912131
9930184846
9769427423
9930941386
8948308478
8422042365
9321698564
9026880183
9820545755
9321039235
8356976086
8976209435
9850573639
7977812217
7249698123
9156135553
9130453473
7058827928
8180806534
8805991313
8208312832
8999667287
9518993113
7276353181
9322495123
8007700600
8828992913
9850000756
2512522527
9890351456
9867215033
8625091907
7977811132
7021542250
7021827885
9920441574
7715975643
9870945423
8879179615
9699996055
9869206242
9167224086
9769105992
9082360092
8850933975
9901580589
9792444413
7718939333
8045680577
9223396873
8422996372
7039909277
9833668014
9372063627
7021659118
9619095991
2242792172
9324087753
9653410210
2227815536
9220558022
7021013352
9699656568
8369582178
9820415200
9867049644
9324899940
9757404323
8291979797
8369860149
9820142547
9321100604
9324344284
9821668271
9619171828
8169973150
7219302812
9870131398
9920644091
9821847007
9004399994
9820187031
9146877872
9323707846
7738554404
8080812580
9029538147
9082734257
9167039188
9653279160
9821452101
8692034118
8070609010
9324303386
9619449384
9561050520
7777097591
9819665654
9820068099
9321430495
8291187028
9920077927
7021926457
9152919133
9763778384
9822658766
9518193608
9975597300
8975907907
9890026024
9220000005
9371355031
9172753595
7738912021
8928499056
9923366838
9096193194
8830625616
7620764204
9923162626
9130131888
2403299900
8069867555
7499920052
2403507045
8622000444
9623200988
9665545065
8793271201
7798078427
7875400284
9767524945
9503161333
8975767910
9765999185
9975954945
9021453100
9673787541
2402343003
8830598100
9607596111
9422711151
9405244403
9325214943
7447339444
9028031500
9765352224
9657272708
2402345588
8317286155
8805013088
9423983749
9820493558
9005855050
7775805600
8888478764
9822877086
9822841109
2312694501
8177943464
8446656740
8069865820
8600194000
9767263515
7972130669
9850057779
7972956785
9049252930
8452040926
8788345150
9156450751
8591174852
9082803289
9004225023
7506032422
8898245455
8108579756
7208834415
8192974756
7666158519
9028669433
9636881991
8828420016
8554850577
7510057646
9325309859
9822354848
7045117229
7507486348
8390401113
9322971714
9096211181
9225079995
9082964042
7774810050
9765856097
8169774318
9930690808
9870388497
9324018274
9322392929
8433644337
9869314854
9765718338
7798296800
9921534044
9870069559
7058753388
9860433780
9820454870
8655551655
8740023573
9821919269
9987994110
7021717683
9168878812
9823015295
9970596778
7219114863
7666436474
8108309412
9823281555
9371523371
9665184308
9970663969
9309927007
9860806027
9696961040
9137537946
9130776333
8806151395
7020887544
9579083599
2312522280
8069866603
8888382009
2312644445
7841947066
8623070070
9423936114
9730399445
9011637958
8956968525
2312524609
8830025108
9326777888
8296029673
9503925900
8069867509
9979615034
2312523090
9307431500
9373131170
8830688805
9130915000
9970529852
9822444760
7972351498
9222053808
8482979888
9552944298
8625801907
9970732034
8796223757
9423858925
9158107311
9028069225
7276831934
7083020974
9421210776
9764325959
8080466566
8898219359
8655571681
9619313779
9004757685
9322125555
9902599025
7304368101
9967426422
2267497000
2227459185
8652134540
7977063567
7208390300
9833999289
9004655099
2227810900
9920784336
8433810007
9967615729
9892515536
8178022401
9696188047
9920434143
8788932956
9970236423
9284890182
8087204555
9960149475
8698363224
7666864277
8554017889
8149909676
7972907196
9029699570
9561538579
9850448844
7774080513
9136095673
8668623816
9766955746
9819510442
7039538052
9665595302
9561726007
8087671244
8888444250
7021676339
9730506165
8459969173
9881465951
9923556721
7028227735
7208441554
7709940796
2506634500
8062913632
7498020643
8888677788
8657591283
8500067508
9220670501
9096508766
7977284569
9867957317
9175251077
8149894562
9167723456
8002091215
9820111286
9321111806
9220680451
9323555374
8689833554
9892179238
9819222027
9579635501
9970712666
9819536373
9867771839
8999843696
8976685985
9422074173
2503298931
9822209804
9970561432
9765047444
7715905219
9503829175
9892035152
9819793613
9920611021
7972157415
9867274451
9923902125
9619258005
9075029395
9721600027
8080654314
9511923979
8530017816
8605570147
8080164567
7068878355
7219314845
9819977940
8898195194
9506429042
9881742588
9271919668
9146000753
8687854421
9022110480
9892773615
9819508906
9730179742
9156261628
9960988991
9970581059
8087158033
9321287586
8898813410
8282825596
9324346821
9722412412
7350509883
8999093487
9821637494
7447400655
7666974557
9821389883
9819028486
9820188120
9869145231
9702881163
8999027626
9372469236
7977408717
7498686554
7007476305
9004507727
9222290005
7767001157
9769423708
9322894483
9022098008
9890540443
9167076468
7977642115
8262840435
8956209288
9852550111
8956923506
9892648632
7276591555
8087012456
9222753752
7208905153
9161796375
9619341313
9955124307
9870461769
9503283517
9619312335
8983410818
8893351351
8425863225
7777009662
7240006789
7722005005
9607610791
8793432595
8898588985
7263831118
8828284858
9307731640
8369483349
9272199869
9321431558
9322401773
8855084065
8655015881
9975950517
7900003089
7249547896
9922015457
7666418199
9082588059
9769355280
9321252212
7888071342
8087000299
8108695044
8149712865
7558544955
7021000764
9769696233
2261402200
9152009012
9819022879
9637227319
9833922144
9158565753
7400236555
8668319459
9552539132
9545377673
9158137928
7875199450
7040085008
8983699160
9604851278
8888513634
9545030123
7507012305
8788946454
9373476673
9763351502
7738450419
9022289343
9423908899
9403031161
9833577662
2148222100
9653615869
9324955395
8888322674
8369892415
7620220091
8149490388
9821488805
8530308949
8669020354
9422691325
8928880748
7757020420
9011025088
7039171177
9821187608
8087808722
9890618696
9167953590
9372410633
9967409869
9011149652
9552022134
7498885160
9923734737
8483974746
8805092070
7875486895
9206797979
8411964400
9890670416
9588494306
7058571148
7028627786
9106686892
8432778377
9096365319
7741814181
9096534074
8888244676
8605395121
8530388837
9272421041
9822540356
9604631117
8149610702
8800901653
8484004600
9359180803
7887811411
9096104040
2172392044
9503690062
9822448890
2172312436
9860001560
9096985242
9272101077
9112715488
9881103911
9881591442
8623945750
9975828935
8857009091
9529001187
9511687750
2172320103
9309733663
7385771307
7709697877
9834750451
8275157996
7798005500
9588629747
9359837932
9850206668
9552335955
9850041022
7262959124
9168427474
9028216691
8080807369
7057572704
9028076872
8956332123
7499181387
9766365121
9422380977
8007786908
7507050587
8999310395
9767313256
9850639977
9890333466
9175985777
7028402540
9822167016
9518333822
9960539200
8421460525
9370461278
7057003006
9823255422
9922760007
7276151355
9850237981
9004979318
8793799925
9356040730
8956634713
9665466052
9890961336
9545977773
9850950360
9579809346
8668628577
9766683007
8857865959
9850480888
9822301267
9970767389
9049685888
7875991558
9028940020
9270413002
9988116449
8411818881
9270492709
9890664029
9819357096
1205244570
9919796350
7738230813
9067426617
9823066607
9767243039
9920316473
9320008100
9923060460
8047645833
9833222135
9819922043
9890302680
9503433946
9137852167
8045803566
9860162608
8898745248
8452800463
9226718075
7744859941
9930131355
9730705966
7879882401
9096769473
7020552696
9152590655
7758048399
7888142248
9082346277
8097269160
9920345658
8169240881
7304037170
9833758601
9892899639
9892219011
7304512555
6746172302
9137527664
7718073381
9326300151
6026893078
8070786191
9004336580
9820652865
9594617760
9324870005
8879444990
9987620148
9969063791
9172225694
8044013022
8043850084
9773506097
9987705221
9833299820
9167600335
9769606232
9967425367
9967648173
9967751402
7549736985
9860266617
9867066123
9930966171
9373816101
7709200873
8355913967
7058015740
9833502411
9653397065
9982201414
8149168329
8698229564
8691996134
9527236120
8698332844
7776053999
9930692843
9978364539
9322331280
9699405080
7977285458
8329107856
8734819671
9820521834
9322379701
9224467881
8097656685
9820287378
8080528604
9987995155
9892042097
9069063355
9930587981
8169547330
9892911835
9820441618
9137020635
7021642541
8097853045
7249041849
7977854808
7021099264
9769161648
9136515302
9821300938
8451988452
8898778110
9984468820
9820513657
9987788185
8097103964
9987579577
9930712424
8928948285
9324426782
8080020200
7977849976
9867776262
8169417405
9833022333
8329494688
9892599864
8955584877
8879921292
8097669592
9867850454
2228104080
2240623600
9930329932
2228943977
8369467350
8898217693
9653393167
8080988588
9587596596
9987615522
9819594312
9967432284
9867997388
9768028908
8369635178
9930289998
9920135028
8828993438
8149092076
9820745272
9892313804
9324502347
9892184239
9892700143
9870480875
9822054454
9529804990
9637133342
8446893021
9422615084
9584732305
8983048006
9921029505
7276157087
9637215135
9922399941
8769774498
9922990462
7887486927
9981789090
9561120837
9156941234
8805520807
9890189009
7767945955
8149272278
9423689416
8390018308
9421404049
7410019076
8007005461
9309998663
9822534049
9833058989
9822967909
9987046687
7666181492
8149170173
2332227205
9890966552
9209464920
8830867159
8600202007
7058363257
7738230335
8380949660
8806176959
8525028649
9356472005
9309276874
7710010023
9822026371
7769054036
8888478581
7498580905
8087089004
9420492485
8983979776
9561500500
8448178469
9075771888
7620117725
7385822474
7020500071
9923888530
9890552131
2172320428
9818043775
7776065465
8888439301
8788808940
8625900040
8484848401
9763525511
9422613996
9423002063
9021800856
9921063055
9372212822
7588171324
8739048739
8418967244
8459932499
9834618396
9067293029
9175373891
8149224490
9890689966
8983784006
2332372656
9333377333
9834909932
8010532124
9403006821
7219756397
9420664685
9822902844
9373627987
9850080651
9422411740
2332373253
9503260655
2333576169
7972875178
7208836989
7045642356
9137440388
8369274541
9004457392
9890292626
8898309409
8767468555
8693042258
9004718041
9769157099
8369939141
7045569860
9004032815
7977546978
9702153525
9372041834
9821265504
9820912106
7977994659
9892567517
9819945143
9324663722
8600025511
8286222023
9821204576
9022951243
7738039415
9004725286
9324521133
9870118526
9820299138
7977080179
9821339861
7738656271
8080409559
9653484713
9324444450
8286666567
2228108459
9819437758
9892126970
8976200276
9920312431
9967426957
8655585655
8850470385
6362683397
9820723233
8655777209
8591080658
6202966920
9833638262
9820444461
9420710333
7700980090
8097710858
8169880652
9321676411
7208609170
8104818382
9773112829
8450911679
9320145290
7977322137
8369006781
9702198781
8169360073
9892169093
8108897620
9619738945
9820768738
9323966003
8655505736
9969635391
8454040756
9773544669
8976509122
7045300517
7304483222
9967992276
9223513759
8148147362
7387366053
9768742182
7045688082
8898306085
9152567999
9821460146
9136326759
8369290665
9152558911
9969637417
8949654343
9284350498
9819028781
8828499078
9769816158
9821995006
7045635386
9867905000
8879218392
9372966605
7045759491
8169237583
9967405056
9323801886
9769630049
9137627832
9082117585
9236631686
9769354957
9892150390
8879992452
9833682929
8097014649
9769930927
9833290085
9326389896
7208758144
7208434847
9769241717
9920459806
9892288177
8369222121
9821815595
8879273832
9892124372
9643222873
8356863552
9137403932
9920149618
9867843966
9967474303
9820131041
7304274347
9830003000
9898014877
9987116660
7977013357
9819411010
7506565290
8001202910
9892562172
9867795000
9920511213
2262981500
9594366729
9892074632
8108180686
9930072834
2226797724
7860383536
9820564545
9821665986
7045529130
9833850524
9892787688
8080807730
9619279632
9565579082
8080224210
9820081301
9867379257
9769651065
9004183376
9892913242
9833979068
9821777575
9616467023
9930488071
9322843522
8108601973
9833724297
9892900095
8975785512
9870270358
9140982886
9699153245
7290095072
9580481239
9136599991
9819919786
9820904411
2226772717
2249660900
9967253916
9892229538
9209256565
8369968861
7977162881
8286329700
9833077711
9821902880
9619998192
9967323359
7977749498
9920233102
7666337666
9029008008
8657336463
9769184185
9967666799
7304158350
9930818689
8828494988
9892959519
8655993368
9322009105
9867639393
9768357974
9930201201
2226742555
9819572313
8591114258
9819651039
9372365497
9867000586
2240415700
8030788000
7718046616
7400100030
9820859510
9892812011
9999372672
9654698992
2266894000
9892929236
2266714801
8080806515
2247170666
9152534344
9820723291
2226327866
9082228774
2268321185
9083556008
9920827947
9769613515
9136788346
9029662276
9821786286
9821515773
8433805016
9820169191
9892857999
9588678910
7715854546
9770000794
7303777618
8237200232
7507574500
8779121471
9890853852
8767099656
7057390775
9765655296
7378878734
9270532456
9420825483
8857851420
2355252128
9423876716
9975147353
9822547413
7789009778
9921170222
8888990921
9766536945
8793504060
9955352323
2412551420
2412354162
2412324024
2412346328
2412323761
9422740495
8800945863
9970415919
8805435649
7720080009
9105106105
2412328027
9860010777
9970415929
9922595929
9404911581
9850934924
7507607702
7040554422
9822107650
8999932366
8698944091
9422227464
9595222630
9860729992
9921793839
7769959733
9422234117
9216074884
9822291118
9689012303
7020768330
9116157075
9223302222
9223344551
7721923633
8149444044
9119578584
7558269023
9653147580
8956929868
9834593301
9867326928
8956604338
9833154079
9273061600
8888346664
7350059226
9422239537
8600166000
7020393590
8459753215
9270001515
9765052903
7499663599
9552941652
8080875540
8208610667
9151217155
7249292271
7249381214
7588813211
7558319682
7798135555
2412423334
9309761132
8999902238
9595501007
9699783029
7972055505
9822778826
9834117957
8007220072
9890447173
9359726744
8237370006
9170073004
8275200054
9960444141
9822799991
9822243397
9766096951
9850951800
9890715050
9175640899
9850473004
9028132346
9922966677
9114021140
9422235224
9423411454
8888405282
9834047808
9284431830
7517599615
9850969621
9763582918
8108306025
9920394650
9918296220
9322227210
9869565335
8692082797
7977758022
9152249001
9892277794
9224131871
8454980020
7700907449
9821735425
8369127267
9664447798
8976666619
9920914894
9820220311
9833828919
9819926096
8108101881
9920107236
9137679340
8291565519
9029684930
9892776049
9082020998
9838857123
9819936002
8887726296
8080447690
9987644813
9768245627
8070701188
9768434652
9987767776
9867263617
9156004472
8071683441
9762665357
8431313564
9075404945
8668583944
7517712625
9850287788
9822928384
9011541458
9561939488
8600493919
8071403841
9768185069
7738124324
9820818455
8451842354
8422075445
8850408268
9892193186
8080555597
8976410422
9324559118
8657568792
9769521555
9820840480
7738477695
9577575757
9892278938
7558555511
9137113939
9819841252
2225620506
8828828555
9112000631
9820446285
2261344377
2269315127
2240111456
2225827758
9004078268
9321118508
8828826111
9773504437
9870068896
8591423072
7021550251
8976671435
2220811955
9821329056
8850091295
7357384595
8879391966
7972014923
9422054744
8866403434
9890387036
9763013030
8806055669
9146970951
7507504230
8448440408
9423021039
9359811626
9021552768
7350930722
9881968331
9421139149
9370598566
7709172442
8080550345
8390764464
7774045003
9167301524
7972306674
9021733104
9420528131
7021668001
9403332002
9422432432
9921226576
9763134377
9665625269
8390455123
9975165050
8999580405
7559403811
8850932475
9689870779
7038540221
9422927741
9049753353
7268884848
7775820024
9273636369
9664822505
9284409562
9767089555
9970767364
8767586119
9923590900
8208571997
8788633308
8999962890
9923538391
9503468975
9226102657
9356826601
8657325858
9923569237
9011663560
8605384778
9028371885
9371840085
9975775028
7020608710
9765610064
9867986527
9890853542
9637499984
9372272751
8177971729
9205308958
8888925087
9833166802
8888627365
9579750507
9892704501
9762568744
7822986594
7228807029
9323104038
9511613008
7020430217
8482901234
8668619385
8208174402
8421768736
9284976575
2564222289
8390271957
9637261008
9403711657
9975074964
9860039152
9518778989
9225717974
8788319685
9503399225
8446904197
9371465949
8668414807
9767596113
8669599635
7447332079
9665202557
7972207476
8600318161
8788578467
9420520386
9309512666
8624059441
7709938855
9527404128
9881608442
9730556665
9623129090
7755979695
9307967946
7212672850
9302577491
9829259010
9373867163
8856888000
7057515283
9158469060
8037002310
7212564566
9763384030
9404546143
8766803891
9890096911
9860303945
7212381505
8766645933
9028601285
8483972045
8779780901
7798599420
9004651722
7900100874
7620309658
9049888564
8857837777
9067869743
9019323232
7559421619
7350955987
8552099985
9175803805
9822401477
9764952752
9842047012
9766735063
7977876208
9881444999
7559399395
7875143433
9967559773
8446972733
9987966782
7984172414
9689074656
9022480364
7400088003
8108688059
9923636929
7888124242
8087428494
7208320703
9881340517
9075234467
7397871225
9116747821
9209969847
9529377578
9860924459
9820518730
9273882610
8779798791
9819624067
8898500645
9623575551
9769782734
9653217398
1800111969
9653612809
9987577774
7045691216
7249683626
9422322135
9673895480
9769314502
8624828777
8999952474
9325515878
8983419001
9021693805
8669025527
9422164530
9850387848
9326059159
9960220131
9503028229
7038547851
9371555525
9922332119
7030091400
9096430999
9532673474
9145442052
7517883862
7447478585
6389302409
9822565154
7276550115
9599118322
7276029449
8766741316
9325506261
8793812979
7242454937
7620130439
8459203286
7775062377
8708542919
9850013891
7391098119
9834679491
9109176196
9827422145
9513392969
9271239101
9657779495
9823237865
8446059927
9028655796
7020498989
9822201454
9527790414
8956073934
9822383921
9420916669
9890089458
9767421511
9604424462
7841850806
9595544445
9767370888
9689641041
8381070525
9766796777
9987514109
9890230960
8857098207
7506320979
9819006132
7020379074
8390757865
9271241010
9975757949
7775877200
9588649910
9422170206
7744055187
7822812549
7020423747
7410140489
9881339552
9049781139
9604303610
9325818626
9503080341
9922179323
8087818197
9960924447
7276674847
7875797917
9405942577
9421760914
9923065135
7507848589
7517624101
9619992049
9403422022
7875126606
7776092366
9131800113
9898558090
8044939039
9890541441
7588498875
9767950595
8329072832
7264065951
9075171636
7038816608
7860007888
9607770403
7182667777
9588715903
9819053678
9082620911
7132295523
9158363620
7218068073
7042220335
8010289350
9422151263
9665505129
9823240041
2222073274
9422153939
8788395756
9422150914
9643587475
8999173510
8827810297
7172355452
8805459251
9881700018
8421777752
7023920297
8830550064
8788917173
9049282623
9422607889
8007920616
9370311759
9822143900
9767170384
9595519141
8605833093
9421734239
9370320988
9420444495
9860528304
9322801211
7172256142
9595056516
8605100452
8007025143
7020217496
9075630198
9011336441
9421724114
9922630263
9923456780
9890558536
8668414353
9422835613
7058812123
7020172359
7172277661
9422135345
7172262920
7262855250
8317235184
8177948137
8433771911
7387772511
7219656832
9730908999
9975741011
8830341380
9975798524
9890653710
8010449610
8788925093
9373360007
9403816308
7020255738
9595153997
9370353027
7666733087
9763845312
7517934312
9420033759
7083383252
9423833962
9726447482
9673299957
9421653049
9738039412
8421073337
7588350299
2362222134
9923312914
8071629051
9765370710
7620917298
9373924681
9422054849
9405432198
9404163335
9373061799
9545226665
9152362229
9422051819
7387371064
9404172564
9029440756
7447726705
9422819663
9130331911
9699970221
8071433055
9822982252
9421134399
7774066935
9822158292
1141548700
9970172526
9766820491
9545994007
7038213118
9860612624
8446209040
8433757887
7030322001
7821061963
8007687152
7719838013
2536633705
7030369091
8208821986
9423047711
9822860976
9359604417
7774838433
9923268777
2382222607
8600133009
9146205403
9511789903
9922223345
9404754145
7020838486
9421851161
9975991013
8087255909
9767893929
9403000330
8805518826
9421637432
9730673067
7219153915
9923901672
8149760620
7720000979
9766413423
9421660985
9371204885
7385586222
7276070862
8956007333
9922817199
9623030779
7020609325
7387779655
8767996154
8830367848
8378949514
7350410734
9422072103
9922717155
9850648789
8668274045
9873597201
2382212030
9960634520
9730252810
9284886737
8087708379
8830730277
9970290220
9960904609
7775918918
9421455848
8411826888
9623258628
7385030747
7057451000
9423720616
9404171708
7774877749
7172276368
7066757855
7385224523
7767024420
9850947773
9890155436
7767025333
9423116283
8956465644
8788806477
9960757230
8888603833
9405658559
7083408519
8308443824
7507559817
8669177379
9168405813
8605746383
7972265975
9321818287
9326810009
8007923031
9595123272
9503616150
8788873810
7030440528
8380857827
9168486757
9595643332
9890020269
8329178568
9823249335
7264831969
9767443646
8149797981
9975165888
7030655666
9673448840
7972338118
7385032417
9403350688
8669038162
9075780977
9588652134
9096984111
9284450947
8830275219
7276640097
9421610696
9923282888
8668547792
8625867744
8007401947
9860414333
9270449090
9922944606
9011873972
8459974126
7020173458
7666425004
9970525277
8698505010
7840932918
9326746846
8788535727
9011141171
9049634513
9284204361
9822075111
9130907802
9423399325
9067820333
9930406559
7083335412
9422866087
9890717310
7666359969
8888515241
7350527001
2025384737
7720926690
7028149930
9673366065
7385601157
9421235352
8208998642
9545445441
9890162127
9699722211
8446004402
7775072613
8530918762
8975953564
9823736737
9503458054
9322393835
9673883070
8275007003
9422989091
7507021998
8411975339
9607801212
9403029840
8459908281
9119486322
8830315658
8080395735
9767612859
7796560156
8459471571
7028845544
9595535153
7219750456
8149555585
9266950097
9421456620
9545170763
9422892244
9960235352
8788081626
8087146038
8855838344
8830741463
9422107661
9359951016
9607114747
9511220426
8087672120
9405390930
9665676775
7304932442
9552507187
9422851888
9167159494
8484843233
7091359135
9022960646
9172486598
9022395540
7719030337
7744833342
7798429376
9226328382
7020648276
9833889980
7687060606
9699544468
7974990643
9766426602
9422187178
9284319362
9860767339
9039553556
9850486735
9028523773
9822758484
7020616662
9422871246
8668580916
9421839405
7558590707
9730085918
8421384649
9284253223
8329348078
9420880923
8421363042
8262061714
8888892853
8180020066
9150300700
9834605100
8291075229
8976732839
9423614955
8329695493
9527487778
8888883820
9960641834
7841952785
9172544139
9823830779
9405750631
9637986566
8408897111
9860270406
7767890345
9765244429
9767276888
8847766766
8412815115
9130017712
9420328096
9370090519
9423269144
9823480188
9156576654
9403229444
8591372846
8668954242
8062915785
7499421479
9922169699
9284588456
9405398169
8180944925
9405399180
8830968682
9370123158
9359523788
9579713690
9403097330
9552782352
9423520504
9370427023
9420939340
9422392908
8378019111
8356020436
9834258974
8888961043
9422381696
9422436026
9637922219
9421703324
9890531664
9680947090
8329209262
9423832733
9130903600
9175710972
9970009111
9004911752
9923817249
9423513924
9423300236
9922880976
9881083594
8197059329
7350478121
9404255434
9421061357
2249748989
9284381144
7769046999
9922414250
8421714777
9422278002
8605646366
9595553983
9975666558
9595011277
8421531305
9099286980
9422288119
7744855199
8806304878
8888321601
7263973882
9970702974
9359901417
8308098082
8109001834
9518379636
7499637653
9588457098
9226794337
9822625873
9765538241
8490848461
8806554854
9158097457
7020084313
9823423411
9307009478
9145705111
7588833627
9158142333
7588315946
7875101071
9422310000
9822357386
9689270900
7588816202
8788859272
8014471414
9673809091
8830080788
2572235188
9373275274
9823083459
8446757303
9225121632
9850790303
8468985089
7350714173
2482232523
9890903999
8888774303
9322759651
9767503463
8291500545
9975096202
8329631564
9730498337
9421141241
9420156860
7420919716
7666492826
2356272019
9921088811
7276969007
9422661299
9881414999
9960166864
8390228868
9403773260
9404621503
9890819210
9890530991
8468988280
9404942523
9420210470
8956069213
9404440558
7030934427
7038621166
9307157902
9930226108
9423300345
9420015987
9404357199
7083076060
8322556689
9423280935
6746649145
9604815910
9404960994
7972251375
8071912856
2352350400
2352228238
9619924149
9145123399
7020575376
2352224710
9323545117
7387115599
9421449556
9970841375
8788989929
8788601138
9922290225
9850898185
9969390104
8421766600
9021227593
9766422333
9421229562
9923113882
9423297838
9307908896
9428083727
8788510959
7020795019
7350781888
8459197513
8668685318
9890455498
8005995000
9881244524
8080919549
8048614533
8625920208
9326754201
9021557577
9423126151
9021494505
9850905816
2482220600
9405060912
8805233030
8275946161
8485817094
9766106606
9922211393
7020320906
9130186111
9529588627
8446428482
9527687466
9921475959
8421912818
9923193333
9823528333
9156111309
9823300222
9152289119
7020350883
9075410041
9850254287
8485835293
9028513232
9822191320
8805232333
9422745157
9421953312
7620186262
9284554102
9405567770
8830798188
9422651002
7798978799
9404597742
7887707697
9420655670
8208488959
9657703737
9422241281
7757097717
8001200330
8527236430
9822007521
8071331353
9657927346
9822969997
9860000682
9881307530
9405072865
9850283850
9730209292
9921156229
7276249704
7588455499
7219246222
9922099007
9930315034
8087435056
9890700055
9273334993
7020575355
9503762599
9552577631
8975386192
9834125253
7507274522
9657573970
7276525094
2352221247
9764181759
8080794449
7030669696
7021761628
9004530121
9987255663
7045188211
8454075899
8591956116
9858946946
7039002550
9528652700
8928825487
9136590783
8928583875
9136640845
9619622309
9152585196
9029809234
9356456656
7498915083
9082307566
7738291426
9136347161
8805195197
7738178434
8879927269
7500144524
9588109293
9324583085
8097725566
9149151763
7039249618
8591804949
8425921245
9867884485
9594070303
9769951576
9930616951
6398242517
9987749699
7686574316
8850016072
9123302372
9967815422
9220022115
9082378020
8828576733
9702971916
8062905818
7400332377
9163764979
9892943837
8369726731
8591159011
8169031114
9870248873
8097616561
8928850854
8657471960
9653490397
9757084312
7738141582
7021353437
9702970342
9324587514
9773755572
9664386346
9820098512
9321068913
7977505712
9326960010
9870851205
9820172262
9930896484
8149356129
9321296316
9322588583
9768551383
9372539401
8928547749
9136567774
9372572641
8169355464
2249744242
7506897807
9372233042
9819851841
9324387513
8169090872
9004737914
9987826090
9833303122
7506637678
9769888934
9767060000
9820573473
9867016581
9324005213
9167263001
7822091722
7400369091
9820913926
8976499512
8591837383
9082565344
7208487272
7045009100
9119733033
8451868694
8779930087
9136108725
7715837991
7666634298
9167795958
9930067699
7066557013
8169801779
9945536829
9022085945
9820381015
9320585849
9223501345
8928015951
7506003948
7066636656
2512952004
8448444250
9820064054
9005003044
7977402572
8692003105
7208346093
8169555351
8928773589
8007037771
9930330019
9870533061
9833161582
9321011436
9870429041
8879466939
7820834833
9930564806
9930099305
9821026416
8369431808
8097606360
9773832837
8411017925
7977896974
9082587245
8591431278
9699207983
8291111159
7900039757
9800650063
8541870012
7738819164
6376073231
7350727818
9012274895
9619388828
9649646118
8298227127
8097363494
9699997709
9833000432
9137562803
9833162833
9833089557
9833123324
8097619630
7400423904
9224189277
7738174542
8828825811
9167320791
9967123333
7400453058
7738265345
9879698067
9324649621
9833689827
9326993877
9004327381
9811619861
9920022859
9053117809
9967036217
8828381386
2246070518
7798626364
9867811123
7045291747
8097000044
9327281527
8826492444
9765000612
7045844882
9082608393
7777034066
8929781731
9320048601
9324520447
7400173674
8779412613
7710944535
9326851244
9004739002
7387835308
9325110035
9970143968
9067905068
9764789820
9766883611
9529074594
9021555000
9960409858
9673787303
9822670375
9326898971
9225316406
8071892690
9588603189
9130291372
7083499696
8624927776
7665546095
8209102114
9309802565
9370752008
8459349487
8655266134
9773745448
9764259505
9422070071
9145081111
9922728367
9881889777
9967511406
9822620035
7709995394
9869586012
9167062298
8080370251
9921950609
8624868178
9821712049
7379143226
8329142134
9766732496
9860773212
9420946968
7058386786
7020235757
8623801612
7720972940
8275760163
7020193824
9527275665
9028421400
9922776162
9762418993
8600347516
7447552926
9822446798
9552690827
8329155345
9604900091
7977163620
8983831062
9422404259
9987047072
9970306206
7875375211
8329045800
9145727231
9168731951
7821858191
8149221845
9325298018
9158531500
8668446105
9552974007
8446508220
8898991356
9421221439
9850791771
8669475855
7028103500
7517511185
2332304832
9850831380
9096810210
9765650449
8805653004
9545219955
9890850257
9503014769
8928405060
9945306818
9545137021
7499280846
6362743465
7796100754
9960999217
9270723390
7393070202
9922892323
9209295050
8044939112
9422797182
2482234511
7021794215
9562505522
7980026563
8097170255
9820807915
9920096960
9930528007
8657915422
7710013524
8657777967
7366905168
8779067790
8879300764
9773562590
7506647525
7977412811
7208292655
9594023061
9967936773
9322151012
9969413417
8779534431
9326778148
8169480781
9136868528
8454912687
9326707334
8879379869
7796829347
9579344981
9175937529
9579851635
9096857581
9326032333
9890901661
9370011816
9850147110
8065489640
9373534133
7722040288
9822272542
8806033566
9022479538
8888786913
8010897272
9545052854
9762905508
8007000673
9130450227
7420933047
8779847136
9730944271
8806622633
9561909222
9922698170
9763727373
2268288888
7083440873
8169622747
9310666652
7020367090
9403366769
7276576611
9313961008
7796404058
8380894389
7350703803
8766592364
8149170482
9359796705
9503328131
9226550650
7942728888
8012641264
9420125258
8793148331
9975679555
2442223512
2442223628
9511799867
8805079005
9028060396
9922955862
9673048077
7378381888
7276420076
9552427409
7517378830
9175627013
9595777810
9359922550
9422268687
9545132406
8044939100
8830045529
9697235990
8668801058
9960495681
8793820065
9822009221
7770017600
9175431983
8308255254
8796065278
8767052017
8862069497
9545299453
8626034608
9763918368
9921558584
8378806551
9404510200
9921700551
8356834643
9767580906
9890504055
9421232144
2352225595
9405520323
7020544005
7219341563
8329200871
7303056936
8830693344
7875103220
8988879999
8950844445
8047186223
2367240371
9892707184
2364262237
9146247589
7887316671
9420036322
9130322692
8265067675
2362232295
9899987512
9225096975
9321614856
8850902231
8888007997
9112602393
9637871259
9404351987
8888444346
9552218699
8208642334
2355252088
8767011815
7666447694
8263854208
8552825007
8485856910
8826905950
8888841155
8493919340
9373262446
8552825006
8275681515
9305516204
8983553010
9021531319
9209271737
9822334000
9850365265
9021185546
9767475292
9800153535
9595954742
8698050111
9112604415
9850398302
9552971025
8630849623
9665888303
9149288204
9225641752
9921229291
9910823236
8484849490
9930954444
7249408907
8010780944
7559107983
9146789835
8850516118
8668399180
8390918536
7498027031
9423496469
9146188366
9322755805
8048038444
9589854169
9665178033
9325274942
7741802220
9146708856
8983682926
9225098689
9834102579
9511939683
9877695827
7219590020
9823336269
9975068529
9930464600
8240627926
7428489184
7249065353
7020717044
7774011222
9607100397
7353673536
7875515535
9595035655
9156026526
7030768686
9975688949
9890304585
8669781111
7507555997
7770034000
8530098100
8390786237
8446423423
9766065054
9922022913
7558645757
9604117788
9307853847
9120202089
9518380486
8999903392
9999514164
9021680641
8433920504
9503133524
7028039804
9607642111
9665324249
7447424938
9175970431
9359722976
8767974524
9130044040
8830493496
9552528589
2026855070
9156972622
9156247999
9421677816
9823199470
8050968810
9518983798
9923548808
9822803040
9545605271
9623283506
9503020540
9765813049
7448077537
9822421604
7028974877
9122877077
9075040980
9529284004
7507045642
9049204343
8956685543
8805147819
9090905666
9130911234
8329878438
8888628880
9922544225
8237199250
8806626100
8087370308
9028560712
7385902731
9420884178
8180997878
7517512727
9405790715
8888676309
9325022525
9922527001
9130963093
9130888748
9372371133
9960511449
9011140701
9970417670
9595222042
9823091777
9423147528
9922427985
9326209042
7875977028
8999181354
7666244694
2025663385
9822620927
2026656666
9067959416
9623160166
8805590900
9921116242
9890270576
9764995542
9168606471
9168919290
8446917187
9420480021
8483838377
7219308211
9767755475
9307440092
9823630044
9325025110
8888799693
9637405097
9975923502
7744014600
9850873639
7841980796
7507486513
9096982067
9637733733
9699720511
7208166103
8108328282
8080844100
8828888521
9137345939
8693808973
9004495345
7738939484
8804245245
7021721375
8369172977
7715068245
9987986485
7715068111
8286451111
8218735985
9867951999
8591430167
9326444850
9757167444
8983332235
7875218979
9145661333
8329465504
9579575003
9049116791
9503109412
9021670612
9326073995
8767084347
9158628002
7559461646
9404134759
8328711711
8237193605
9422391818
9067367252
9823577830
7350259331
8069867508
9150368361
7030365643
7290047825
8788457207
8446862477
9987826775
9284234023
9766677745
8600255642
7037045151
9420155779
8779239143
8698040999
7020227214
8071648008
8329011820
9867971900
9922126634
9112444712
9359593617
9422690099
9922747207
2222863900
2456221378
9863042355
9552525223
2033545000
9011425429
8208341522
9689824557
8433656051
9146738651
8037907834
9284643247
9309102760
9850075608
7875021578
9604485595
9730636445
8180037968
9970795831
9284654361
9422218855
2482232124
8983551645
9021232221
8956124198
9822984855
8857958451
7020399129
9579889992
7020605161
8446642434
8855813193
9607040688
8956124194
8275101075
9823043399
9665038153
8007176888
9028719547
2442222554
9422743572
8888468081
9881417417
8956456285
9766666693
9858070708
7300917300
9511239007
9511818131
8668227566
9356092323
9595734545
9028124050
8446664746
7420911794
7020894893
9373952226
9356643890
9130525152
8073721233
7620050536
7264864366
9326399848
9859717717
9004999324
9167715288
8828571430
9619654745
9326095019
9619408281
9820197471
8291990646
9137764439
8828958040
8310940633
8850317771
7710941824
9088764322
9619791612
7977637771
7208213008
8788321204
9860492842
8169860312
8767599399
9892159688
9769316931
9175334389
8928327055
9372977898
9503133603
9028031509
9892811033
7414969509
9082054805
9833080086
7738468613
9321072164
8291344001
7718851415
8454828268
7304181457
8108105876
9136200103
9137898310
9082640384
8928045500
9702994545
8104629044
9833903871
7317378910
9967515991
9820098127
8928287182
9886062259
9136202490
9819319319
7304589666
8108736269
8928399957
9987003987
8655522442
9757277744
9082624722
9769521182
9272331787
9421807454
8830819462
9823493095
8308164284
9096512427
9131069763
7397982051
9112090019
8208418454
9009503401
9325428901
9011028400
9370439118
9373333933
9371222113
9373121180
9325773934
8766551144
8048051982
7796828488
9529504613
7880241002
9423131429
8055559202
9226610939
9766893544
8668264280
9699195646
8087221025
9370524455
9923035309
9370034474
9970243454
7774881304
8999514229
9823053011
8446435213
8208787115
7837838169
7499298375
7972515623
9834375781
9579734146
9730458370
8605660077
8956770398
9209107777
9922330301
8042783887
7888266910
9823563166
8805910857
8999069808
8657479147
9022982451
8767535681
9619698125
9920719303
8850054281
9820977144
8080101046
9773143368
8425986386
8655057276
9820832478
8828122399
9920593000
8652210351
8850325522
8767372792
7666262299
9082732692
8356982256
9136735345
7700085401
9699020566
7776017888
8062514017
9967836665
9324904011
8828229555
8879965635
9324082943
9082854773
8001033434
9323234676
9167771827
9324484587
8070005673
8071370711
9619595587
9892291424
9820074671
9820187037
9833751777
9004867555
9326379177
9820803155
9920717789
8879387747
9820569891
9819928787
8369368880
7977576885
9833897773
9930790604
9029490109
9137376332
8369171147
9022264447
9699200100
7045471171
9324362282
8286458315
8692920774
8291525367
9930341990
9653458946
9029724572
9870777300
9323420093
9818866364
9320507390
9867386385
8169718696
7977665216
9867479062
9004630945
7678060144
9730035989
8928227789
8652117171
9820456762
8655518080
8369053313
8879733698
9869171479
9619497313
7021283450
9892457369
8369974912
8291915051
8104753697
7718946546
7770026141
9594250294
7977963846
9546290286
8879298662
9769374001
8043257057
9768511153
7738453926
8291113468
9892671540
9819879133
8828571648
9967040783
9325187440
9834824763
8087764664
9881452973
7841908916
9422456538
8208994372
9422266652
8624966248
7756028415
9096997961
8600146402
7507206524
8888888290
9021989192
9860604200
8600759361
7773991562
9823188741
9028714322
9373343061
8208393003
7276137405
9420306147
8700986490
8796969601
7798805155
9836334433
7387655461
8149217073
8349660612
7057793384
9970463652
9021110158
9923106684
9834344645
9850959222
7385094901
9096552367
8983300333
7820976881
8605543964
7517981942
9881113222
7219302541
9766343914
8421848949
9225852301
8956016684
7972767721
9130947446
9850316806
9371853554
9545462786
9822239450
9372482472
8308372172
9890173866
9371132100
9135511555
9881652504
9370507832
8421338431
9373219976
8796137861
8605928436
8408000015
9823877187
9890936786
9890664576
9823241899
9021687788
9822224982
9226134315
7122290137
8459998262
9326729258
9325092324
9371349438
8446669871
9834370655
9019952402
9545669428
9689823200
8788241910
8055597893
8048035115
9765550995
7276747536
7420057859
9764484971
9960995537
7030191819
9881136044
7410136537
9423219932
9623186326
9665634968
9766839142
9923311108
8999302570
9923309992
9422179145
9923991153
9970405240
8888912247
9890165212
7875903511
9404673777
9890232128
9834166950
8788453921
7020003140
9890459177
8484990888
7770018441
9923902633
9922559644
2382251831
9850043611
9850557200
9975703850
8275488648
9422629438
9325332555
9511851153
7447477547
9834968480
9975324333
9075515373
2382245067
7218116298
9764802523
9175704168
9689763826
2382251510
9823765664
9028299775
9284614553
9673575000
9370724151
7887883886
8928262266
9960193239
9503204600
7219344425
9764400022
8308800008
9325146884
2382246655
8208836087
9665161165
9175429835
9860772262
9764168106
8686361036
7249887777
9763374792
9890067004
7775800058
9422468676
2382251353
9623448881
9987068800
9860073211
7588875859
7020337079
9422015366
9923772535
2382256948
9834214295
9370064262
8408827084
9422472581
9193730751
6367349533
7775837229
8975177865
8698869822
8698869844
9422140044
8600337251
8999026853
8830288752
2462245844
7507293679
2462233233
2462287400
9890694305
9637250007
9923040985
7588523232
9834133621
8600800118
9689652706
9881493478
9423438716
9422429908
9167275191
8881699766
9967237087
9930161368
7400254870
9819559151
9224488301
7738746566
9867653455
9136061541
8591999394
9322698168
9324311811
8928633955
9930782631
9920101167
9769435316
9321523440
8286949616
9022406100
8879453511
9769898861
8452838910
9821882548
7738786052
8286123657
9819456717
9820207728
9819350995
9870310000
9987318105
9833242532
9320299999
9820355265
9821787880
8652561111
9136692222
9320186888
9699957779
9867726671
7021590733
9320092652
2224461885
9920048605
9819422865
8888777131
9004006726
8850533178
9821880163
9820050708
8452825923
9773264595
9768287777
9892102781
7803999333
9819576131
9769625479
9833891051
8009090949
8779406943
9920994452
9082286767
7977427175
9892265401
8369989067
9821517430
9773720785
8655382838
9987144738
8108313553
9833108295
9322872699
8286860955
9664376330
9136229430
9221085881
9821438835
9920091080
9869443733
8108102151
8108615855
9594946638
9821919021
9004038946
8080786089
9320521888
9221615241
9920110061
9821147112
8880117579
8384858604
7021350773
8108646125
9967455261
9920098817
9870270127
9130079988
7774039872
9922051827
7028321887
9821865992
9987846033
9975554467
7987521932
9769993300
2267536983
7021904396
2066663952
9769768435
9136339255
2268299000
9773564833
9922509025
7030175931
9967178277
9637840338
9769765383
2512445423
9821311389
8097111438
9820121741
2512489458
8668518635
7304276032
9699098854
9167373171
8080070123
7045355566
9136789145
9768141091
7738567989
9004220803
9076328416
7039738374
7900076277
9821215239
7738378069
9702369387
9619507735
9702943801
9702543865
9869127889
9819209407
9892978778
9731073823
9920022521
9731129436
9920426007
9920147511
9833020304
7738534210
9930556885
8527933885
7506071724
9136139691
9967670209
9930434141
2512470549
7900120761
9004116753
9820168122
8657492937
9289418830
8425918282
9022021140
7718808389
8062703144
2512222027
8779063966
8097037763
7900165500
8850722920
9773398470
9870492079
9619185752
9833585027
9967515911
2249727055
7709027540
8097745101
7722967722
9167379073
9822080722
9870276094
2246069036
8208076524
8898284384
8559991059
7977417014
2226823654
9890892030
8657292461
9833737623
9850986050
8425080007
9892470007
8879582911
8108604787
9821737927
9821189331
9819492024
9167017078
9167316612
9769891712
8069958805
9867865898
9967362555
7030900208
7385110742
7620607829
9823677722
9370117011
9356546251
9850526381
8062917051
9850731000
8037839308
9922212051
9860128977
7767076878
8071370645
9049313005
9850439393
9665639329
8048035823
8956073754
9011149707
9028738554
7447444182
9373491737
8421842062
8983074224
9579409416
9699915209
9421037547
8197524262
9673982320
8999677637
9146959676
7719007844
9960469414
9960241110
8605575855
7880799005
7875881881
9067271262
8329011313
9373807948
9700006627
9028742718
9118192929
9604354789
9518554240
8485006497
8071370525
9823784656
7758062013
9850026222
8485872667
9923244246
9850862283
9545052351
9923046767
9860078798
7722003079
8484915909
7507747562
7350551166
7666883817
8048103283
9552588879
8584034098
9158876286
8830558784
9405770505
7350886932
9890646454
8446112935
8983535357
9730428440
9730363894
9922948080
7499775233
9996555599
8830294242
9890500505
7841098696
7798916000
7020156277
9206630630
8149740219
9923753709
7888050788
8149216870
9981397676
9112055544
9881819540
9421252599
8530277070
9881341144
8484846539
8237333167
7219555255
7620062323
9822561380
9960325083
9145024471
7218062148
8806292463
9860204157
8308581709
9359018032
9673797354
7276292966
9503422566
7972989406
8999099974
9158777907
9568028785
7276720218
9130078960
9767923391
9685188977
9172708249
9673443740
9021112976
7796002442
8071433358
7038346792
7276061255
9890289618
9657119315
8888968603
7058624465
8767522537
8308849090
8669885749
9371503715
7066373353
9527722550
8308606301
9175550665
7499152176
7057059916
9226215544
7303131925
9921020302
8482954555
9834149422
8767085494
9405571130
9850276500
7517044929
9320038338
9370204052
7977717436
8552095975
8087300817
7020330431
7709103623
9309048591
8793376702
9960886752
9511780792
9152071739
9270433863
9421607548
8766502505
9860089333
9359345806
7755920633
9890533709
9975303132
8421117400
7448099419
9960106086
9422746781
8308076222
8600617117
9307881148
9637963847
9421690687
8888065779
9699487775
7410733180
7410553399
9096646108
8830541114
8806364830
9823250796
9049629049
7887622535
9168003679
9420249387
9054670397
9763213399
9421616464
8591935854
9156747527
8237370191
9921819996
9168068049
8806046460
9423396735
9420306811
9822287532
8308389009
7028854025
7350003579
8805129292
9011155248
9890306012
8779919785
9922409955
7066597366
7385855520
9823783353
8329524774
8788801131
7020187252
7709212609
9922239195
9623503832
7709955192
7507075053
9766213911
8830491401
9326308318
8208771591
7350912014
9860585101
9890007796
9836888333
7887847000
9226062832
7057775003
7796558369
7773871341
8390038666
9272168996
6399969969
7888080588
7498563522
8605679888
8329946621
8010670818
8605209164
9422101883
8767121212
7045425598
7738195616
9619175714
9967600311
9892973464
9167402759
9892306426
9167532131
8652144903
9594742574
9833385942
9892965151
7021429366
9773691803
8087232852
9833919001
9820746465
8655901864
7506070088
9004793625
9029020888
9371044204
7020106550
9422519624
8888892699
8329107334
8862097855
9552999519
7823034027
9158878677
8380898015
9011221199
8468966977
9604553412
9326012840
9850920189
8459416668
7666801287
9130322240
7722098792
7820838810
9822496162
9767478667
9146328763
8856994545
9130729991
9823520255
8975700909
9175717353
9503095696
8806857878
9921338878
9374596455
9922909701
8668281788
9225061030
9028871886
9371026039
8329255771
9890939580
9518957573
9158111815
9503536850
7800901159
9822841749
8177860422
7988885436
9623265657
9870275125
8390342244
9145112244
9822080410
9158303132
9766928043
9422029113
9076758080
7264885842
9860352843
9764161614
9765221144
9404586665
9325120971
9028907504
8071370512
7420951417
9822289882
7218775932
8975970596
9767874242
7447559955
7071727776
7028114535
9850226600
9561147519
9403760111
8857936161
8983535552
8484846783
8552929660
9970046973
9765603940
9850667748
7378313131
8055385572
9320441140
8896783319
7200044459
8433700347
9594303039
9892064026
9920720497
8803776655
9006899494
9136214388
9820115704
7678017605
7039164464
5874569456
9004678920
7900002702
8956698441
8779371538
9702312999
8779433600
8691026535
9324926661
9867283735
7700009943
8828626057
8600931355
9321429616
7506269977
9857865786
9322912195
7249111783
9930303904
8828199066
7021582133
9867056913
8097888706
9833885757
7506918861
9870002170
8450900761
8080862762
9820781344
7738557225
9819895555
9821721916
7977410318
8451914285
9820553366
8692055685
9029770069
7506381044
9773328919
8104973654
9820238467
9004101717
8788045145
8169535956
7506331757
9422112589
8999904313
9370955510
9923500039
9511838893
8999190745
8788102315
7755995072
9890602020
9767331793
9822431578
7588231096
8830111323
7066113000
8983508551
9921422589
7378663560
9145793569
9689888201
7397980242
9765065933
8796863350
8888426526
8007768917
9766786583
7620932323
9011994636
7709202000
8482821895
8668267982
9271114024
8888772441
8007534767
9762800808
9922338451
9172402789
9881476869
8698670111
7378989996
9999465257
9623137621
7798599996
8208239707
9819570211
7083500070
8766697853
9226535204
9112976657
9594209000
7666478374
7276709865
9922045732
9975711564
9545379481
9266341343
9049258187
8390191811
8605622211
9850958580
7558481093
9837813947
9373837625
8071820512
7020150601
9049731763
8263842272
7057077375
8624076454
8796186189
8071820501
9608808808
8806614545
8422822958
8282818135
7083089463
8062208057
9890238006
9881157794
9686028910
8169887877
9820901869
7208541456
9004970726
9766223812
9967490255
9372102405
7070070716
9833655489
9867264386
9702336229
7710978977
8828163430
9870569671
9930032776
8879457396
9833976596
9930474174
9920602901
7506595675
9769144388
9892548578
9967572451
9930373760
9870155252
8600492053
9370729511
9823642677
7875017305
9860178641
8446122344
7208247872
9822513605
9503840407
9146227992
9833804664
9623465716
7350146570
9860398268
7977063324
8652080941
8169872631
9819713282
9819237956
8779399428
9594972636
8788328655
9769068195
9821266195
9594315842
8879161326
9967050989
8591734586
9820647062
9737802468
8879998548
9975857999
8446918540
9004988599
9594557178
7798699932
7249570568
9049597563
2502325018
7798948800
7620036494
7709181990
9987002515
8719030188
9665710933
9767214408
8970750499
8668429653
7020746370
8830284335
8446709236
9930273819
9930481824
7900031981
9820815500
8655144784
9653467700
2248932899
7304792550
9870969797
8446160514
7039181259
9004802580
9594034888
8097196222
9594885563
9004149100
9326069238
8108388904
9372112818
8108384100
9324471216
9867674802
9930066612
9594576838
8928272402
9664600300
9664009049
9820313325
7678083828
8082002000
9022819416
9920877138
8219581506
9967557341
9820680024
8291853567
9820181864
8454002779
9833084662
9768535054
8539808884
7387277051
7303784788
9892422396
9137133416
8879867272
9767602211
8319686988
9920323432
8169997103
9819740622
8591430296
2071177423
9930281939
2532323939
9657826998
8080353458
9322920073
9820569715
7400099910
7977207604
7972540480
2363271425
7303113204
9561376745
9823874883
9820399027
8007257854
9167403569
7066894922
2243222333
7021886353
2269804200
9082852358
9355409726
9372131477
9769761138
2240224480
8000011022
8433520408
7972958289
2235157277
7314623911
8880001177
8928056680
9022574260
8329925689
9322698355
8451073442
7249726502
7710937237
8779526701
7709810533
9767940300
8888250234
8800899198
9890946094
7709542380
9619249092
9923147388
9170371841
8698187226
9823228474
9923509403
9764870426
8375941919
9320744441
8411822325
9970453798
9766817235
9004377576
9373291081
9096213116
7039088215
7773958912
9075486344
9762543752
9975395495
9011955506
7741017266
9867231740
9619101806
8879237069
7021610842
7977081712
9702866866
7700005484
8779516121
2261297700
9833669560
9987685222
9821246866
9821164784
9819408478
8369600514
9082078421
7208008949
9819004703
9987758132
9930581116
2222625073
9757001281
9878517227
9920443322
9076114175
7304614832
9819354737
9619983920
8433814206
9324620236
9004593096
8452025733
9819964919
9158685191
8779461102
9833224498
9769429709
9820065876
9819704669
9320999468
9325514784
9665100800
9860366052
7888036690
8055907598
8045135212
9370673261
9767761273
9960804594
8055505425
9834182567
7276548313
9209069665
8149503508
7020112578
8001023531
7507402379
9657131203
8669622890
7058524365
7588146835
8888820277
7276047155
7411781244
9850153766
7028215315
9834439142
9421929634
8071890127
9373928769
8048059466
7020406361
9822839661
9579855540
9423151116
9373905760
9923744447
9822452589
9922116808
7498805009
9011085258
9890707509
9373965500
9890167329
9028987700
9922336594
7057864292
9284746133
2532590014
9890057246
7517519994
9370414275
9423351259
9607773338
8698853618
7744944568
7385558753
9420302787
9139151539
9595951792
9890673951
9607669511
9822649835
9822887009
9373922386
8421413478
9226566027
9850488139
9511829113
8446072902
8888577657
9922590289
9284781579
9529112596
2532500844
8856838887
9604941119
9850744334
9850263331
8956817725
9309986891
8329904709
9158377775
9764600068
9860869446
7277733335
7020769571
9881908015
9423280229
2532578666
9689664444
9423037225
7058865239
9604044453
9767992453
2402992319
9860382622
9372003024
9421310552
9657473625
8975196672
9552534149
8888338276
8263804989
7385063398
9850673553
7020493374
9423175983
2532534090
7066551133
9370707806
9823485051
2536717124
7620109246
9422249630
9607937443
7887401788
7796546647
2532382792
8390221057
9422748678
9325559999
9527777397
9881045779
8002336455
8983334443
9028558889
8208127993
9552566969
7083333674
2406615983
2402334553
8007943943
2402487908
2406601935
9505006670
9890000061
9765890678
7758894551
9311014753
9645599929
7219700336
9373331084
9325151312
9993282473
8623815716
8055279332
8830874503
9890688928
9561555187
8329374271
2402353080
9090828223
9822257746
2402402471
7262001188
9619784740
7391092226
9175118186
9975977776
7574089899
8527235499
9619764815
9011446683
9082975764
8999286862
7387720976
9423305448
9004430669
9421862037
7057107930
9619441278
7218812904
8879448188
7767045698
7522966594
9370070999
7058359349
8487899490
8600874067
9823511313
2355255859
8087960700
9130370512
7620035687
8793531682
9823772401
9359101549
2362224494
8975696719
8452864366
9145198298
8329776587
8879256333
8600136935
9422584028
9049556009
8505844966
9307543725
9420204103
9067927762
8007413663
9764268769
8830453769
8097723265
7744821393
7276784575
8237174810
8605636660
7276736830
9511832948
9326715491
9619019030
9960738814
9529707370
7669380017
9137296927
9770066767
9820222045
9820280526
9820293960
9673530361
7276068844
7710832716
9049739952
9370826873
2226872425
9421160524
9503920444
8484017234
7066690348
9209441199
9665885668
9503199247
9604060771
9922288966
9011904042
9822557939
9172566338
7066999879
9029763672
9015187979
8898183977
7021065227
7020627680
9920956828
7506256688
8655876708
9022321364
9987355058
8850500831
9960908355
8850577507
9145183705
7770005485
8655544499
9890895075
7219762187
8080709772
9372397525
7273934934
8087243145
7709778399
8007799723
8390555253
8446771972
9321199938
9920402825
7666832336
7757970117
9309928681
8530003571
8047181483
9730664715
9967101957
9137525931
7066427111
8446805882
8800013114
8468822022
7718866633
8855073869
7758867665
9049054409
8850731014
7304653088
8446023367
8830100466
8407974197
9158005522
9820124994
9561450045
9518354761
9271563318
9673215609
7798316766
9096968060
7666624587
8422063333
9975099961
7387835942
7066434490
8830967592
7387744285
9146673458
9284105317
9923111163
8788938206
7499662286
8169422959
8830326214
7020689364
9768168428
8766844711
7276258093
9028058093
8655457638
9223586449
9146699098
9967940040
9673962097
7821837503
9930245004
9175972226
9823982935
9769178812
9767987998
7447535666
9320124768
8424860785
7620781899
7030000125
9619670451
8929788708
9619679016
9869565628
8898117343
9920428128
9967783338
8097638063
9819143786
9819248771
9892623896
9773456513
7666777088
9702410484
8976067620
8088110011
9320261511
7498024400
7021813846
8169754318
9422213556
8888143012
9225522126
7620653435
9146427978
7666610037
8208710271
9766897989
7721951965
9767570558
8379916191
9405433225
9822234192
7218096093
8037394863
8045877572
8668414636
8668320906
9552596525
9761466135
9021057754
9685091506
8275412456
9623768148
8767621671
7252231971
9922267862
9702226285
9967071755
8451834837
7775865661
9011551505
8600290316
8421114255
9146761055
8007377303
9922766491
8975102123
9860551532
9421771859
8830694253
7030822978
9766633893
7218822568
7058847899
9422584061
9765297799
9423429095
9022544744
8169096304
8999506105
8169216865
9870275104
8898338089
9702777166
9820111276
9967000042
9820185743
9833488794
9167269968
9819124335
9594870262
9082385004
9920306655
7666776669
9082080550
8097701836
8069865936
9324781420
9819391162
9967097463
9892112651
9619852390
2265875414
7710000142
9323186622
9967956666
8369982317
8928358248
9819050882
9892653898
2235628375
9426765918
9930706633
9892106828
9892527445
8169336552
9967840011
9619725410
9819680606
9833300500
9136413128
9619692192
9136354040
8169950657
9619613742
8879998001
7700927729
9920335689
9702665859
9892879810
7862913401
9004628809
9892598001
8850506597
9930192705
9920335661
9172601652
8080580222
9167325614
8356956180
8850154375
8169780284
9821008361
9152480229
9326536564
9987951143
9322217803
8655087505
7021561536
7977813960
8928453915
9930350946
9324435363
9820350385
7208841008
8767557111
8291915316
9819948550
8080036735
9372376936
8450929791
8355921135
8657447752
8048606410
9372201718
8655557979
9004190960
9429693042
9665350919
9152463000
9920953711
7900033459
7788996523
8830702001
9167511615
7304209526
9082281625
8452055220
9920499093
7020064189
9322616565
9096508064
9146243010
8446378525
9175337433
9637552433
7769874983
7045221282
9323833399
8888338444
8369991008
7028923350
8976721819
9987195945
9209265253
9076458548
9764573811
7030574993
8369531892
9975085888
9766408677
9322585042
8669668722
7507222035
9892097796
7498976860
9890763230
9870649319
2502480752
8879552022
9322400205
2267294500
9867841524
9152369519
9784997499
7218253516
9175158088
9669238282
8793819676
9561665454
7057454005
7058906666
7219390020
9923118282
8446681819
9822880044
8308830854
9850866685
7588277596
9850209995
9823813275
8668922728
9075625620
8485009051
2312667699
2312688800
7304604651
9823269338
9511615337
7719026608
9405607828
9371288998
8792087920
9130438892
8806019932
9325334223
9420702358
8767013434
8799927851
7020181171
8275257081
9168337771
7020317601
8208878433
9545907908
9321413470
9975957911
9096334441
9503628150
9822025602
9284599160
9764619469
9112313199
9822808687
7038888552
9370877295
8830016716
9175261980
7972020655
9326024404
9689984878
9850031324
9011790111
9158406363
9421619384
9766451959
8975944322
9175417587
9423826921
9970371008
9822129052
8484041025
9970278707
9144144177
9860602361
8830096989
9359668693
9156098786
8805192114
8459594494
9028068070
7722086786
9011702946
9890464484
9960248977
9220900900
8275452081
9970070340
7977717440
9422736300
9309983346
7972116697
9822107037
9284740199
9173537039
7350565551
7276556457
7070757547
8485062512
7588235940
9637722282
9175014691
9423497632
9422769859
8408958987
9699881665
9860058886
9922708905
9423686868
9923082345
8624033388
9730686633
8071683721
9975323869
8805708705
7212670147
8975991234
9890809427
9766310400
7774096062
8856861396
8855066891
8459791270
9422856993
9822000866
9011200724
8071912379
9028363708
7212672248
9850145565
9822194000
9970170971
9730132870
8888627795
9325351640
8485060666
9860315149
8551066204
8698077775
9595820922
9403173053
9921783817
7038886386
9822479222
9420232510
9156775334
9028752753
9422190765
7391004224
9420188822
9921499147
9370199965
7020660085
7498114881
9823054561
8550992993
7083998400
9326449333
9422236547
9422179789
7768971215
9765366260
7770075752
9096697182
9119503222
9405990206
9146371814
9823150192
8483097043
9423364235
7798584453
9112211422
9860007418
9890515430
9172168646
7212675556
7212663283
9420523495
7666305847
9921284656
8759159187
8071640045
8261008424
7385730202
7743005151
7948234530
8002663340
9850099466
9112764040
9665595769
9922633466
9096765965
9319485524
8888329078
9158006668
9096197653
9284635085
8805982850
9823736565
9623100518
9579614416
9881609697
8999083200
8448440830
8977737047
8208508145
7499710062
8087214579
9890567266
9175679393
7276308008
9823163399
9923393394
9325795857
9890817128
7798111777
8275001152
9325467575
9561148356
8055443700
9975955374
2313253873
9260177111
9049000904
9860770731
9665532578
8421193136
2312664500
9822281234
9673193466
9834463238
9657848307
9923090002
7887671313
9527861567
9823258888
9075753296
7030919448
9319485515
9096165051
9822802614
9860584782
9122624815
9319486259
9307310550
7045269053
7058797377
8421510521
9421706786
9850165050
8999175033
8668280143
9158507900
9226388888
9822875792
9049383132
8421211554
9860646068
9022794351
8275211021
9423325829
9922344044
8275179588
7773907766
9890099258
9175004284
8552000104
8007839944
8180008400
9823333839
9270153444
9325371143
9028612119
9422648399
9922836283
9422459388
9881441099
9766326095
9823170025
9420736420
9021666168
8329894923
9730993449
7038455475
9403625965
9372810172
9702115643
7558560170
8007275740
9892840191
9136375108
9920662560
9594931966
9892291308
8779546094
7506540736
7045234234
9321851870
7900048087
9152424811
7402045555
8850580189
9869053023
9870471663
9867113900
8097164415
9833990242
9653412369
9619060799
7208787969
2227801108
7021733693
9323782104
9664166256
8591421158
8104291855
9152205220
9987557811
2227812004
8451898853
7208708807
9892199083
2267913882
9321301968
9702228249
7977115950
9930905561
7208258555
9892357584
9619035377
8779064682
9867354438
7710062083
9768474888
2227843000
9833744979
9324423735
9082036977
2241271768
8769188063
9833499522
9579209748
9619732910
9819022654
9769866868
7506877487
9167733137
7337205222
8879918980
9324739723
9821464924
8369725820
8792580688
8421091615
8451872407
7400174385
9702505252
8904260452
7208624765
9321792253
7021225067
9664990006
2227889585
9819787537
9920495968
9471591910
9820064930
9930356828
7021833173
9987666706
9892683579
8097100191
9619141616
9769990365
7400280127
9819759980
9768649245
9136645106
8879899798
9820239555
9820637579
9820804253
9820177507
9869876598
8108277771
9833059434
9833922922
8424003180
9820371795
8146004700
9004894358
9921373774
9890396785
2572226163
9850184440
9767319190
9850005185
9890820082
8037839320
9850763072
9082494088
7942877895
9322454190
9067312774
9579549644
9970733505
9922758585
9595389593
9372101074
9860496586
8668625588
9028181080
9049808786
9423272919
8669702777
7410589999
8421282444
9545511711
9021556003
9970117866
9372129009
9823530317
8793778777
9860301717
9960188478
7058725454
8329703362
9823710752
9021110808
8087823267
9226780220
9762222196
9145711711
9623777866
8527238846
9766666096
9860021281
9860926264
9822504616
7796267999
9765665777
9689088645
8329295238
7709934199
9604916500
8888309509
9422613700
9404743936
9284934148
7755999722
9960313908
9960141251
9960446258
2332228600
8625888299
9850593230
8087237490
8379909076
9766597333
9324302746
9067771006
7776999269
7276724014
9822281121
9604435284
2162238182
9422401684
9422045425
2162228422
8600467921
8007344333
8071989049
9970231224
8108661870
7387278772
8087231316
8007541170
9881178941
9307766571
9403546796
9423865321
8071962569
9307887933
9960624607
9518338627
9700733131
9420487682
9289922338
7378892255
9766042017
7558235329
9359342168
9767612417
9561756397
7387963791
9860747786
9325535431
9175398822
8855883036
9762920992
7058714701
9158681488
8080843571
2267521187
9664340700
9619733815
7400280187
7045281663
9769051411
9638133268
9987498048
9920863063
9821460408
9324769233
8169875962
9820092092
9082423164
9029023000
8080800511
9379419641
8779615086
9136077183
9137517913
8828322576
9820029065
9819927987
9152323023
9167961850
7506920709
9167110451
9820065707
9321861075
9820744393
9136077666
7900122468
8945911797
8953163873
9870345009
9004118225
8691930349
8356045249
9819309807
9820434445
9820215086
9324043383
9323252425
9076155523
9320028102
9819829145
9833676474
2240020854
9137664756
9867007017
9321821911
9833224667
2224135016
7738697738
9920640655
8082058183
7977579726
9082700266
9773252984
9869507741
9833383934
9768869268
9769574499
9022170813
2223884176
7588657807
9552129222
2024435599
9890789432
8629944297
9921985931
9604611458
9421931085
9301555948
8149476576
7796141051
9422515044
7249297108
9039029240
9503464162
9545238899
8087775831
8558945038
8359802025
7875270793
9115769966
9343836685
9067157281
9130261372
9833305915
9810650750
7972309180
9763909624
8806924979
7972298148
7030891472
9028900304
7020006325
9822813686
9922684666
8482898529
9175972105
9137753512
9855054994
9860786286
7028122122
8459518907
8801815555
9764766555
8087995895
7798978723
9067799357
7276209204
7776870778
2026158122
9696770808
8530914747
9960662049
9322296557
9604799693
9518529493
7888221138
8861690909
9117122122
8055148446
9970895691
7498550757
9730093595
9822306359
9890066776
9404069819
9890028882
9372403400
7248993306
9421951852
8483831333
7709425334
9822211577
9822281543
6395734192
9028952696
9028289666
8788364050
9423866463
8390724999
7977286473
2025443361
8999906039
9075319373
9881693291
9403827320
9823166618
9689524035
9960140878
8806700188
7057990390
7083083879
8237374773
8007038007
8888844701
2026838080
8275879007
7276989079
9595309472
9850023147
9028580670
8042783932
9850113356
8208712440
9021538564
9822433770
7249868325
2040110000
9767870040
9850121751
8956910874
9922068011
7755933865
9175313999
9075215212
2024268579
9822082008
9822001229
7709567890
9096565699
9393535959
9850046401
9370789888
8055756054
8624819103
8956732918
2024458459
7420939790
7588234493
8483883981
2026064879
9049119789
8668709785
9511786681
9272153553
8097544063
9833006865
9763238234
2512204280
9930771428
2512620602
9588698218
8149112861
9322449269
9011142224
9967217794
2224221909
9967978997
7387382936
9284914785
9604557501
7391010636
7823071831
8928047330
7806912724
9356850177
8591878298
8087521939
9619606870
8080732020
7769810703
9322554457
9561120900
9833129763
8796885512
9028760491
7738608011
8591222140
7875324234
9987172757
7378486111
8048076746
9975462555
8850198874
8485004122
7776003843
7378669595
7066147047
7021355010
8983445886
7744079769
8080631874
8369987078
8693097380
9323170660
9850667351
7558705253
9930305105
8048964206
9820308238
8956617220
9226322836
9870720403
9867638113
2249103100
8879007055
8601826975
9967494969
8976840713
9987579189
9594242056
2512205905
8698615550
9372003276
9920377853
9559557050
8452997731
8779006869
8855940557
8451873456
8928100919
7977930760
9137378753
8378989690
8652621671
7777087720
9820688455
8104541140
9892637684
9892864768
8899770033
8424836409
9220815555
8591888520
9167118771
9594071724
8779297100
9833565070
9702262424
9769499737
8407059480
7506610051
9082899129
8446639329
9967575421
9665915734
8850642879
9820498468
7588545066
7498203538
8982445576
2228193122
9892032137
8828368033
9930709993
9173976930
9820096678
9967960300
9152722770
8080716677
9892135524
8879779788
9870301196
8097519192
9892585092
9731019551
8655511501
9029656363
2228128913
9821124488
9819562744
9594273640
7777079698
9867196216
9821282260
9920529635
9152374264
9167934444
8976582641
9222819720
9320364091
2245003115
8830229644
9082204478
9821692002
8610446552
7506506672
2226376100
2246079600
7208489135
9823247833
7028029235
2241139999
2228573091
8459135006
9082519912
7573036008
7400112277
6467562922
9833221364
9699865393
2240790051
2261096000
8850168971
8830022549
9833022225
9820720854
8424849898
9322727909
8655436837
2226821894
8928194286
9820473507
6393854668
9653419885
9867658656
9372029956
9819709100
9987200785
2226367057
9967215757
9820244332
9152531901
9326414046
2240695105
2267401000
2230860301
8849252454
2249719137
2226031100
9833355362
9820473023
9820746792
8698558913
9819984661
2225442434
9653134655
8010059573
9892210391
8291920943
2266800800
9323548548
8369613657
7470595847
9870096055
9987976568
2225645289
9822524275
8625074244
9890158583
9890084500
9175677142
9271726824
9270727802
8291030224
9713955136
9699992226
7385244307
9869113514
8149647668
9420999581
8071892386
9028040870
8482918756
8071912348
8888767755
8624946158
9881125270
9822283571
7057972972
9422403702
8237226791
9096149731
9420829915
9881263751
9923949113
9637428296
9325398067
9823302244
9421377860
7020389221
2164228391
9561903134
7887998302
7875555161
7060053877
9503577777
7447662533
9322533305
9860565759
9011778006
9881410148
9970604632
9960609037
8605107025
9422401785
9764649397
8956125651
9403167170
2164222168
7057178603
7276300104
9850028018
7875005883
9850517611
7057548915
9890121932
8888544422
8888585550
8329822028
9881317531
8830202053
9822547042
8329619368
9850884555
9960979962
9822002305
9975176897
7039541067
8605239405
9822260039
8065065591
8767710566
9422400127
9823056410
9922367154
8390843040
9860343232
9922544448
9272304757
8788578584
8600000623
9922730333
9921480288
9881633923
9112409600
9763217417
9822682578
9421861400
7757847774
7709306090
9421121859
9975999998
9850606888
8094452568
9890918081
8237732255
9049444424
9922909900
8329686894
8788449934
9619484343
9922142211
7507321998
9822079405
8071640004
9921509921
9820616132
8698725668
7021365621
7276445063
8779874674
8452925022
9619351722
9222558899
9152766709
9833347005
9699980138
9152746364
8619270144
9867210111
9740591446
9324364679
8291816147
9667441538
9901822770
7042206468
7718875118
9921545007
9137342809
8070789797
9560411882
9920651923
9769667152
9320849565
9004042827
9152678518
9082252751
9004795834
8657785910
9224381587
7738276258
9619154140
9422427057
9004514169
7304642649
8097075747
8850584599
8850877906
8087019024
9373910222
9923453076
9420912255
7774969111
7887826955
7972565770
8999804048
8007440244
7507960070
9607113596
8983042650
7057249593
8482875657
8424955657
8767438273
7709522352
9765861787
8806595465
9067127870
9527102046
9326104586
9835608144
7020736957
8446495257
8446722044
9438045799
7715036000
9960117508
7276862591
8698988249
9822700711
8275699810
8007744442
8669070544
9326154600
9881012732
7745055429
9975898460
7709942261
9146031100
8830809194
9850488991
9561413010
9665448228
8888000653
9764142498
9765560312
9834333677
8806694422
8434561989
9881140044
8055340911
9975424240
9699620345
9359802648
9284033535
8120279085
8329785421
9822712983
9850479601
9420005635
9967860251
9004798802
7897089443
9930133188
9422460801
8802688030
9764094599
9421177446
9461781899
7350890008
7985283070
8071683706
9890458899
9766570921
9766265628
9822260629
9850745836
9096663331
9028938512
8208707268
8879799595
9423267508
9221011020
9833371524
9175077040
8600400620
9763844044
9822263419
9595264008
9422613755
9860101111
9922335363
2332372822
9960406313
9423271769
9766266231
9028410951
8275915356
2332373194
2332531010
9359807280
9822534001
9850242930
8668915634
9890140545
7774005927
7350090073
8698943498
9637090459
9881036638
9595240551
9552600716
7020237374
9834926354
9880808076
9421123595
7651871993
7218970730
9823295929
9405064241
9423872229
8421131215
9156832179
8976793234
9307758887
7378331234
7774866693
9822442244
7386671294
7387864999
9561048537
9158161719
9923938080
9822150996
9423809128
8378989913
8855800772
9423037242
9209959193
8983578707
9423872199
7720907720
9028819666
9960623266
9420679655
9892938078
9766666970
9321325532
9892152086
9850700483
9112147339
9588638700
7776003668
9833971319
7620203358
7966247251
9049909494
9923548070
9403468283
9028815555
9881174585
9373821874
9623069069
8380910418
8087211172
9763392208
2229206200
7666460127
9004008099
9326041295
9892925717
8591009138
8419954264
9920106397
9322932329
9769966559
9619372615
9987166499
7506922336
7023058762
9136209442
7710944177
9136619500
9930930445
9892139735
9820851999
9113208736
7718053706
8652124278
9820078935
7021275869
9082964388
9920282204
7028064629
7970653712
7304352246
8104283332
8929500450
8879749766
9833269986
9819280514
7039186829
8108333791
9224185131
9820029101
7021981847
9869693245
9004479370
9324477166
9821250690
9082049076
9920463777
9137646460
9819972727
9594065050
2227782455
9833703382
8048600491
9820101311
9920193758
9892608916
9820619613
9867876397
7977548838
9920567899
8447756019
9811926000
9137561004
7738915092
8850909191
7738855321
8850672106
8090233614
8484000723
9773603251
9022253530
8828116064
9936379389
8080689292
8796181821
7004160423
9969656565
8484930580
8530470899
9004856351
9920980583
8767529999
9322290860
9004822461
7738441122
8779386350
8433613949
9819185555
9324525626
8779767715
9594112456
9930321479
9960290333
8108218000
8291294095
8591086492
8879983919
9930769521
9819549901
9833191899
9850082990
8062915489
8830220721
9822458797
9960398490
7218476173
8552000111
9922000681
8037681131
9822830341
9373222519
9423902667
9130217029
9822812916
9403257507
7020040130
9240013915
9766604186
8888788435
9422259363
9730866716
9209274303
9422778155
8329264526
9823160600
8623851936
9370220022
7020979933
9850521722
8810161616
9326063228
9960670596
9922115982
7875445192
9226888471
9921189425
9860682421
7387474966
9822629986
8275320861
9422254790
7900036111
8087752336
7517556969
7219814198
8401200819
7028019401
9579546387
9561878495
9594820345
9623349083
9373174836
9923502160
7722854115
9765655543
9284031184
9766028345
9326865710
9960391525
9921024959
9595590607
9823458787
9028193633
9823242324
9373121292
9764685854
9028353639
9763175826
9422855580
9850024793
9503529425
9822571002
9075672948
9881496005
9765661668
8446274239
8668297097
7020933581
8999199020
7499609698
9112266331
9834033950
8329972422
9595835650
9923690080
7507867593
9552085285
8805404099
9309502727
9595238899
9890816888
9766719917
9175080250
8037839431
9823707420
9881859750
9930494620
9767256574
6366529890
9527367362
9323289722
7942875227
8055374724
8805043651
7973273592
7030121053
9325188880
9371433316
9595059376
7887779677
9273723851
7719898315
8087388159
8600040617
9730926023
8208566331
9175118387
9175737789
8928304334
9372323231
8237665875
7122774931
7126605566
9850168903
9373195006
9145538691
9373217580
7122556213
8010561338
9422829676
9270522126
9028332555
9422145306
9567705471
7083307040
7083806176
8459623364
9422105642
9921617002
8956368731
7447660000
9307832932
9021752782
9373131282
7447330000
9764408811
9307572383
8380004242
8446418239
9217373140
9039017400
7887606869
9970391724
7666709639
8408855958
8055259909
9689733781
7038248246
7977053379
8766899561
9850890985
9762044414
9890128111
8329107491
8087948357
8788775112
8308970998
9284672398
9822669530
9370951321
9561117949
9561785328
7447587075
8329291677
9960076845
7489558747
9922051243
7666174582
9850746889
7378599999
9764002127
7507771384
9850292796
9112277720
9130303308
9890578821
9822087709
9820517957
9359785807
9420692873
9657713255
9511112364
9923361946
9096576792
7020285479
7397878542
7722082092
7030022000
7888042370
8530426178
9860693740
9822743130
9822752795
8484067143
2226144832
9905444666
9820262649
9320222218
9930207780
9664973336
9324413705
9324029332
8898851003
9930143616
9930198284
9870045302
9930860499
8828161678
8448802803
8828393919
2226875319
9900209856
9029536550
9821121786
2242230000
8451072218
9920474622
2228676477
2249609238
9167515844
2267140200
2267985201
2261232500
9869173989
8355937768
9221095409
9224005075
9820190832
2223007757
2225411267
9821667984
8010215256
8879794960
9664411441
9870478691
8976743679
9969074679
9820006594
9892940068
9594111230
9404849933
9834646594
9422169284
8010380124
8275621312
8010268782
7972834229
9373363527
7021362780
9890656198
7020741227
7507960461
9890180999
9673693833
9175379493
7066112836
7030900255
9588616063
8767015282
7264056308
7020093236
9158612290
7507070514
7559408956
9403146557
8237510466
8767300213
9011430004
7020440856
9422975336
9421731391
9270174128
7620433995
9359955856
9175307772
7756883746
9822949680
9403357207
9860183216
7798980241
9309327891
8862002159
9370943799
8830634991
7972227603
7378924492
9225492881
9422115040
7776972418
7559205043
8999694509
9922445565
7385832597
2462241653
9112425059
9503591782
9881151680
8446165152
8788779216
8411916968
9822447199
2382259186
9822460740
8177811799
7038380238
7875043678
7709988257
9850968464
9209532804
7588018108
9421812200
9881431513
8668573722
9011685219
9112796711
7709226503
9923772215
9921318535
7588692210
8068944565
8087526144
7775957694
9097070797
9021353522
8888696086
9922661119
9834347742
9403054696
9112203826
8329095770
8010127545
9272184300
9130461092
9823837732
9881834355
7775061967
9028375999
7242458091
7242453131
9405666607
7242454411
9168222255
7775869689
9619502944
9167230097
9910566091
9152203000
2512452106
9137825158
7666696586
9970203976
7999252591
9731179171
7304332968
2229214700
2249708761
2249783564
8291721456
8001027723
8591959466
2242412003
8002664545
0309666666
2226481766
7385595558
9930100033
7045225555
7304065776
8976957318
9137999319
9923019214
7718827888
9892888874
8879393000
7977655454
7057279772
8454053337
9167230093
8356095166
9224221893
7777093900
9833000329
7400068226
9987096388
9833801043
8828362400
7977213016
8879068707
8007784444
8830242927
9975721002
8698003151
7276727777
9890813866
9822671111
9665622189
9021667566
8999525468
7499467126
8149793586
9822527858
7721010410
8379090444
9284041172
9960899980
8983552950
7576078477
8554906222
7767002261
9766960833
9319485768
9689480032
8169168633
9930306666
7400175784
9029811441
7021307326
9820228947
9773258048
8369912326
9987446652
9820117996
8898334483
9892120838
9833319475
7738077566
9322160384
9137643332
9967568105
9769890327
7738324639
1205244911
9372411473
9819525485
7303711211
9819504128
8291099846
8080220880
2226845353
9702872114
7900144535
9987422429
9867257571
8369138776
9870399209
9702570087
7949213995
7949213999
9769726919
8048977118
9892050084
9702341616
7757913179
9657694512
9356991494
8956784251
9552592429
8800278282
9860202363
7888084442
9594929366
8767852727
9302510470
9082667440
9022431786
7775989771
9112003300
8329704029
2522244152
9960260425
9050165544
8149555361
7887739161
9765827880
9373543117
8888752202
8655050999
8003600764
8097788994
8446887056
9423082513
9324929205
7774012714
9773421994
7710946409
7208083582
9311378756
8733003330
9930028086
9820382342
7669488070
9930564962
7738780781
9321728243
7506955224
8767886224
8369090560
9833500044
9619545460
8976626333
9819085178
9819020334
9372500550
9167355858
8355871992
9322266650
9930055879
9930056349
8104557492
8424009407
9892267020
9892005310
9819224432
9967552491
7697691076
7710014283
8425865054
8591434628
9136062635
9326253306
8655922428
9967478289
9324993802
8123252205
9769886677
7738911975
9167658444
7021730492
9819172195
8907114444
9082916163
9769816462
9987831420
9892949622
9664256548
9322747775
9321016737
9619662303
8169930788
9930417185
8169713655
9152054413
9167971315
9769938077
9323971570
9029589276
9773844754
8652706211
9987645673
9987521607
9594291976
9082657679
8046801951
7738038688
9594304926
8286252525
9619105106
8898008158
9004651655
7666717155
9769476308
9795289094
7710032362
8828278777
7047988243
8104253205
7208495986
9372760060
8424030390
9819794728
7669815701
9004804366
9769711999
9004260021
7400482851
9136241474
9513237780
7900005077
9653249418
9702146136
8433941231
7045787895
9969637888
9090717157
9821516121
9867414390
9892485557
9021832732
9930398848
7400429855
8855955159
7083812001
9850055703
7875922757
8850372611
8007669772
9011009500
9637396663
9922600093
9822059429
8956126551
9112090999
8329311998
8380893605
8668585680
8910873221
7208196495
9673528282
7498232866
8806579944
2041218010
9370024117
8600161597
2061094084
2065000447
9022394808
8793844828
9922235979
7507600830
8149092686
8208510803
2067190998
9011071972
7559106924
9011642898
7058323730
8149211737
9869273948
9665029177
7420990980
8625820047
8623957156
9623693654
7875712466
9284325539
9881094421
7249885870
8655731087
7709446224
9970171852
9960198485
8983200666
8983644904
9130018058
7499835557
7710997972
9870712794
7738433653
9594949955
9769484088
8860080044
8422882566
9967881994
7506957073
8422954413
9869867985
9820619190
9513861777
9372100368
9867280390
9892781033
7208855379
9867522606
9821534152
8652257565
9082370822
8452899925
9930503993
9820395872
9930150455
2229667457
8291441123
9004454655
9326164519
8369513670
7738180909
9920804969
9004863052
9004930301
7506833742
8779436919
8454954438
9049999041
9029591164
9167207599
9326894073
7077590707
8108787460
9967343046
2246003655
9540096255
9892236660
9967637852
9820720008
8879738356
9594915041
7208649525
9833011488
2265010380
7977818665
9136781893
9137710542
8779001649
9820852804
8130122145
9987115455
8850416477
9833844336
9137923883
9763188208
9953208414
7303906721
7208289369
9321348812
9372967082
8692955055
9930317451
9769700892
9869765667
9511806560
8424883427
8591710361
9967643145
7038690386
9867197483
8879588384
9167010702
9987763545
9699125204
9826156562
7777089555
9693360000
9820245424
9167400075
9820897326
9811789025
8976300820
8976003055
9867697668
9833691326
9819035196
9082299601
7738085566
9820270961
9820208778
9768002060
7410019075
9960750055
9309473448
8069191259
2262794200
9324605826
2241144333
9833004005
9892973650
9820213397
9766993020
9325278923
9359552461
8329851253
7972992758
9075011073
9370414222
9579216147
8956999831
8839398091
8045682532
9226857727
8698465056
8788955642
8045680131
9890139059
9172144277
7972517286
9552481052
8421021867
8329100890
9730388786
9423018635
7701862756
8888097354
9960085581
9881386668
9130661556
9595011958
8830047552
7448249494
7249745171
9967004473
9892727297
2261701481
9004372692
9561414059
9594804080
9930407588
9833101591
7506134540
8108105205
9167346731
8451091588
9930474141
7045959722
9833316187
7506265555
7710085655
8149492839
9821516139
9820962586
9322826100
9820570528
9082423535
9323807771
8691922225
7703037070
9223383141
9321249043
8652683847
9619996663
8879343000
8976579513
9867638243
9892881305
8591532849
9167755704
2225412722
9967002481
8928258351
7400099777
8879353000
9833773589
7506930911
9818068848
8263862853
8828389163
8169383132
9664883746
8369402570
7039526398
9967698025
9773887376
9105515736
9404307872
9823741566
7058776655
9373728082
9689192288
9665047406
7620612727
7745838319
7385761537
9373338555
9637500964
8956336781
9665050758
7769918841
7410517195
8788825416
9022782869
9881402993
9096500227
9309738342
8788993962
8806271747
9112059672
9970300456
8048035250
8888715423
9028212998
9284482294
9422103535
9673029970
9527200201
9028089262
9823272202
7126972710
9975084874
8928875064
8888810489
8669063810
9049998823
8482834447
8048035597
8007859398
9834071260
9175949793
7972442746
8605377320
9422866082
8625984088
7843016762
9511679065
9850862285
9604345457
9552988980
9503721303
8956025864
9595225500
9923354269
9404108499
9561405499
8600025331
7385026718
7972992864
8805095416
7028902873
9370914068
9860800317
7020700549
9370902829
9579038542
8888861298
9270880950
9970732578
9372390912
7720892829
9860348081
7499569168
7066633903
9028416797
8446391370
9960952609
9766963553
8446678484
9522200432
7219201010
7028989016
7122532033
8669667300
8800901613
8600008067
7020306318
9561766954
9823163693
9156673528
9834221505
9595104927
8357999933
7619590945
9130001801
7972757231
8788631106
9850349687
8048036598
8806242059
9623466180
7558644556
8587995067
8208450839
9518742487
9970811538
7276900707
9422801690
9595517532
8600346626
7838305539
8400084555
8857835611
9579845424
9960133124
7276040186
9168558073
9422124984
8983534748
8080515897
8669996757
9881488361
8378988844
9217177027
7768848896
9693120120
7020752751
8007858173
7038645562
9511738613
7045725232
8007065678
7756901896
8010453185
9168006545
9595270567
7219529687
9158827255
7219861662
7126900076
7720888000
7875433456
9890904992
9370174505
9822176677
8080322739
9970035799
8793121093
8830783897
9307236932
9137812800
9422123623
9902539690
9423106909
9730602336
9158001447
9561742247
9404056955
9423022709
8888882306
8237030118
9421920925
9422123831
8087617700
9673098786
9503270884
8657161300
8668461780
8308782525
9096850547
8149897959
9822741176
9850327869
9860601428
9822579770
7073016750
8208413258
9422803613
9021590009
8552811537
7020394959
7719939011
9822462968
7972318178
9423969140
7385967573
8645628278
8275829192
9096891111
7666852284
8430101013
9096871111
8888330047
9689772825
9765499969
8888849829
7038474339
7744961561
9823151404
9766016126
9975074715
9372426066
9834564233
8668963532
7030505083
9850005888
9423454160
8600888664
7887878001
8999585600
8552997277
9322889810
7057406021
9503357595
8669966815
8484052227
8888611146
6006239741
9405160280
9766608031
9518980899
9325601160
8983101966
8411040973
7709627803
7875867378
2532500301
9730789353
9325592244
2532504471
9422250028
8055520299
7770081477
9850574862
9860491833
2532360704
9545008333
9604944455
7517499670
8888881780
7620597620
9403483867
2532505238
9373913477
9850083587
2532462655
9763526670
9371550543
8390532586
9860282465
9921171174
8208915389
8123002400
7972949091
2532505351
9822650775
9423968828
8007312212
8888194264
8087679753
9764614344
9172013594
9665580025
9356404645
7666460939
9960379737
8698656121
9403554648
9552388887
8668243717
9923000097
9858717770
7020777418
9082916891
7720889767
9561079859
7083570743
7666638713
8898888778
7738617711
7039782051
7715080738
9820512010
8035469502
9137467674
8879884111
9922433116
9324355652
8082321673
7977772471
8976257333
8795200400
7738064448
7428190258
7400320059
8108645591
8108837503
8286633605
7045052435
2269315152
9594734991
7666244255
9930037946
9324106867
8422869937
9930310821
9892711228
9833184019
8169457486
9967888222
8767870267
7068378890
9664704733
8879695380
8928495833
9920100308
9702223554
8655886584
9867628892
9224366773
8779161415
9820073524
9821152226
9769782118
7770082228
9570164215
8425841011
9819963279
9920517696
8318325709
7400400745
8652366180
7506863602
9403893082
9324451024
8779088815
9920209805
9004900100
9819811918
7414947745
9920117111
7900152844
7033320888
7208227408
2512971937
9320249777
7021658686
9420736424
8080786228
8169842868
8454022133
9920332938
9892950297
9920641115
9930880775
8828389847
8928304003
9833417696
9833404907
9969606224
9594424784
8097732808
9819031179
9833263344
8097424552
8779498819
9821370831
9004919005
9619409696
8793660780
8433797777
9768786259
9967950329
2249696569
8591281560
8850458452
8291981930
9226024212
9769788777
2227580396
9859869191
8070707555
8655353999
8291981933
8691934239
9822852100
9768897685
7700969668
9820322204
9664276666
8169827257
9167242008
9975763058
8898983046
8657187699
8779948583
7506093886
9820154251
8879809090
9004888063
9321314143
7304224157
8104559295
8692861642
8898237223
9326395635
8976886563
9324422055
9892060787
8237993745
9004870040
9987369216
9323072227
8898616460
9607695335
9702738068
7700045554
2265115168
9920095900
8888808255
7972374216
7350338883
9604309579
8446687346
7028509434
9112671973
8208568526
9970070345
8888132714
8459568220
7796969797
8037907744
9168888746
8037907745
9145000860
9888811875
9930804438
9702475550
8433599647
9773888868
7786835817
9320025541
7304357282
7506214442
9821088752
8828824067
7710954999
9967257442
9004103812
7428489190
9967040456
7738466566
9892248751
8433840699
9737357117
9892111215
9664444713
7039002758
9987791770
9970558291
8369581184
9870723205
9172054736
9892784870
9167676133
9372809785
8055198654
7774974297
8048039651
9923357176
9967775234
8097472277
7406300700
7358887923
9763044133
2241115900
9130307464
9821834226
9869057837
9820320432
9222223532
9930930770
8448440693
8080190190
8585857376
7715815386
2249740525
9321238899
8356837990
9969687155
9559992958
8108475297
9604000313
9820717002
7400424251
8976726540
8806900600
8082613987
9323242347
7400405603
9145555558
9820181732
8108532410
9702554622
8369699600
8097909080
9981989628
7667519674
8494933333
2248015630
9920013805
6307058350
9323848485
7208861646
9137596708
1205244331
8828949292
9699893999
7726987570
9167541566
9819909093
9223500641
9167883971
8454942977
7208864424
9619449990
9665279001
9920271909
9922733065
9324141454
7045111939
8422093617
9136467798
8591974785
9819173739
9004716216
8976387589
7777083031
9152421999
9324976280
9920106060
9326488945
9619007177
8433649084
8976741188
8655544545
9892146333
2512522137
8169505338
8828289356
9768866395
8689858179
8591919607
9867884384
9920948825
8828700563
9920854169
9324397420
9767752148
9136231881
9167199555
9717767143
9623430196
9920188726
8779202049
9137771859
9717781139
9833535350
9667170596
9136046337
9594861313
7795826871
9920270021
8999775615
7718938401
7770004516
9833584646
7400401963
9324653312
9702211146
9987092398
9372319339
8591593979
8097089506
8779970371
7718830096
9821046245
9967726180
9769661551
8898383565
9930344111
9664295646
8652200205
9867867155
7777072788
8169150500
9930659838
9769781514
7666545760
9867408222
9820023301
8451934299
9594955018
9022176781
8656927370
8169437342
9004762255
9821233513
9930152303
9773416976
9920600310
9323127788
9820050706
9821710391
9821313287
9224658353
8097802341
9967057714
9619850790
9870013668
9867674847
7666673564
7208133110
8046040441
9323410551
8828141826
9892696980
7718820188
9221786797
9967457198
8369497873
7506393366
9594223336
7400239836
9821313600
9820133041
2227541195
8898982482
9324214742
9821473531
9004760967
9867988882
9004133786
9967997989
4030006999
8002103311
9819913908
8898591948
9987908075
7666666611
9699293961
8898454111
9819866142
9022328752
9987620584
7303030455
7304606087
8286000444
8879249406
8767613786
9004466737
9869181555
9029494062
9140367185
9820733103
9819298145
8080487142
7977123688
7889184704
7400459904
9029291221
9823616678
9819072909
9867788621
7977290704
2225252632
8928558270
9867409314
9167484748
8108660198
9109600390
9322666994
2522662100
8828279058
9819722567
9867747711
9930054008
7304553303
9821237947
9321043303
9820933179
9323034443
8169869470
9821164643
9076103969
8591894170
9870286336
9594942344
8693065000
2222630503
9819214559
9769768274
9821535561
8369464630
6361157480
7506120213
7972634757
8850703364
2269098888
8928304001
9152030433
9867499835
9022221010
9930303044
2222753000
2224453355
9082597095
9870632786
9892998863
8851545422
7304234569
2223513451
9820061193
7571896019
9833791169
9320232827
8048047895
2224965840
9619674320
9016557502
9987131560
9867355754
8108301833
8601559041
9664442772
8879934104
8591084174
8850228402
7039742859
9769531112
9987655241
7506147463
8087176504
9324645771
9322826219
9224491710
9892142952
9920307766
9167418473
9167308070
9819044957
9322110555
9326990050
9167400444
2235628091
9082844856
7710079683
9819550916
9892441025
9022470007
9820720122
9769999221
9820251152
7385366784
9702837161
9819087926
9224448349
7977300660
9820378713
7977499227
9820617777
9221602402
9167036919
9867467606
9821235370
8424966499
9920309680
9969669022
9372631293
9699346689
8050003493
9819253350
7718881184
9819820211
8452848551
9211729505
9870046245
9819914865
8050003543
9594512551
8130054926
7042213037
9892070597
9717768903
8095799880
7400143271
9289752888
8655805815
9819156402
8850204447
9769691180
9323493599
8484862660
9890149911
9175965421
7276070390
8149235933
7796891122
7057292111
9011089475
9325603825
8237182150
9822339730
8669660999
7888007966
9923313343
9823548387
9607535335
8408816220
7588727328
7040620617
7276927142
8237881318
9730183381
8329726551
9763457418
8446477402
8045134117
9112220201
8208566895
9921230513
9673987492
9764585658
9850856754
9579850368
7875613907
9552499551
9960651581
8698858080
7428067500
9325558888
9881640612
9172711192
7038383171
9028181168
9145057712
9156324412
7755991046
9552000499
9702963693
8975092507
8208937681
7774930678
9112135471
9028048637
7798001238
2312668499
9595073807
8856996668
9404411899
8625920237
9421189767
9158482525
2224158813
7977064766
2240161604
2240397474
8082081634
2225203161
2223513095
2224175762
8108959001
9820071609
2223735589
8779888139
9136208008
2222073800
9820216205
2269584400
2223635551
2222071120
2222021924
9821014966
2230263000
2223732619
9594864924
9833378365
7700004818
9987244009
6295914655
9004083336
9833389905
8424846281
9167027128
9167767007
8779283370
8828491301
8169006262
9819943028
9699849049
8077005971
7208191293
9833237311
9819336830
9324614945
7666056664
9930425581
8097751006
9152027610
9821950986
8169095108
9867533397
6203733485
8108294457
9967867526
9870078427
7231000100
9782760143
9833307353
9967673240
8655596599
2226131336
9321772395
9821045228
9769065077
9821040982
8767172144
9820596824
9773414229
9323997296
9820136251
9322264398
8498891117
9930428428
9699569399
8929200592
7977399307
9819117916
9323573032
9322250401
9223385570
9820360842
9172678652
9702101470
9377539456
9820525505
9892702393
9869519115
8071265676
8286634512
9867935188
9892228597
2261033456
7900189568
8108240143
9833344891
9820630210
2240657777
9022535256
9819440110
9324416933
7021424960
2223860024
8169152820
7020385756
8850211967
6361208911
8972721177
9606260786
7276016970
9552508803
9382806437
9119401040
9545598989
9117379117
9890917978
9423232929
8983091624
8708901623
9422004718
9766366633
9822644069
7498015085
8237553044
9822329531
9767150808
9623117889
9763105874
9595264988
9850050870
8485893112
9209302116
8421999889
7774957001
8208800645
9970674040
7066229745
9730936404
9325306349
8668380271
6280710133
9860105105
8999625783
9145589090
8421925078
9021656570
9762499631
7350639990
8007777514
8390616972
8408985733
9158562238
9423561920
7620930565
9423910440
9923599327
9028560543
7709396733
8857810687
8779372442
9167872092
8779920684
8046049932
9869941607
9987328070
9869563115
9768434996
9324623558
9137722669
2266100313
8655275378
9820759995
9867909355
8286362529
2223647007
2226856586
7738004023
9137319360
9869006137
9969475770
9821127058
9022031399
2266103386
9867832299
8108662281
9833365945
9987257882
9892673603
9819883990
9821774241
7738030777
9870677200
9930838584
9892967812
8180078800
9967221580
7506767067
9820510178
9224202452
8879900786
9892035513
9029458229
9702142252
9393161504
8850883117
6396727263
7506257978
7506268401
9920049563
8888551180
9860103232
9822456775
9762625522
9082826775
9011117032
9552501635
9657869369
9604043346
8623964278
9767423999
2026335677
9730604821
7507293949
9545132095
7337383767
2041217556
9657031116
8069028725
2066451900
8888262800
7719067761
8411050203
9922191183
2025507660
9767033922
9960835664
9881563207
9850427229
9422019205
9921007002
9829372485
9175227065
2067430104
9921166823
9552739750
9689331157
9765499693
9850707007
9284326145
9890696765
9850904832
9742602532
8049670521
9076298678
9102826656
7400154815
9820910718
9757072787
7738542591
9820442355
9527331665
9427794261
9022993327
9859857100
2266922840
8433730625
8691038425
9529401672
2267896789
2249709191
2225195000
9819971604
8169424289
7262989962
9820687474
9821111013
9892919526
9702224913
9220431900
9819756420
7977781046
9023861707
7738203040
8080081951
7738584859
9820567583
9892154069
9930155011
7718930751
9920993499
9833363571
8037266780
9867675505
2249670634
9840086688
9821231023
2223850000
2266394326
9820038502
8369330701
2225829999
8001806003
2223468133
8001028868
9819570741
8454924525
2267692500
7977211718
8850896584
8047759138
8433843309
9137209672
8881100600
7021508536
9757477779
9082623246
7710959944
9326057887
9892524200
7844000555
8291315539
9372114520
7052079000
9152982760
2225477576
2261701512
7506290808
9930956779
9967280989
9867287823
9004966884
9833164601
9004066884
8779327920
9545265505
9321820939
7666913118
9967149819
9987043395
8433830656
7506677407
9820503453
9167336163
9321463064
7506960994
9340174154
8850696940
7021549590
7021565119
9004968655
7021784150
9892654025
9987775884
9867056522
9987201044
8976957676
9321415808
7304715575
9769521525
9920099811
9372065085
9823372613
2063109000
2065295822
9665412771
8805455055
8605151506
8830974061
9923822023
9762681055
8149112233
8857862699
9004263666
9730578608
8758001646
9422508778
9175942862
9822860005
9881409065
8856947020
9823051043
9823401777
8149021922
9595220220
8055604500
8484010900
8669864632
9730001119
8600827777
8855955554
9175448995
9822947249
8087715247
9422022475
8975401984
9422002960
9850500659
9331299900
9921396479
9922052060
9325779947
8483000106
9371236553
8956426901
9561855511
9860401572
9960895786
9850648976
9158118822
2024482903
9503411227
9921541414
8291145552
8104434593
7045807522
9920618666
9967199515
7738851022
7738801610
8657997757
9167174698
9867489618
7039121272
9821544633
9967317996
9152850950
8879576313
9324645161
9594847929
2225407867
8286331111
8928304010
9930004929
8850139198
9869566245
8591784218
7304454574
7977137774
9321243399
9146074628
7039404949
9769555496
9321603732
9619984270
9653147612
9672002961
9833517967
8668736723
9522446622
7045797282
9351876730
8904843344
8879001999
8767495004
8591999981
7506547323
9702607363
7900194095
7304516568
9082960866
9769664830
9167580999
7620030988
8459752914
9823348182
9423246642
2024533928
9422050002
9075409197
7000429988
2067215499
9623719656
8237650551
8999493180
2024467302
2029910248
2029979999
9145404242
9975633381
9850271425
8237828292
7720047594
8087577004
8237027007
9049942928
9763713183
9657034586
7804878787
9822384937
9822218256
2224306717
8010556717
9881029494
9975439090
7249687181
8329261129
9665652565
9075000030
2026631624
8668857478
9823296928
8446198465
7709143943
9860593128
9823821878
8698751122
8329425078
9730788788
9055079555
7620764718
7038301805
7798283008
9823187719
8208238751
9561477700
7972167638
8459325222
9860738720
9028769372
8318969595
9075756986
8793934430
9922141102
9158340909
8042783607
8046075669
8048614844
8550995556
2026455015
9850655984
8080363744
9130059555
7798980257
9850904760
8446703660
8830066045
7498532110
9158715581
9011945999
8042754832
9623399518
9960329939
9049363121
7757081062
9371031776
8888843560
9822287529
9284011983
9975670067
8446360361
9860064133
8003735528
8208508022
7387663324
9422017004
9822401672
9022201085
9690495862
8856081224
9822055447
9822642260
8080997887
9990097666
8888953918
9552299555
7433959000
8788501083
9823866191
8407973549
8530753148
7798446244
8007611971
8087660663
9326529631
9595655107
9713883265
8237895558
8048600082
9960585781
8600888337
7385762204
9373102180
9588637714
8806288886
7972967145
9370605725
8850916053
8805834345
9860194069
8412850833
8657870630
9307008607
8625055537
9096278540
9765102908
7709884098
7972854501
7620201076
9175407976
7276459678
7887341100
8799806190
8899660055
9890603230
9356542756
8328053067
9975739979
8669124764
8600251586
9130259203
9673614281
8975246500
8698858420
9371951958
8796374627
9922350096
9763613182
8055090416
9881542079
7507733172
9119537982
9881383190
9049689930
9028908244
9960250786
8858509585
9673048786
8446627527
8329194026
7447311852
9623472560
7020063551
9890935362
9922144523
9822172746
8042757196
8048073325
9923748616
9156000450
9673795082
7798330202
9545454768
8600594615
9765895802
8605872564
9373454537
9373795226
9685745757
8888810553
9890014514
8657426989
9822199689
8669986609
2027295559
2024267009
8446602777
7757947170
8308300803
9850055605
2025650055
9049211158
9890329757
8446140252
9923477177
7020038733
9764672879
8065489949
9552205916
9175303793
9921916892
7757817916
9070004242
9850860849
9767268999
9922075513
8329671271
2024228511
8308807214
9850069227
9823795757
9075754000
2024372672
9822512968
9823586175
9766193242
9922439617
9373725524
9921183235
9766493040
9822477479
9673472626
8668775005
9923073303
8625952584
8048602961
9970944340
9922011033
9075008955
9156882844
9673131333
9011051825
8308817196
9559969928
9765555559
8999251967
9503008962
9960425010
7076775050
9091213030
9607980092
9552211222
8554016084
9881770077
7507128235
2266910051
8082097777
8048067352
9881602006
9892010773
9158882514
7304047007
9284877149
7447475235
7907192866
8999637883
9422823022
8007654300
8087747111
7447424555
8669292066
8069028738
2536644500
9356412002
8446075920
7887315157
9011198765
9881240659
9096474539
7666215463
7745829653
7722015994
9405768388
8956036930
8446858535
8956036928
9422353202
8788977588
8380853777
9730945290
2532414050
8421190669
9822609232
8983710056
8001022343
9850422061
9923745244
7028300585
7066942207
8956006000
7972797618
9423175919
9028434111
7796861692
9850256010
9404686750
9893397880
9011311200
9075928125
9673799000
8149130815
9372466066
7020222513
8048706089
8208804078
9371910364
9607735566
9011133232
9075002535
9112324308
8308280852
9265191402
9766934192
2026352909
9172770574
2024574281
8308819982
9422059095
9890006114
9619395795
9226224003
9028733571
9175178932
9822700068
7768085454
8007488008
8446646655
9689489141
9657965747
9881136565
9923610008
9822115505
9822977877
9960493131
9923865252
9921182895
9840322533
9011041414
9173915559
9970049744
9762303565
8048059241
9422004487
9920444881
9833571506
8669666296
9960694194
8087705072
9860262979
9657510055
9860623399
9130000405
9011735490
8390889005
7387400007
2532352520
8928304253
8657099172
9175013991
9637414362
7020174812
7775059111
9892688885
7057377821
8830428202
9403623391
8956530916
8888644588
8668617599
7083692459
9325931300
9021173033
9890684082
9922339694
2532502357
9822965427
8421382122
7028361199
9226587943
8329388663
8482816555
9096425590
7972502264
9421290675
7972634182
9922258112
9561166186
8530368669
8379959892
9370238705
8983740605
8796372979
9049808181
9423830994
9881833557
7385465206
9561383803
9604085629
7066287688
8888840431
9623453922
7277331111
9823132924
8888872092
9922949124
9820047808
9404423235
9370714144
9850994601
7350818283
9767697244
7757042642
2041350000
9922974848
9850051490
9921442200
9822039700
9850838466
2026349960
9422016220
9028177552
7066028114
9850011367
9029129180
7977104448
8850671139
8929770908
9821074653
2249719996
8828149613
8976613221
9322505040
8017033321
9307573958
9819509127
8928634903
9769856218
7208212745
9776167655
9193106653
8591369932
7283008300
9699424764
9930408872
9702583124
9004667374
9222165886
9987364918
9619039612
2235983916
9769763948
9820880021
2225409950
8453900800
2225381934
8605602221
8793802449
9637910111
9559106937
8657703375
9769769834
9322204293
9005493711
8104868543
8369755592
9892025622
9821689894
9702377341
9769011395
9702650014
8237979874
9082228439
9967555026
9324488517
8071499671
8828444461
9967276050
9326084508
9828306999
9819055981
9769894563
8080010534
9867160295
8828282000
9892845999
9821151466
9009456891
9819542516
9619039159
9653399474
9152310591
7744004620
8779384556
8898869038
9920612114
7738926220
9322254515
9819142308
7860171084
9429855551
9561556875
7400445911
9930232369
2269719830
8070567143
7977185253
9773991331
7738541986
9423448883
7276482622
7744939373
8291891155
9619192380
2242444244
8898804049
7007791272
8291345172
7506752805
9769474950
7991667768
2225415573
9224019372
8355834455
9820118252
9820298229
7738676732
8169711018
9820503333
8080884413
8657350504
9324547227
9323645050
9967801814
9833305522
9867233519
9819632055
9967777334
9819117732
9833557388
9820117873
9821033830
9619799333
9172462829
7506158883
9323334321
8652135006
7506897949
7977248834
9224110169
9324349971
9892244253
9324953711
9321861930
9930365501
9773455749
7715005963
7860205012
8080231312
7738381415
8591073332
9819833935
8108135148
9769801903
9226282608
8208058838
9309256381
9096523333
7875401600
8956699753
9158456456
7264070599
8446329048
9769756991
9423149224
9970383940
8855002190
7507502536
9923808083
8956028855
7776910866
8055272027
9850762934
9860911108
8237114754
7507604750
8149683603
7020272442
9689717940
9527005777
8888978975
9503555516
9021041283
7721027574
8208522314
9766486055
7410144540
9595347557
7677252525
8888634624
7066787980
9175013208
8055125512
9119573011
7391016635
8788279728
9420263552
9766630777
9422210888
7558254393
9545929667
8668916558
9923334444
8055797683
9022274070
8048966589
8355926106
8369481614
9768357117
9820492223
8779267414
9112062650
9458444444
9920644030
9833734655
7609007878
9892829265
9819442560
9819606420
9820133564
9892401226
2225822038
9721368670
8655524290
9894912644
8424844070
7304454598
9892587707
8655589422
9819735002
7666788428
9665732886
7972089026
9423131069
8329810138
9595959953
9619982389
9307520220
9962677721
9975078557
9075591595
8007773140
9922759995
9096326322
9270136797
7620255193
9325688865
7887786513
9823688416
9370520428
9518940186
9172711115
9175928039
7559143227
8888823415
8767273359
7122542726
7020487773
8046036256
7249628203
7057940258
9373276278
9561066600
7030103210
8007999625
9422808838
9767246149
9561844251
8238003657
9881997603
8010577859
9834052745
9372616693
7104237998
9752047121
9913431286
9011965845
9370635116
8668315081
7020004828
7030265266
9028570555
7387777686
9860559361
9595006500
7769011602
8983706372
7248989263
7028441582
7219131314
9209138678
9301000197
9730377778
8007250001
7020847983
8379033893
9960144909
9423120452
7507779177
8010748259
9370356983
9860586942
8380070382
9923182690
9021915886
9923521521
7122520384
7775946204
8055219446
9823578726
7122766143
1146044604
8329915784
9552939357
7702499397
9822722717
9422134464
7720022225
9131216328
9823528715
8602537022
9923191181
8830206434
8888803466
7122522605
8788089055
7020773291
8071820282
7066601385
8788084843
7122532123
9960584683
8002100004
8237672267
9561067716
7122549862
9960695215
7122424529
9970316177
9156122223
8390718718
9823850863
9730378959
7122224630
8208962435
9822232309
8071499743
9372232333
9370045930
9371347964
7057442383
6283353101
7380395626
7028650016
9834118432
7875708410
9545383260
8378991511
9834069861
8821951020
9403049106
8668409430
8237679877
9767152240
9373800800
2402488909
9028683144
7720959595
9823117663
8888745448
8976076895
8976073696
8484982868
9503565265
8655802707
9168415551
8999931123
7942727314
8181868691
9021471845
8055555135
9130267073
2402346977
9004679355
9823145217
9975866681
7757844992
7264942424
7745099958
9850167144
9881901386
9783373355
9970280551
9372757979
2312625174
9850839839
9922565699
9145708350
9822044843
7021570318
9860781514
9028446319
7620084783
7887875900
8237747474
9423860496
9607767879
8180805264
9765110790
9960604386
9766495664
9373103399
8071681867
2612515251
8071683825
9922731378
9970185296
8071683548
8071499652
8071683199
7385955990
8071683807
8446497541
8048052670
7709500149
9168286328
9370804396
9881469039
7489648051
8830672821
9175298247
9527560046
8055877766
9860856744
8208999463
9021075942
7507779355
9890916419
7276839237
8055768127
9834578348
8421915856
8928080406
7447710020
8668215938
9881147000
9834236097
9822234522
7122729870
9421708310
8062915569
9372766611
9923334334
9175333340
7385442853
7821870710
8830194360
8239745399
9890629959
9156658366
9970629190
8644996161
9850363766
9022347974
9860685091
9623700600
8788192975
9209902020
7410098001
2312531333
7517779500
8087078005
7709423145
7822908887
9096883303
2312527621
7066022789
8545854509
9921191221
9561006555
7030173317
9309403436
9730278288
9423044273
9421200555
9890938532
8308882226
9637522414
9823205305
9922921331
8329386616
9890609454
9822558991
7776002727
8830605185
9420351798
7387966955
8830385571
9421283384
9420212242
8007767888
7888093699
9158584884
9325274210
9975855109
9049420515
8080288652
9075080580
9922230929
9021236827
9021151782
9370339498
9595989539
9834799289
9766666889
9834764656
9422105480
9422104872
8669032188
9284237449
9588627217
9860154456
7147737475
9371733301
9595219448
7020621866
9405307545
9326128515
9699445724
9765344411
7122766466
9172190005
9372113230
8600179219
8048034078
9407077777
8107852824
6375331689
9960207555
9766685500
8007068711
9422109347
9960872486
7745886520
9075353598
9561948272
7385076454
9833496295
8855823512
6389214461
9158703860
7517334797
9284507770
9322754545
7304904798
8208350990
7999891232
7410050170
7067333313
8793331883
9403362446
7020488884
8208197986
9850571375
9697987541
9850244837
9921127786
8624981311
8048053737
8888330011
8033015584
9822240543
8446407472
9503168318
7350009532
7887519255
7218118055
9657017691
9970835547
9273352095
9225582808
9763119955
8048037859
9822220144
7276265888
9322797950
9822203343
8767046634
8045135640
9823376774
7709466568
9325514500
9923540611
9420083782
9423108740
9372132666
8007972325
9766964453
7122763503
7122742646
9326425960
7124013745
7028442999
9960715016
7768936003
8830219839
9730958112
9769989966
9326937631
9890916906
9970285253
9175678884
9823173376
9370163749
9595444036
9049801302
7720914040
9067118800
7507952532
7776815653
8007711339
9049333566
9834024465
9858994049
9850855718
9923365525
8888269681
7030535563
9370375433
8421707300
9373778806
8806551433
8048074571
8048073393
8551856662
9763155240
9028580012
7776825895
9922478442
7778880166
9822106924
9370198876
9021495539
8668891949
9890026077
7276097979
8055526665
9373210496
9604440191
9040224789
7972058422
8805989879
8080408390
9370073019
9981918113
8888882984
9109101996
8033751028
9561067740
8770146798
9860174117
8655613764
9766099287
9503374141
8103831187
8888889901
8888318470
8600000016
9372823685
8956741515
9403751771
2532344283
9172679289
9372022224
9022443962
9822222662
9370443513
9860074990
8830031479
9325222532
7378697756
9975401402
9372925159
9028017311
9175931775
7122641659
9040905656
9326267577
8080925380
9325552020
8806690011
7057237037
9860801229
8767804346
9923020063
7122760894
8888242222
9545488951
9923665786
9822224363
8049189135
9595804409
9823850318
8888839594
9960014900
8600995957
9822223331
8291063276
9730644664
7620986333
7122761585
9158207911
9373303982
9372737417
8600449268
9823166222
8390812077
8308346031
7798851673
9822526065
9890003215
2172742692
7410590953
2332305479
9923030220
2172628800
7249664983
8888349391
9049096293
8411000112
7499386667
8483039561
9922972635
8149821911
8768001777
7666385669
9820915165
9595417999
2172620134
9420213333
8055364052
9422370999
9730442523
9404053690
7020290499
9158350507
9923952378
9271949593
9881533434
9028307048
8956366060
7770003166
9168440909
9767971345
9146745001
9421041162
2172603666
9403183040
7020876185
8999143016
7264935098
9130350886
9226352635
9028797489
8788493248
8149677698
7972524260
8275207687
9822450713
9970978899
7304444379
7770007803
9545662233
8048037661
2532396040
6393797489
9764123977
9423271738
8379093005
9421242435
9890139817
2334065821
7259437878
9405334077
7972289879
9923367778
8329487563
7744040351
7078911711
8856906705
7218680170
8668856221
8329350570
8149508813
9022788214
7588055555
9096001867
8390861108
9850122441
8766518166
9890080757
9373731008
8080727272
9552511155
7666085460
9604246000
8956022424
9403230459
9226263815
9095739573
2332227860
9049511613
7775054948
8976077299
8080682126
8796175828
9559558001
7410712292
9867291573
9870532985
9730512340
9860170362
9890583533
8806322282
8856965112
9561274313
7507870587
8237147836
2532513159
9175157971
9665442457
8275404723
2532507862
2532514007
7758808794
9422245103
8668248207
8669048274
8550994358
8867684547
9822241114
9422245251
7947469513
9823997712
9260660627
7720094660
9822721141
2532970584
7620000786
9545532391
9422244282
9503307777
7774083599
7559442007
9850178905
8208086371
9850404898
9699176214
9604894883
9140933027
9373315115
9890060125
9881600264
8605120803
8805724578
9370210676
8484844709
7385744561
8071681551
8806055653
9822660008
8071683724
8071499578
9665580234
8071963988
8047947049
7083206769
7046285935
2532381428
2532350760
8600004173
8530872832
9673315139
9607822449
8793349342
9503330691
8888680989
9822118831
8888540773
8208036660
9158283545
9351408174
7860244123
7875148035
9823097867
8999424382
9373901352
9607453786
9607350451
8551939223
8180905337
8070143786
9960010572
9881626554
7020140741
9699283920
9225125618
9422755539
9637059666
9890934890
9325886292
9521219313
9404709910
8421479687
9422251430
2536416279
7722044554
8047759153
9503390270
9158138240
9922911706
9011951083
9922141515
9422264947
9595606195
9822042659
9822034086
8888875566
2532232429
8484844730
9422943580
9822414054
9976565209
9839283003
8668701401
9158808999
9172356655
9823124548
9146619029
7039130384
7499117619
7972690794
9158367359
9028926783
9518583489
8668821876
8605306835
9284776772
8149929247
9960877738
9226165786
7020600950
8047136409
9689329225
7020165898
9923722555
9421464362
8888710727
9422230248
9892445287
8237085143
9422247703
9422293500
9422248184
7666824097
7875899991
9922500565
8793361070
7770001155
9373607108
9325916266
8043857989
9371301566
9890930336
8459393636
9922253331
9373645232
8668671957
9370838363
7066682016
7507516111
9922347555
9823026133
7378533502
8551908029
9823075558
9673934840
7744892763
9823032329
9209190081
9422251588
9423962514
9850671558
7798664741
9373781979
2532382883
9822666453
9881061399
7796325551
9766456784
9225110557
9763227777
9321609487
8888078608
8879147813
9373623105
9604425949
9049400725
9619740918
9422259980
7720090603
9422183877
7083231631
9665125476
9930263342
8421869773
7028040667
7843008495
9545265009
9545257995
8007981693
8062915773
9970610073
9823334457
8037537841
9595650500
9762232653
9421683738
9923461909
9921151948
9422708477
9379991111
9823027791
9619938811
9890388991
9167204062
8007772975
9860237655
9028292143
7796847777
9119502043
9657603666
2402993456
9881713839
9822295180
2402653238
9158792332
8037838288
9326204205
9975340975
7387785267
9923009367
9545631717
1169311937
7262842000
7030951664
8329265869
9765595333
8657474746
9326171177
9850274088
9326577155
8177883467
9022457250
7304130101
9867976495
9867426238
7972303034
7249080869
7770911129
9404077185
9860600863
9637212233
9595199633
9689249891
8237110777
9823036275
9356427462
8793333669
9834509006
9082668795
9076232121
9967501301
7400231650
9029411736
7262848194
9664340882
9967440719
9326754197
9890060429
9689682424
9146823422
7030967007
9970564915
9689615359
8668836145
9595818147
7021450434
9623666644
9130410750
7304317243
7719927927
9096450598
7798885834
7275756262
9850052810
9766571396
9112130988
8007111171
7020670751
9325067229
9527104406
9422202027
9823226550
9422210021
9623380755
9764651777
9923230616
9763537777
9930680656
9594931121
7715983083
9870063958
7700050050
8002022022
9987271696
9664333187
9594900614
9820950235
9867649419
9421689294
9850893445
9823047334
8999224760
9767869029
9422211653
8007079807
9960631333
7744868424
9511949299
9850706304
8828985012
9322484848
9284668331
9960776955
7498868082
8956927016
9359918908
8261924664
9320055309
6386974748
9321284121
9699265423
9226173100
9860969704
9921088886
9970933042
7666080728
9975346840
9011004455
9822753460
9923952333
9822004686
2402321035
9923231499
9004500657
7725064078
9718199777
8108400599
9821233983
7208247908
9860019111
9820340930
2233077000
8286570001
8879236479
2240667000
9325997545
9421907332
7030240612
9403753509
9762213212
9764057580
9890471115
2402355180
8149899100
9604457735
8888534955
9145506020
7821099940
9850309746
8390630816
9422391792
8888596521
7942877899
8308412437
8960767720
9890322223
9321318704
8767921758
7775959251
2262534668
8888127708
9960136168
9867650000
9977116055
9552084097
9867797558
8668921348
8975555745
7030311515
9420466999
7058854554
9850513968
7758811100
2162235235
9823627475
8788842889
8788055979
7558516920
9028028403
9822275001
9156494479
9579139207
8800226864
8007016006
8475997599
9049042200
9764416831
8999408086
9145237575
9518339460
9766101102
9923849489
9850818186
9766413165
9322916322
9266385499
9028850373
9112313142
8390446644
7498372277
9657466775
9172997500
7741052053
9850394187
9309591383
7743940651
7020925005
7507353467
9890579006
9284675078
7774088106
8433555118
9359315554
9975135384
9890633730
9820096311
9130866866
2269711234
9619132107
7983755157
9820105579
8035469530
9819872424
8850022780
8425062098
2512366916
2512301904
7718003880
9224884675
2233578199
9823320002
9561297071
8010545231
9623130345
9881352791
9665092301
8600697967
8390000126
8657960452
7066054154
9004340673
9527132759
9881470513
8010858702
9672132022
8856060711
8421286122
9323477709
8830391032
9119449151
9552912121
9823522732
9890419354
7030155024
7758008538
9309817722
9850632449
9850261941
8862015626
9881374130
8275217430
8767048184
8286871896
8065488305
9130035069
9158453777
8380006383
9423027627
7350260733
9822546643
9860230808
9326035252
9422712732
2402330115
9822295660
9604420782
8446884143
9225931181
8010762627
9823079595
8796525076
7020230903
7385865026
8888948940
9356770175
7666676528
9284127236
7875369668
9764768981
9860437418
9850064049
9890121799
9664456168
9920883398
9819304041
9226844064
9323257149
9987674447
2266798100
2522663800
2512230304
7021659675
8830448664
9834906140
9975645522
9270042973
8591749740
9518785757
8149577610
7719862980
8037907835
9307994830
8007930077
9168989345
9130091277
7507509750
9823235860
9373990349
8879196776
9960093030
7020135113
9175776675
9273505303
9860420851
8208454662
9423175883
9975519130
9421716286
7030070820
8830484328
9146332909
6366437961
7184252386
7588767528
8037908066
8149003177
8037394902
8380037380
9156767956
8071406562
8149225521
8796080228
9921100075
9921770747
9860063214
2462250465
8329328083
8605116032
8830447209
2462226534
9860248353
9975471335
7350473392
8855971155
9011263710
8767929211
8999779151
9764677123
7972725794
8368526377
9890456778
8446912646
7506028904
8605006001
9699727298
8483836456
9788788788
8828169335
9137517574
8087008087
9156191637
9404055997
9975415395
9423867998
8062914501
9130005010
8956609630
9619861528
2462254444
9975786753
9307342355
8446827077
8888888944
9595096200
7499114369
7798555118
9823243666
9970159609
2462246001
9890234789
9860410617
9423740939
9823417240
8862053690
8308608980
7972480075
9422189014
9423687802
7218187319
9130251368
9511888811
9834209961
9975769719
9021222707
9404660364
7972961438
9118001038
8208501307
9422509912
9421371237
2382351306
9561039944
9403987836
9860046900
8459270080
9420532011
8978503107
9422176701
9420626288
9405766214
7387572472
9764121314
7588018439
9422875614
7058889481
7499688263
7387968974
9922587842
7249500289
7498043468
9021398351
9922310610
7083069252
9923380800
7212663373
8208045106
9405416429
8007800780
9579717404
9130448527
7666800800
9422563669
9923021607
8087664122
8605478051
7066652551
9529096136
9881165320
9371449882
9730758267
8208709858
9021525282
8856060328
9604682144
1145491111
8080334900
9403156161
9226631421
8237361399
9028384098
9623332284
9834872606
8459750168
9960686647
9834438003
7218171121
9405696144
9404799977
9527390505
9096354891
9922998182
9766884406
7030370242
8805577457
8378886959
9820721412
8888100098
8287882878
9021090452
9172406377
9594988447
8855800119
7353900400
8308881112
8329502497
8879404823
8625886727
9028658738
9689597227
9869862000
9096189454
7208019226
8999529719
9370852998
9270276792
2240611234
8055599538
2512990036
9819663300
9561019972
9898808785
8068172526
9665281592
9702161712
8446647760
7709411117
7348888902
8657991257
0030009014
7977290043
9112222904
9226716070
9811038596
7835072641
9702030471
9619131202
9324348840
7835031710
8441010304
9320971392
2227594444
1800113113
9833468251
8983619144
7776079060
9822378633
6612400168
9767028266
9623139999
7888136060
9890191011
8369449783
9136669208
9175142909
8483020228
9422459950
8668568463
2172734580
8888050224
9822152752
7588570122
9423593257
9850050971
9822802612
2172312080
8830431971
2172728004
7770018748
9922687888
9325950454
8380906350
8080016583
9834787838
7249307781
7397869792
2332675888
9359549851
9495843916
9420453175
8484906958
9890798381
9503794255
9766337771
9049173512
7066543434
9422610476
9021727376
9545968222
2332622485
2332376320
9637310211
9372142910
9422411060
8062365426
7756059999
8830257940
8760777711
7397906124
9423348199
9404369371
9923429242
9325411488
8484828273
7875317191
9175056974
9404747589
8660535881
9371735735
9422600787
8007104091
9028444999
8975574486
7620232624
9167999052
7809120912
9860033733
8180934720
8668612329
9422178055
7709807068
9834091368
9821308901
9920616630
8698768073
9421691289
8999718927
7010808834
9322422514
8605967235
9420295595
9834556007
9527822659
9822213419
9422466469
9403406068
9422466659
7385175780
8788264597
9205544072
9970396476
9653683499
8484891838
9860793321
